game,video_id,title,channel_id,channel_title,published_at,description,duration,view_count,like_count,comment_count
Apex Legends,TdD-l-dKMMY,アプデで新たな訓練が追加【APEX LEGENDS】#shorts #apexlegends #apex,UCvvG-GtfMgbrf0CdwPNSGnw,なげっと,2026-06-25T05:54:55Z,アプデで新たな訓練が追加【APEX LEGENDS】#shorts #apexlegends #apex,PT10S,3337,34,1
Apex Legends,nrHJK-9b2KM,They added Ai to Apex legends 😭😭 #shorts,UCpfBDeCBYnCjA8k3bY2JDCw,BigMoGames,2026-06-25T04:05:22Z,,PT30S,851,23,1
Apex Legends,vWBc1hfwrEo,How to 1v5 as VALKYRIE in APEX LEGENDS!,UC8gKWw73m-iACVF6_ncdccA,Sonyx,2026-06-25T04:00:27Z,"This Apex Legends clip shows you how to clutch smart, stay calm under pressure, and play like a pro in ranked AND pubs. Every decision counts, whether its aim, movement, or game sense.

Get 5% OFF the GameSir G7 Pro 8K (PC) controller I use:

Official Website:
Code: SONYX8K
https://bit.ly/SONYX8K

Amazon:
Code: SONYXG8K
https://amzn.to/43yVFu5

Want me to break down YOUR fights like this? Coaching info here 👉 https://discord.gg/Z8E3JrT4Ky

❤️ Use *Creator Code: SONYX* whenever you pick up Apex Coins or a Battle Pass at https://store.ea.com
It’s free to use and goes a long way in supporting future Apex Legends guides.

#ApexLegends #apexlegendsseason29 #sponsoredbyea",PT1M16S,1134,54,1
Apex Legends,Ma1p5W6L2ms,bro was stressin lmao #apex #legends,UCtZH18enp9h8v_sW2FpNJ3A,KrazyClipz99,2026-06-25T03:50:17Z,#CapCut I made this amazing video with CapCut. Open the link to try it out:  capcut.com/tools/desktop-video-editor,PT32S,945,16,9
Apex Legends,BrH_xvSZxx4,Apex legends 1v3 solo clutch #apexlegends #apex #gaming,UCNiaRBTrr6WkIuXxxEQWWVA,UnemployedGaming,2026-06-25T03:06:07Z,,PT29S,492,6,0
Apex Legends,f4Y8490GU5c,スプ１キル集公開しました！【Apex Legends】#shorts #apex #エーペックス,UCiiqpKCs-yf4T1pKebuHv0A,はしもっち,2026-06-25T03:00:30Z,"X
https://x.com/hashimochi_vrc
メンバーシップ
https://www.youtube.com/channel/UCiiqpKCs-yf4T1pKebuHv0A/join
Discord
ID hashimocchi38",PT57S,465,2,0
Apex Legends,cTKq6Z1gQMc,このバグえぐいｗｗｗ【APEX LEGENDS】 #apex #apexlegends #エーペックスレジェンズ,UC5DvsaWSa_Hi4-QjOTv0eTw,じーぷろ【APEX解説】,2026-06-25T03:00:36Z,"コメント・高評価いつもありがとうございます！
現在、横動画＋縦動画を毎日投稿中です🔥
登録者15万人目標で頑張っています！

━━━━━━━━━━━━━━━
🎮 コーチング＆募集サーバ
https://discord.gg/jCvQUDaYZ3
━━━━━━━━━━━━━━━

★活動を応援してくださっているスポンサーをご紹介

【PR】高速＆コスパ最強の光回線
■ GMOとくとくBB光
・シンプルに安い高速光回線
・ゲーム／配信も快適にプレイ可能

▼優待コード（コピペ推奨）
【XQVT】

▼限定サイトはこちら👇
https://px.a8.net/svt/ejp?a8mat=45KI4P+CFPZOY+50+6MF8WY


━━━━━━━━━━━━━━━

【PR】ゲーム友達を探すならこれ
■ オルタナ
・モードやランク、年齢や性別、時間帯や通話の有無など自分に合う相手と1対1でマッチ〜チャット可能
・Apex / VALORANT / モンハン / スプラ / 原神 / マイクラ / 雑談など700種類以上のゲームに対応

📱 iOS / Android 無料

▼ダウンロード👇
https://app.adjust.com/1yiz3ebz

━━━━━━━━━━━━━━━

【PR】コスパ最強イヤホン
■ KZ Axas Gaming IEM
・低価格なのに高音質（足音・銃声◎）
・長時間でも快適なフィット感

▼Amazon👇
https://www.amazon.co.jp/dp/B0GCD93LKR

▼優待コード（コピペ推奨）
C623UOSE
━━━━━━━━━━━━━━━
🎥 Twitch（ソロマス配信）
https://www.twitch.tv/gprodaisuki

💎 メンバーシップ
https://www.youtube.com/channel/UC5DvsaWSa_Hi4-QjOTv0eTw/join

🌐 SNS
X：https://twitter.com/gprodaisuki  
TikTok：https://www.tiktok.com/@gprodaisuki

━━━━━━━━━━━━━━━
#Apex #エーペックス #じーぷろ",PT19S,9048,322,17
Apex Legends,L38zP0Sc5j0,センチネルはショットガン定期【Apex legends】,UCAIK8boWlL8evswDj3GOq3g,Davryu / だぶりゅーch,2026-06-25T03:00:03Z,"この動画良いなと思って頂けたら高評価お願いします。
このチャンネル良いなと思って頂けたらチャンネル登録お願いします。

よければXのフォローもお願いします↓
https://x.com/Reo26589997?t=HPPkS1n6v1bfFP4XTBybnQ&s=09
















#apex #エーペックス #apexlegends #チームデスマッチ #センチネル #sentinels #sniperking #スナイパー #トリックショット #神プレイ #1vs2 #1vs3 #3タテ #rank #ランク #バトロワ #battleroyale #fps #gaming",PT17S,1000,0,1
Apex Legends,H64Kg4gf9iY,Seer vuelve a ser molesto en Apex legends! #apexlegends #gaming #jomacs #apex #mexico #mexicoapex,UCnsF1UXazaKhe-DoMmgkNQg,Jomacs,2026-06-25T00:59:05Z,"Seer vuelve a ser molesto en Apex legends! #apexlegends #gaming #jomacs #apex #mexico #mexicoapex 

🌊Discord de Ranked: https://discord.com/invite/tgX3qRMH9M

🟥Resuelve los Problemas de Lag y alto Ping con Exitlag!🟥
Descuentos de hasta 50% con el codigo "" Jomacs ""
https://www.exitlag.com/refer/10215581

🟠 Tienda oficial de Apex Legends, Codigo "" Jomacs "" Para apoyarme!
https://store.ea.com/apex-legends/es-MX

🔴Hazte Miembro y obten beneficios especiales Aqui: https://www.youtube.com/channel/UCnsF1UXazaKhe-DoMmgkNQg/join

🦕 Mi Nuevo Servidor De Discord: https://discord.com/invite/T9zsWT2ybW

📲 Mis Redes Sociales:
🟪Twitch: https://www.twitch.tv/jomacs
⚫X (Twitter): https://x.com/Jomacs_
💠Facebook: https://www.facebook.com/ElJomacs/
🌟Instagram: https://www.instagram.com/jomacs_/
▶️Tik tok: https://www.tiktok.com/@ljomacs
🟢Kick: https://kick.com/jomacs
🎁Wishlist: https://amzn.to/3STDdaL

🌐Todas mis Redes: https://beacons.ai/jomacs
🤝Mediakit: https://beacons.ai/jomacs/mediakit?origin=lib


📩 Contacto: Jomacsfb@gmail.com

Si llegaste hasta Aquí solo quiero que sepas que gracias por el apoyo y que tengas un excelente día o noche:)",PT56S,2863,283,10
Apex Legends,I7Mwti_Eaxo,Epic Apex Legends moment,UCNqc3cNxVwdYxAbk_fI86nA,ResplendenceFPS,2026-06-25T00:49:08Z,Come Join My Livestream,PT31S,746,1,0
Apex Legends,_3LYwZe_KZg,SOLO Q RANKED CAN’T COME SOONER (Apex Legends),UCd9E7NKwtE3gxzhZOEWsudw,jhallballer,2026-06-25T00:27:18Z,,PT1M48S,1075,69,4
Apex Legends,-J4RUg6sHJk,New Pathfinder Movement ft. Aceu,UCVlhSj1nXYiy4vCQlQWjybw,Extesyy,2026-06-24T23:39:42Z,"Watch this gameplay live on Twitch!!! 🔴: https://www.twitch.tv/extesyy
Extesyy's Discord!!! 🔴  https://discord.gg/cmAEKgxMZc

Follow the Twitter 🐦 https://x.com/Extesyy

🧠Channel Management &  🎬Video Editing by ----⪢ https://twitter.com/AdoLol22
🎨Thumbnail concept by Ado 


Best Controller Movement in Apex Legends
#ApexLegends #Extesyy #apex",PT29M,5958,229,12
Apex Legends,HIkVhEaCAZM,How to 1v3 as VALKYRIE in APEX LEGENDS!,UC8gKWw73m-iACVF6_ncdccA,Sonyx,2026-06-24T22:00:03Z,"This Apex Legends clip shows you how to clutch smart, stay calm under pressure, and play like a pro in ranked AND pubs. Every decision counts, whether its aim, movement, or game sense.

Get 5% OFF the GameSir G7 Pro 8K (PC) controller I use:

Official Website:
Code: SONYX8K
https://bit.ly/SONYX8K

Amazon:
Code: SONYXG8K
https://amzn.to/43yVFu5

Want me to break down YOUR fights like this? Coaching info here 👉 https://discord.gg/Z8E3JrT4Ky

❤️ Use *Creator Code: SONYX* whenever you pick up Apex Coins or a Battle Pass at https://store.ea.com
It’s free to use and goes a long way in supporting future Apex Legends guides.

#ApexLegends #apexlegendsseason29 #sponsoredbyea",PT45S,1105,31,2
Apex Legends,Y49vgpI1GNk,【裏アプデ】フラトラのサイレントパッチがヤバい！  反動が無さ過ぎてレーザービームに！ | Apex Legends,UCY_qQE1SSMciTm6qG4pgkfg,TIE Ru,2026-06-24T22:00:09Z,"🔥TIEとガレリアのコラボPCが発売🔥
【TIE コラボモデル特設ページはこちらから】
https://www.dospara.co.jp/gamepc/tieclan.html?srsltid=AfmBOooUmlU9j3KCenheaB3Tn_wnbsweM0Y3wUdPoZL7czx_pijmK1Gf

►►『Twitter』 -   https://x.com/Poulmt

►►お仕事/タイアップ案件のご連絡はこちらのメールアドレスへ    ru@stear.co.jp

▼スポンサーのご紹介
・GALLERIA　https://galleria.net/
・ドスパラ　https://www.dospara.co.jp/
・Gamee　https://gamee.games/links/jqq6h4

【GALLERRIA】について

さあGALLERRIAとこの時代を駆け抜けろ。
すべての情熱が、いま動き出す。
THE OTHER REAL
踏み出せ、その場所へ

#apexlegends 
#tie_ru",PT10M55S,59964,721,78
Apex Legends,sxNc9bzSz2A,NEW SPLIT! ROAD TO APEX PREDATOR CONTINUES! (APEX LEGENDS),UCDvm7YoLE5r3ZZ6MWyD2vGQ,NICKMERCS,2026-06-24T21:43:30Z,"💥 BECOME A MEMBER OF THE STREAM - https://www.youtube.com/TheRealNICKMERCS/join
💰 DONATE - https://streamelements.com/nickmercs/tip
🤝 BUSINESS INQUIRIES - nickmercs@paradigmsports.com

  🔥 CHANNELS 🔥
🎬 Twitch Live https://www.twitch.tv/nickmercs
🎬 More Nickmercs | https://youtube.com/morenickmercs 

  ▶️  GET CONNECTED ▶️ 
🖥️ Website | https://mfam.gg
📱 TikTok | https://www.tiktok.com/@nickmercs
🐥 Twitter | https://www.Twitter.com/Nickmercs
📸  Instagram |  https://www.Instagram.com/Nickmercs
📩  Discord | https://discord.gg/Nickmercs

💥 Shoutout To Our Partners 💥
1st Phorm | https://1stphorm.sjv.io/MFAM
PowerGPU | https://powergpu.com/
GameSir | https://gamesir.com/MFAM (Use code MFAM for 8% off your order!)
GoatGuns | https://www.goatguns.com/collections/fps-game-models
MyBookie | https://bit.ly/4dzndWd (USE CODE MFAM!)

#Nickmercs #apexlegends",PT8H44M52S,60030,950,4
Apex Legends,CUqVAbatCwk,Apex Legends Wattson And Loba With Wraith Vantage its Do Or Die Ep81,UCd1vcEfEiXpduPVKNzKnpgg,APEX FINIX,2026-06-24T21:34:53Z,"LIKE & SUBSCRIBE IF YOU ENJOYED!

Apex Legends Season 29

Apex Legends Gameplay On PC. Action & Fun

Subscribe To APEX FINIX : https://www.youtube.com/@APEXFINIX


#ApexFinix #Apex #ApexLegendsGameplay #Gaming #ApexBattleRoyale
#ApexLegendsRanked #ApexFpsGameplay #ApexLegendsSeason",PT43S,233,0,0
Apex Legends,pf8Cp-SLwug,Ranked in Apex Legends #apex #apexlegends #gaming,UC9QYtxgdNOO94EiM6DifpMg,AVDtheGoat,2026-06-24T21:34:49Z,,PT1M9S,794,25,4
Apex Legends,dudjLONxEPs,【APEX】#apex legends #apex #エーペックスレジェンズ #エーペックス#shorts  #ランクリーグ,UCK7ZWyuogltgk__tsxb5Bcw,すぬん,2026-06-24T21:25:59Z,,PT30S,1502,5,0
Apex Legends,msZoMLBiyXE,Ya puedo anunciarlo TODO ¡Apex Legends x CYBERPUNK 2077 es REAL! 🔥,UCPFBljFe7PwyohfF5H1ubNg,Raziel JR,2026-06-24T21:25:07Z,"👉¡Ya tenemos codigo de EA! Al comprar tus monedas en apex desde la pagina de EA usalo, te lo agradecería un montón: RAZ
Aquí puedes comprar: https://store.ea.com/apex-legends/es

👉¡El nuevo canal secundario ya esta disponible! ¿Me apoyas con una sub?
https://www.youtube.com/channel/UChZLMJkfIzZ-E7eS4Ii_ByA

👉CODIGO DE CREADOR EPIC:
RAZIELJR

👉 Compra en Aliexpress con DESCUENTOS ESPECIALES:
https://s.click.aliexpress.com/e/_mNnUsDr

Para quienes gusten apoyar el canal ""ROCKET WHEELS"" aquí les dejo el link B)
@rocketwheels
https://www.youtube.com/@RocketWheelsofficial

Tienda oficial del canal:
https://www.instagram.com/razieljr_oficial_store/

COMUNIDAD DE DISCORD:
https://discord.gg/RFmV4tmZUe

Hola chicos! espero que les haya gustado el vídeo, me ayudarías mucho si le das like, comentas, compartes y te suscribes! :D

Twitch:
https://www.twitch.tv/raziel_jr_

Contenido exclusivo de Tiktok:
https://vm.tiktok.com/ZMRJup5wb/

Página de face:
https://www.facebook.com/profile.php?id=61565577442175

Twitter:
https://twitter.com/jr_raziel?s=09

Instagram:
https://www.instagram.com/raziel_jr_/

Donaciones: (No son obligatorias, pero me apoyarias muchisimo)
https://streamelements.com/razieljr/tip


Correo para cosas importantes (incluso si te sientes triste C:):
german70undo@gmail.com


#apexlegends #apex #cyberpunk #edgerunners #cyberpunk2077 #cp2077 #cyberpunkedgerunners #skins #event #smallfinder",PT9M54S,6181,485,147
Apex Legends,6UYHPf_znA0,Apex Legends- Fight For the Fittest 😁 #apexlegends #apexranked #apexlegendsclips #apexlegendsgame,UCED8i3yN0uxVk0GxOxR4bTA,DoNotDisturb24,2026-06-24T20:33:43Z,,PT24S,1172,9,0
Apex Legends,4GlDX2juMyU,"🔥 Apex Legends New Ranked Split Is CHAOS! | 100 Subs Down, 200 Next | Viewers Welcome",UCDH4iOwF3Fl6ll88UnCnBHg,MrPerfectRob,2026-06-24T20:12:44Z,"🎮 Welcome to Perfect Nation!

We officially hit 100 subscribers and today the grind to 200 begins! Join us as we dive into the new Apex Legends ranked split, chase RP, and squad up with viewers throughout the stream.

🔥 New Ranked Split
👥 Playing With Viewers
🎯 Road to 200 Subscribers
🏆 Ranked Grind
👑 Perfect Nation Community

Drop a like, subscribe, and let me know in chat if you want to run some games!

#ApexLegends #ApexRanked #ApexLegendsLive #RoadTo200 #GamingCommunity #MrPerfectRob #PerfectNation",PT4H39S,606,4,0
Apex Legends,j6J325EAllI,APEX LEGENDS 途中までよかったのに… #apex,UCWiOVTpGCl3fgvP_UYCG7Vg,ヤカ,2026-06-24T19:52:12Z,"APEX LEGENDS フルパランク(プラチナ帯)
夫婦とまっちゃん
うわああああああああ
#apex #エペ女子 #動画編集 #おどおどコンジット",PT1M29S,1081,2,0
Apex Legends,ZUBVmhBodhQ,開幕プレデターランク 【Apex Legends】,UCQOsS5I8mof9H33QH4j49nA,tttcheekyttt,2026-06-24T19:47:36Z,"デバイス https://note.com/tttcheekyttt412/n/na1690bf9632e

チーキーです！ 
チャンネル登録、高評価お願いします
【所属】@SBI_eSports

メンバーシップ https://www.youtube.com/channel/UCQOsS5I8mof9H33QH4j49nA/join

Donation (寄付)はこちら！Support stream
https://streamlabs.com/tttcheekyttt1/tip

チキフリーク1.2
https://www.amazon.co.jp/dp/B0DJQLMNYT

チキコン
https://voidgaming.jp/tttcheekyttt
 

プレゼントや手紙の送り先はこちらになります
〒106-6015 東京都港区六本木1-6-1 泉ガーデンタワー15F 
SBIネオメディアホールディングス株式会社 cheeky（チーキー）宛

(実績)
Apex Legends
Ranked Predator 最終順位
日本1位 7回
PC世界最速プレデター5回
プレデター１桁15回
9連続PCプレデター世界1桁維持
タイマン日本最強決定戦　優勝

Destiny2 Esports 4k、2k公式世界大会優勝

[使用デバイス]
コントローラー:  gamesir g7pro 8k
Gaming PC : AMD Ryzen 9 9950X3D,  GeForce RTX 5090 64GB 4TB SSD
Streaming PC : Ryzen 9950 X3D, NVIDIA GeForce RTX 5060ti 16GB, 64GB / 2TB SSD / 4TB HDD
モニター : BenQ ZOWIE XL2586K (540Hz ) BenQ ZOWIE XL2566K (360Hz)
マイク :  SHURE SM7dB
イヤホン :  Sennheiser CX300-2
マウス : Lamzu Maya X
マウスパッド : Artisan Zero soft
キーボード :  wooting 60he v2

[Apex設定]
感度: 4  エイム感度3 詳細スコープ設定オフ
反応曲線 リニア
デッドゾーンなし
ボタン配置 : デフォルト
視野角 : 108

MnK DPI 800 感度1.4 ads 1.0

「無断切り抜き・転載禁止」
🐼配信のルール🐼
質問は概要欄に書いてある内容を読んでからお願いします
誹謗中傷、宣伝、荒らし、連投、リスナー同士の会話、伝書鳩、他の配信者の名前をあげる行為、プライベートの質問NG

※僕の発言は全て冗談です。

#ApexLegends #チーキー  #シーズン29 #新シーズン 

==== スポンサー企業様のご紹介 ====
▼レイク様
「新生フィナンシャル株式会社」が提供するカードローンブランドです。
お客さまと誠心誠意向き合い、生活者のための金融サービスを提供します。
https://lakealsa.com/index.asp?id=&as...

▼SBI FXトレード様
SBIグループのFX取引(外国為替証拠金取引)を提供するFX専門会社です。
初心者も参加しやすい特徴を有しています。
https://www.sbifxt.co.jp/lp/qr_cam/in...

▼ジャパンネクスト証券様
PTSの運営に特化した証券会社です。PTSとは、取引所を介さずに株式などの有価証券の売買を成立させる取引システムのことで、東証をはじめとする取引所と同様に、投資家の皆様に取引の機会を提供しています。
https://www.japannext.co.jp/ja

▼株式会社ジーンステイト様
ジーンステイトは、通信・IT・BPO領域における人材派遣・育成事業を展開しています。 実務直結型の教育体制と現場にフィットするマッチング力を活かし、多くの若手人材のキャリア形成を支援しています。
https://genestate.co.jp

▼アクアスター様
クオリティと提案力が強みのビジュアルソリューションカンパニーです。
https://aqua-star.co.jp

▼ユニットコム(LEVEL∞)様
パソコンとパソコン周辺を事業領域に、「楽しいことを全力で！」をスローガンに、一人ひとりのお客様に一番の楽しみ・満足をご提供できるよう取り組んでいます。SBI e-SportsコラボPCも発売されています。
https://www.pc-koubou.jp/pc/game_sbi.php

▼TUNNEL TOKYO様
セガサミーホールディングスが運営するコワーキングスペースとして2018年10月に運営開始。ワークスペースとしてのみならず、セガサミーグループの従業員と外部の才能が直接触れ合う事や、会員メンバー間のコミュニケーションを促進する事で、新しいビジネスやアイデアを創造していきます。
https://tunnel-tokyo.jp/

▼ファイテン株式会社様
ファイテンはあらゆるスポーツで活躍するトップアスリートをサポートしているボディケアカンパニーです。 独自の商品と長年培ってきたボディケアのノウハウを活かし、カラダを酷使するe-スポーツプレイヤーの健康とパフォーマンスをサポートします。ファイテンはボディケアを通して、e-スポーツ業界全体の発展に寄与していきます。
https://www.phiten.com/

▼所属チーム「SBI e-Sports」の紹介
https://sbiesports.co.jp/

==================================

使用BGM
https://www.youtube.com/watch?si=iuKN0_atjHiOaWNY&v=TwUOWBsoa6k&feature=youtu.be
https://www.youtube.com/watch?v=gmpcylgqKTg
https://www.youtube.com/watch?v=d8L1ek2TULo",PT6H42M33S,76854,452,0
Apex Legends,6pFAVmAUqHo,How Switching Keyboards Makes You An Apex Legends Professional,UCuVKrQtrKu9mtpx_Tlkdfeg,XCubaLibreX,2026-06-24T19:00:32Z,"This was streamed LIVE on my TWITCH! Drop a FOLLOW as it really helps me out, and hit the NOTIFICATION button so you don't miss a stream!
---------------------------------------------------------------------------
Tik Tok - tiktok.com/@xcubalibrex
Twitch - https://www.twitch.tv/x_cubalibre_x
Discord - https://discord.gg/CTyvyHzRKQ
---------------------------------------------------------------------------
Friends in Vid
Seazzy - @ItsSeazzy 
Nick - @Mobster_Moose",PT42S,426,2,0
Apex Legends,GNmV8URnhDk,"baru pulang gawe ku terus ngapex .. NEW PATCH !! | LIVE APEX LEGENDS
🔴 [PART 1]",UCYAbapVNDJljksZxpHkXUag,Leandra,2026-06-24T18:29:01Z,"Link for donate !!

https://saweria.co/dioonando
https://sociabuzz.com/dioonando/give

HAVE FUN !!!!

#apexlegend #live",PT2H16M58S,85,6,0
Apex Legends,kiqSII2C5mE,El Apex Legends esconde el secreto de la vida.,UCwAJ_mVWTWU0jFLHRlfLAhA,Makina,2026-06-24T17:05:33Z,"● Escríbeme si estás decidido a cambiar tu fisico, tu mente y tu vida conmigo 👇
IG:  https://www.instagram.com/makina_yt/
Whatsapp: https://www.wa.me/34668524425",PT8M30S,1622,137,17
Apex Legends,kGYvJ9IzF8U,Apex Legends x Cyberpunk Collab Could Be Happening!,UCKB1_j8RLTcwreCqAOqX8Ug,RossTheeSquirrel,2026-06-24T16:48:34Z,"Apex Legends x Cyberpunk Collab Could Be Happening! Apex Legends News.

Split 2 of Season 29 in Apex Legends is out now, and a brand new collab crossover event, similar to the Gundam Collab, is expected to release in July.

Various Iconic Skins will release for Legends within the game, and possible a Mythic Alternator skin!",PT1M4S,14695,708,55
Apex Legends,rvyXsF1Kwk4,"【APEXランク】関西フルパ出現！ハセトナヨウ！おもろそうなPTで集まってみるwww編  トナカイト, 葉【ハセシン】Apex Legends",UCSF2vv7HFeQHrv1DinGLBLw,ハセシン / HASESHIN,2026-06-24T16:42:37Z,"【チャンネル登録はこちら！】
https://www.youtube.com/channel/UCSF2vv7HFeQHrv1DinGLBLw

【X】
https://twitter.com/HASESHIN_Rush


【今回のメンバー】
・ハセシン
・トナカイト
・葉


サムネイルイラスト
夜月ゔぁる 様: https://x.com/__Night_Moon__
(ハセシンアートより引用)


コラボ配信中でのスーパーチャットやメンバー登録などは、
試合終わりや、エンディングトーク時にしっかりと改めて確認させていただきます！

ご理解のほど、よろしくお願いいたします！


【CoDクリエイターサポートコード】
HASESHIN  (全て大文字)
CoD内のストアからサポート登録をよろしくお願いいたします！

【パートナー】
◆レンズアップル｜下記クーポンコードをぜひお使いください！
5,000円以上で使える500円OFF // クーポンコード【RSGM】
15,000円以上で使える1,500円OFF // クーポンコード【KGWR】
https://bit.ly/3YLmk3H

◆Logicool G｜人気デバイスが目白押し
https://bit.ly/3Huuu8W


◆Rush光（hi-ho）｜Rush Gamingがオススメする高速光回線はこちら！
https://welcome.hi-ho.life/service/games/select.php?course=RSH-001&aid=HHbrZZ0275&inf=RushGaming&pKey=HASESHIN


お仕事の依頼等はこちらのメールにお願いします！
inquiry@rushgaming.co



【Rush Gaming】
Twitter // https://twitter.com/RushGamingJP
YouTube // https://www.youtube.com/c/RushGamingJP/
Instagram // https://www.instagram.com/rushgaming_jp/
Web // https://www.rushgaming.co
ファンクラブ // https://fanicon.net/fancommunities/1297
Store // https://wekids.stores.jp/
クーポン使用で5%OFF→【haseshin】

【使用デバイス】
ヘッドセット: ASTRO Gaming A03インイヤーモニター
アンプ: ASTRO Gaming MixAmp Pro TR
イコライザ設定 // https://note.com/rushgaming/n/n544adbcdee4a

マウス: Logicool G PRO X SUPERLIGHT
キーボード: Logicool G G913 TKL

【Rush CLAN】
Twitter // https://twitter.com/RushCLAN_JP

【音源、効果音使用元】様
Epidemic Sound // https://www.epidemicsound.com
DOVA-SYNDROME // https://dova-s.jp

#ハセシン #APEX #ApexLegends",PT4H16M30S,40728,931,7
Apex Legends,WScaDTbuxkc,"It Took 7 Years, It's Here",UCpbzVnr6rDTsLEie91lRmnw,Grrt,2026-06-24T16:10:12Z,"Use Code ""GRRT"" on the EA APP or https://store.ea.com/ when buying Apex coins to support the channel! #eapartner

Official social Links: https://grrt.net/
Want my videos on the move? Listen on Spotify! https://open.spotify.com/show/3wewI063JffsQ2XngLvFCG?si=c4d1dc1659ec4e83


#apex #apexlegends #apexlegendsnew",PT8M44S,53701,1067,265
Apex Legends,nA8e07wigq4,ابكس ليجندز جديدة ؟,UCAXUExVh4rPM4UAO7_4tSMg,HEROKAYAR,2026-06-24T16:04:27Z,"ابكس ليجندز جديدة ؟
#EMPULSE 
#1047Games",PT1M13S,562,10,1
Apex Legends,zgFSowj16aQ,How to 1v4 as VALKYRIE in APEX LEGENDS!,UC8gKWw73m-iACVF6_ncdccA,Sonyx,2026-06-24T16:00:12Z,"This Apex Legends clip shows you how to clutch smart, stay calm under pressure, and play like a pro in ranked AND pubs. Every decision counts, whether its aim, movement, or game sense.

Get 5% OFF the GameSir G7 Pro 8K (PC) controller I use:

Official Website:
Code: SONYX8K
https://bit.ly/SONYX8K

Amazon:
Code: SONYXG8K
https://amzn.to/43yVFu5

Want me to break down YOUR fights like this? Coaching info here 👉 https://discord.gg/Z8E3JrT4Ky

❤️ Use *Creator Code: SONYX* whenever you pick up Apex Coins or a Battle Pass at https://store.ea.com
It’s free to use and goes a long way in supporting future Apex Legends guides.

#ApexLegends #apexlegendsseason29 #sponsoredbyea",PT1M5S,1338,55,10
Apex Legends,C4J-KWxW25Y,SOME CLEAN KRABER SHOTS ! #apex #legends #kraber,UCtZH18enp9h8v_sW2FpNJ3A,KrazyClipz99,2026-06-24T15:34:26Z,#CapCut I made this amazing video with CapCut. Open the link to try it out:  capcut.com/tools/desktop-video-editor,PT40S,1322,20,0
Apex Legends,AgepunPM5pM,Caustic Is ABSOLUTELY META Right Now Apex Legends,UCVeowp6qXr_4g_JTsAsWvcQ,hv apex,2026-06-24T15:00:33Z,"Caustic 23 Kills and 5K Damage in Two Games Apex Legends Gameplay Season 29





Contact: Instagram @hv_apex




#apexlegends #20kills #20bomb #badge #bloodhound #gameplay #movement  #solo #solopubs #season28",PT17M40S,2720,84,6
Apex Legends,g_zhTD6yPEc,ソロプレデター維持お疲れさまでした開幕ソロランク【APEX Legends】,UCalf06FUynicGxGwrPmevsA,ふみふぁむ,2026-06-24T15:01:18Z,"【配信時間】
20時開始

【SNS】
X→https://x.com/_23fam
Discord→https://discord.gg/fZPbWzfy

#apexlegends  #ふみふぁむ #ソロプレデター",PT1H33M28S,10695,73,0
Apex Legends,wD7Je8Far8g,野良からお祝いのチューを貰う配信者www【APEX LEGENDS】#shorts #りー,UCBYaYq0II3qo8-9N8a-Bdfg,りーえふぴーえす。,2026-06-24T14:56:39Z,#apexlegends #apex #エーペックスレジェンズ #エーペックス,PT50S,16398,741,12
Apex Legends,cIAEq0xBc4I,WTF is solo queue…💔 (Apex Legends),UCyONhUpYpRaiEcDDnmjA5Yw,SirBridges,2026-06-24T14:47:38Z,"If you haven't already yet please make sure you
         Follow me on Instagram: https://www.instagram.com/907.bridges/ 
        😀Drop a Like & Subscribe
        😀Turn on Post Notifications by clicking the bell!
         And try to ignore me dying...


ALC Settings:
Dead Zone - 0%
Outer Threshold - 1%
Response Curve - 0
Per Optic - 1.0 on everything
Yaw - 440
Pitch - 470
Extra Yaw - 250
Extra Pitch - 250
Turning Ramp Up Time - 0%
Turning Ramp Up Delay - 0%
ADS Yaw - 135
ADS Pitch - 115
(Everything else is 0)

Chapters:
0:00 - sir.shyt
0:58 - Yap sesh
1:33 - Game 1 (we don't talk about it...)
4:18 - I hate caustic
4:46 - Game 3 | 180000 damage | 60 Kills | Win
12:35 - Outrizzy",PT13M36S,2993,232,58
Apex Legends,0-BE0T0e91M,KILLING IN THE STORM! 🌪️ Apex Legends Clutch While The Ring Closed In,UCS0VlyoILyu_mnhfBbSzjKw,Madevil4205,2026-06-24T14:13:20Z,"The ring was closing fast, my health was disappearing, and I should have been running...

Instead, I found a player in the storm and went for the kill. 💀⚡

Sometimes the best Apex moments happen when everything is going wrong.

🔥 Apex Legends
⚡ Storm Fight
💀 Clutch Elimination
👑 High Risk, High Reward

Follow for more Apex Legends highlights and crazy moments!

#apexlegends  #apex  #gaming  #battleroyale  #apexclips  #fps  #madevil4205",PT24S,1,0,0
Apex Legends,8wuel9jSWA8,Apex Legends Cyberpunk 2077 Event Collab & Skins Is Insane,UCpO6Jl1JPo1Mhqgv3z3NMuQ,Thordan Smash,2026-06-24T14:00:14Z,"Apex Legends Cyberpunk 2077 Event Collab & Skins Is Insane 
#apexlegendsnews         #apexlegendsheirloom        #apexlegendsfreeheirloom",PT8M20S,2344,99,31
Apex Legends,dWykg8C-wOY,This R99 Always Be Finding Me In Apex Legends😭 #shorts,UCHqUb_awGVW1_nE_d0w0Ucw,xLaurenLandx,2026-06-24T13:25:51Z,,PT25S,1411,16,1
Apex Legends,8VhKZeKIswc,Mande Apex Legends God Mode ON! 🔥🎮,UC-HoKKHKeKY4YWKnlEHecow,Mande,2026-06-24T13:11:32Z,Mande Apex Legends God Mode ON! 🔥🎮,PT20S,1544,3,0
Apex Legends,sAQf2MCmFf0,I Explored an Apex Legends Knockoff,UCThorxUDBOK0VmZ3tstqSPA,Roli,2026-06-24T13:00:04Z,"#shorts #farlight84 #apexlegends 

Join my Discord!
https://discord.gg/tF9rjwHE5z

Socials:
https://twitch.tv/rolifps
https://twitter.com/rolifps
https://discord.gg/tF9rjwHE5z
https://instagram.com/rolifps
https://tiktok.com/@rolifps

""I Explored an Apex Legends Knockoff""",PT1M2S,1148,45,8
Apex Legends,Lk-x9pvKLPo,peacekeeper domination (Apex Legends)  #apex #apexlegends #movement,UCPvGR2Xx5AWST7er53TU6PQ,WujuDragon,2026-06-24T13:00:21Z,"I stream on twitch everyday full time if you wanna chill and hang out
https://www.twitch.tv/wujudragon

#apex #apexlegends #movement #chillin",PT38S,1110,10,0
Apex Legends,Q4LyuUh4rnI,APEX LEGENDS 夫婦デュオ１５０を言ってみたかっただけのクレーバー初心者(ランクプラチナ) #apexlegends #apex #クレーバー,UCa71_AZZLin-0kSmboWT-mQ,ちゃんしゅう,2026-06-24T12:57:23Z,,PT2M25S,1146,5,1
Apex Legends,4JTDVc4i3wc,Team mate don't help me find enemy's#apex#Legends#Team#mate#don't#mate#hel#me#find#enemy's.,UCwFw3xqn0iTLETB0CfNaLjQ,Backstreet_gamers,2026-06-24T12:47:43Z,,PT27S,4,1,0
Apex Legends,lswcpKgZ_Cw,COOLEST APEX LEGENDS WIN EVER!😳 #nostalgia #hollywood #apex #apexlegends #apexclips #viralvideo,UCvoVpsuvDoQUADwMlddVUqQ,Alexander Mahan,2026-06-24T12:38:40Z,,PT1M1S,777,10,6
Apex Legends,KmhMBOIvTqw,オルターバグりすぎてる【APEX LEGENDS】#apex #apexlegends #エーペックスレジェンズ,UC5DvsaWSa_Hi4-QjOTv0eTw,じーぷろ【APEX解説】,2026-06-24T12:00:10Z,"コメント・高評価いつもありがとうございます！
現在、横動画＋縦動画を毎日投稿中です🔥
登録者15万人目標で頑張っています！

━━━━━━━━━━━━━━━
🎮 コーチング＆募集サーバ
https://discord.gg/jCvQUDaYZ3
━━━━━━━━━━━━━━━

★活動を応援してくださっているスポンサーをご紹介

【PR】高速＆コスパ最強の光回線
■ GMOとくとくBB光
・シンプルに安い高速光回線
・ゲーム／配信も快適にプレイ可能

▼優待コード（コピペ推奨）
【XQVT】

▼限定サイトはこちら👇
https://px.a8.net/svt/ejp?a8mat=45KI4P+CFPZOY+50+6MF8WY


━━━━━━━━━━━━━━━

【PR】ゲーム友達を探すならこれ
■ オルタナ
・モードやランク、年齢や性別、時間帯や通話の有無など自分に合う相手と1対1でマッチ〜チャット可能
・Apex / VALORANT / モンハン / スプラ / 原神 / マイクラ / 雑談など700種類以上のゲームに対応

📱 iOS / Android 無料

▼ダウンロード👇
https://app.adjust.com/1yiz3ebz

━━━━━━━━━━━━━━━

【PR】コスパ最強イヤホン
■ KZ Axas Gaming IEM
・低価格なのに高音質（足音・銃声◎）
・長時間でも快適なフィット感

▼Amazon👇
https://www.amazon.co.jp/dp/B0GCD93LKR

▼優待コード（コピペ推奨）
C623UOSE
━━━━━━━━━━━━━━━
🎥 Twitch（ソロマス配信）
https://www.twitch.tv/gprodaisuki

💎 メンバーシップ
https://www.youtube.com/channel/UC5DvsaWSa_Hi4-QjOTv0eTw/join

🌐 SNS
X：https://twitter.com/gprodaisuki  
TikTok：https://www.tiktok.com/@gprodaisuki

━━━━━━━━━━━━━━━
#Apex #エーペックス #じーぷろ",PT24S,94121,1346,94
Apex Legends,JYHS4wdV5eA,"Aceu, The 'Old' Apex Legends Is BACK... 👀 And iiTzTimmy Is Returning To Pro?! ⭐",UCDo6K6q-444XkhIIxP3RW-g,UBetter Apex,2026-06-24T11:11:19Z,"TIMELINE
0:00 Intro 🎬
0:38 The Old Apex Legends Are Back — Aceu + iiTzTimmy 🔥
2:23 iiTzTimmy: ""Would You Guys Go Back to Pro?"" 🤔
2:50 iiTzTimmy Is Back in the Pro League 🚀
3:52 iiTzTimmy Is Going to Play for Falcons & Hal Gets Paid $50 Million per Month... 💰
4:34 iiTzTimmy on the New Pathfinder Changes 🦾
6:36 iiTzTimmy: ""Skirmisher + Shotgun Is Too OP"" 💥
7:01 iiTzTimmy Is Going Back to Apex Because of Pathfinder 🎯
7:30 iiTzTimmy on Ballistic ⚡
8:27 iiTzTimmy on Nemesis 🔫
8:57 Seer Is Broken Now — iiTzTimmy's Take 👀
10:27 What Is the Best Gun for Pathfinder? — iiTzTimmy's Take 🏹
12:16 They Should Give Pathfinder Fortified 🛡️
12:43 Does Pathfinder Need Fortified? 🤨
14:06 Gibby Changes Are Truly Broken — iiTzTimmy's Take 💣
14:41 Apex Actually Does a Good Job on Anti-Cheating — iiTzTimmy's Take ✅


PL Scrims - Result Matrix
https://eternalesports.club/pro

#iitztimmy 
#aceu 
#ranked 
#newpatch 
#proplayer 
#algs 
#apex 
#apexlegends 
#ubetterapex",PT15M20S,5426,132,37
Apex Legends,IQi8uIZlGdY,Bamboozeling Squad Wipe - Apex Legends,UCtWqyqOF392ezyubD_Bf2bw,Onffline,2026-06-24T11:00:01Z,,PT30S,1770,11,0
Apex Legends,OUye9rAhu8E,マスターまで残り162ポイント男のソロマスチャレンジ！！【Apex Legends】【あゆむ】#shorts,UCBKnI4lCzZvBSmar8ldMf8Q,あゆむ【あゆむの秘密基地】,2026-06-24T11:00:12Z,#apex 　#apexlegends 　#あゆむ　#ゲーム実況,PT35S,1950,29,3
Apex Legends,5PBZbWhXrss,Everything YOU Need to Know About the NEW  Apex Legends Split 2 Update! #apexlegends #apex #gaming,UCKPcfoKBK8ue8_2HHsqgiuA,gl1tcheddd,2026-06-24T10:47:19Z,Apex Legends Split 2 Update is Finally Here!,PT2M1S,31,2,0
Counter Strike 2,pL12MpoqjAU,comentarios de yt - #straka #windingo #cs2 #tiktok #TOPGLOBALES #loslobos,UCryj5stGf6fqoawRCM8ho1g,Straka,2026-06-25T05:34:17Z,"Redes:
--https://www.twitch.tv/Strakatv
--https://twitter.com/Strakacsgo
--https://www.instagram.com/nahueevazquez

MI EDITORES: Curita

Outro: https://www.youtube.com/channel/UCIhHJonLQtwwOXTk4zDrcHw/featured",PT27S,1485,106,0
Counter Strike 2,QHOmxQRZgF8,300 iq смок от 4.000 elo на Faceit #cs2 #инсайд,UCUSjrIIWx4HnYR0j2BQ4qtg,INSIDE 1337,2026-06-25T05:05:17Z,"Мой ТГ - https://t.me/underground127
Мой Твич - https://www.twitch.tv/ins1de1337 
Моя Инста - https://www.instagram.com/ins1de1337/

300 iq смок от 4.000 elo на Faceit #cs2 #инсайд",PT25S,779,15,1
Counter Strike 2,BtSd32yl5MU,INVISIBLE OHNE 1v4 RETAKE #cs2 #csgo #counterstrike2,UC5lu9RBEnMf-8GRBFfQJWVw,dima_fanpage,2026-06-25T05:02:28Z,,PT30S,562,9,0
Counter Strike 2,kFI6Qy1S3nc,Ranking Funny CS2 Moments /7 #cs2 #funnyclips #csgo #counterstrike,UCN6gtboJx9dd8m4HlQnmq4Q,Kevin Carter,2026-06-25T04:58:48Z,Ranking Funny CS2 Moments /7 #cs2 #funnyclips #csgo #counterstrike,PT57S,459,16,0
Counter Strike 2,PXh1UQfIFUw,donk's Dust2 Movement Makes Him Impossible to Hit in CS2,UC00c_HMwews3UArujN-Lf6Q,NartOutHere,2026-06-25T04:47:15Z,#cs2 #counterstrike2 #counterstrike,PT11S,1570,23,1
Counter Strike 2,OggYbq0i4KY,Unfortunate 梁 #cs2 #cs2videos #nacs2 #cs2skins #gutknife,UCRWwsnxpZT29Gbwyg39vX-Q,Brooke Dixon,2026-06-25T04:16:18Z,Unfortunate 梁 #cs2 #cs2videos #nacs2 #cs2skins #gutknife,PT23S,428,2,1
Counter Strike 2,57nZFh3_3ww,1分钟教会你遗迹A包爆弹！#cs2 #csgo道具 #csgo新手教学 #远古遗迹,UCVu5hCqwpd5TYNHHN6--m6w,三川大魔王(cs go),2026-06-25T04:00:56Z,,PT50S,1109,79,0
Counter Strike 2,8WiFcYcVfB0,Counter-Strike 2 CLIP 3#CS #CS2 #shorts #reels #fy,UCjSl1EARQiWZGHEfYzdQMrA,DevilEyesBr,2026-06-25T03:53:19Z,,PT1M1S,394,4,0
Counter Strike 2,Tqlx2IscE-I,Как Кикнуть Ботов Из Режима Бой Насмерть?  #cs2 #инсайд #inside,UCUSjrIIWx4HnYR0j2BQ4qtg,INSIDE 1337,2026-06-25T03:02:21Z,"Мой ТГ - https://t.me/underground127
Мой Твич - https://www.twitch.tv/ins1de1337 
Моя Инста - https://www.instagram.com/ins1de1337/

Как Кикнуть Ботов Из Режима Бой Насмерть?  #cs2 #инсайд #inside",PT32S,984,19,2
Counter Strike 2,blT3IeAOAso,⚡20k дээр Ace хийх бол амарханнннн #cs2,UCZBa-Uown80835iILKgAIXw,SpuudaMon,2026-06-25T02:49:45Z,"💲Member болохыг хүсвэл https://youtube.com/spuudamon/join
💲Donation хийж урамшуулахыг хүсвэл: https://streamhub.mn/streamer/spuudamon
_______________________________
🔖 SOCIAL PAGES
😹Facebook page: https://www.facebook.com/Spuudamonhere
😻Instagram: https://www.instagram.com/spuuda_mon
😸Discord: https://discord.gg/7qdpP5aVEs
😽Youtube: https://www.youtube.com/@SpuudaMon 
😺TikTok: https://www.tiktok.com/@spuudamon
🙀Kick: https://kick.com/spuudamon",PT47S,971,28,2
Counter Strike 2,DpGjiE1-EXY,CS2 AO VIVO COM BUXEXA 🔥 🔴JEFZERA AO VIVO🔴,UCe9UtGdf74jWxjejowR4DKQ,JEFZERA XP,2026-06-25T02:14:01Z,"🔥DEIXEM O LIKE E INSCREVA-SE NO CANAL🔥

👍SEGUE EU NO INSTA: https://www.instagram.com/jefzeraxp 👍

👻DISCORD: https://discord.gg/9PBPaKgW 👻

  Email para contato: jefersonlimavda@gmail.com

🔴 CS2 AO VIVO AGORA!

Gameplay de Counter-Strike 2 ao vivo, jogando ranked, trocando ideia com o chat e buscando subir de elo.
Se curte CS2, FPS e gameplay ao vivo, se inscreve no canal e deixa o like!

🎮 Jogo: Counter-Strike 2
📅 Live diária
💬 Chat sempre ativo

   #cs2  #counterstrike2  #csgo  #GamesClub #gc  #RoadToLevel14 #Level14 #cs2live  #live  #gaming  #fps  #brazilianplayer  #soloq  #highelo  #competitive  #valve  #AK47 #mirage  #dust2  #premier  #roadtopro  #gameplay  #twitch  #youtubegaming  #BR #global",P0D,1945,49,0
Counter Strike 2,IkMwf-1lRfY,CS2 Cache Mid Flashbang for your 100% win,UC3JxXsjb0geNb-lvzxxo0Tw,Rush B Clips,2026-06-25T02:00:26Z,"Video shows the CS2 in-game lineup for a flashbang which is very useful for the mid player in defense.

#counterstrike #counterstrike2 #cs2 #cs2cache #lineups #viralshorts #shorts",PT18S,715,12,1
Counter Strike 2,MZ-Buz2Dprs,CS2 - Perfect A Execute on Mirage,UCIK63JNuvtRqQHjARrm0QiQ,GettClutch,2026-06-25T01:49:15Z,#cs2 #shorts,PT16S,1364,57,0
Counter Strike 2,qsI8XSW6sVE,YOU'RE BETTER OFF WITHOUT HIM #cs2 #counterstrike #cs2clips,UCk3eCTFmRAlzHc-SYBBe59g,iHots,2026-06-25T01:43:26Z,"🔴In this short I show off some insane CS2 Moments! This was an insane clip!!! Please like and subscribe for more shorts/streams!🔴

⚪️My Twitch: https://www.twitch.tv/ihotslive

🔵My Discord: https://discord.gg/arprYW5R2R

🔴Previous Video: https://www.youtube.com/watch?v=9QnQ4cneWe4&t=4s

⚪️My Instagram: https://www.instagram.com/jhotnes/

🔵My Twitter: https://twitter.com/j_hotness

#cs2 #counterstrike #cs2clips",PT57S,732,5,1
Counter Strike 2,ewowZtYoTlQ,POP FLASH PARA SEU AMIGO LIMPAR A CAVERNA DA MIRAGE - CS2. #cs2 #counterstrike,UCcCiTm_WSSDriYHFFzTS8hQ,Sunnzy,2026-06-24T23:55:23Z,,PT24S,1081,28,0
Counter Strike 2,0ecqSDetbto,MAX RED CS2 RUBY SALE,UCWGqXeJaB5s1vNmAmyRJTTA,CAZE GAMING,2026-06-24T23:56:41Z,#shorts #counterstrike #cs2 #counterstrike2 #counterstrikeglobaloffensive,PT42S,9432,381,12
Counter Strike 2,u9MB9WhJZwQ,HeavyGod оценил капитана g2 huNter- #cs2 #g2 #csgo #csmajor #мажор #major #кс2 #кс #ксго #г2,UC8_SkVlFFe4sL4HOHosR1pg,OFFSTAGE CS2,2026-06-24T23:02:24Z,"Звезда G2 Heavygod оценил капитана своей команды huNter- по 6 показателям: стрельба, мувмент, гранаты, клатчи, колы и геймсенс. Как tN1R оценил donk,  dastan оценил zweih и Molodoy оценил FalleN и YEKINDAR - смотри в профиле!",PT25S,5437,109,9
Counter Strike 2,5zxFRI4WSe4,donk：超级智慧告诉我，应该使用超级数值！ #cs2 #csgo #游戏 #离谱 #donk,UCsAGXEmQgStUB-6Up0K2rHA,义父快上号,2026-06-24T22:24:52Z,,PT48S,2148,56,3
Counter Strike 2,Nc-MWl2CSRI,LVL 10 MOVEMENT #cs2 #csgo #counterstrike2,UC1BVP1id0aP4bOqY32ife0w,d0cc two,2026-06-24T22:00:36Z,"TRADE, BUY & SELL YOUR SKINS AT: https://skinswap.com/r/d0cc

TWITCH: https://www.twitch.tv/d0cc_tv
TWITTER: https://twitter.com/D0cC_csgo
INSTAGRAM: https://www.instagram.com/d0cc_csgo/
DISCORD: https://discord.gg/d0cc


 #cs2 #csgo #counterstrike2 #counterstrike #d0cc #d0cc_tv",PT20S,3594,128,4
Counter Strike 2,1Y0Gl9_dLgw,ADIÓS GENTLEMATES Y MARTINEZ A FAZE😲 #cs2 #esports #hltv,UCSyLXEoYYbvIXYe_SABPTHQ,Bopomo GZ CS2,2026-06-24T21:36:47Z,"🎯SIGUEME EN REDES Y NO TE PIERDAS NADA DE MI CONTENIDO🎯

🟢KICK https://kick.com/bopomo
🟣TWITCH https://www.twitch.tv/bopomo_
🔴DISCORD: https://discord.com/invite/uHqcH88YYA
⚫TIKTOK https://www.tiktok.com/@bopomo_ 
🔵TWITTER https://x.com/BopomoGZ 
🟡INSTAGRAM https://www.instagram.com/bopomo__

EXTENSIONES FACEIT:

REPEEK (faceit enhancer) - https://repeek.gg/
faceit MAPPIO - https://chrome.google.com/webstore/de...
faceit DETAILED STATS - https://chrome.google.com/webstore/de...



🔴LIKE Y SUB SI OS HA SERVIDOS LOS CONSEJOS

#cs2 #gaming #esports",PT1M46S,2524,181,19
Counter Strike 2,DmfSLfb4YTU,Amur cat CS2 #cs2 #cat #ohnepixel #opencase #cs2skins #cs2clips,UCIfsJcLaMpjdGBNcBXYK9rQ,Amur,2026-06-24T21:18:20Z,,PT16S,514,32,5
Counter Strike 2,ktsElVxrbdw,This Mirage Trick Works Every Time in CS2,UC00c_HMwews3UArujN-Lf6Q,NartOutHere,2026-06-24T20:26:41Z,#counterstrike #counterstrike2 #cs2,PT24S,10676,431,7
Counter Strike 2,UL1PtejKuBs,twitch:StRoGo ЭЙС ОТ SH1RO НА МАЖОРЕ #strogo #cs2 #строго,UCaU3PnI8R0HhIgjk5JI9_qg,CS2 FM,2026-06-24T20:25:24Z,"twitch:StRoGo ЭЙС ОТ SH1RO НА МАЖОРЕ

#cs2 #кс2 #strogo #строго #раскид",PT31S,4002,63,2
Counter Strike 2,8jkRstA8fXA,magixx vs 5 faceit level 10's #dimawallhacks #csgo #cs2,UCoGmSW-vClZ-SjavVxsv9zg,amid_wallgacks,2026-06-24T19:52:11Z,,PT28S,20935,814,30
Counter Strike 2,HB9Vwyg8Dqs,"8 ДНЕЙ БЕЗ КС , НО ДОЛГ НИКУДА НЕ ИСЧЕЗ #cs #cs2 #challenge #pfy",UCwxqkSEgpk547_Yw_p-4fHA,Atreus1609,2026-06-24T19:45:06Z,"Я не думал,что вы зайдете так далеко #cs #cs2 #challenge #pfy ВИДОС : https://youtu.be/1j3AuxpAq4M
➤Twitch стримы: https://www.twitch.tv/atreus1609
➤Telegram:  t.me/NSGGTeam
➤Второй канал: 
➤TikTok: https://www.tiktok.com/@newas_24
➤Наш Discord: discord.com/invite/HDtKhFp

#csgo #cs2 #faceit #faceit10lvl #shorts  #counterstrike #gaming #gamingclips",PT39S,1120,34,3
Counter Strike 2,a8UFVYhQrOc,HOW TO STOP THE PLANT ON DUST 2 #shorts #cs2,UC7qml4gzxWCujU9H4dCNzug,Gold Cs Nades,2026-06-24T19:00:35Z,,PT20S,26188,1216,12
Counter Strike 2,QWIjcJXRhSo,THE CREATURE HAS TAKEN OVER! 😈  #counterstrike2 #cs2 #csgo,UCX7oqiA131Mn6EsNStUi1ZA,Tiger Tooth Stiletto,2026-06-24T18:43:30Z,"Counter-Strike 2 (CS2) is a competitive first-person shooter developed by Valve as the next step in the long-running Counter-Strike franchise. Released in 2023 as a free upgrade to CS:GO, CS2 runs on the Source 2 engine, delivering enhanced visuals, lighting, and physics while preserving the series’ classic gameplay. Known for its high skill ceiling, tactical team play, and precise gun mechanics, success in CS2 depends as much on strategy and timing as on raw aim. With redesigned smoke behavior, updated maps, and a thriving global esports scene, CS2 carries forward Counter-Strike’s legacy as one of the most influential competitive shooters in gaming history.
.
#cs2  #counterstrike2",PT20S,2843,23,1
Counter Strike 2,l8vSDwQbDUE,The Cathedral of Counter-Strike 💛 #cs2 #counterstrike #cs2clips #colo...,UCzCHnsHrdWGcBdmIJhhPSDw,Victoria Ramirez,2026-06-24T18:04:26Z,The Cathedral of Counter-Strike 💛 #cs2 #counterstrike #cs2clips #colognemajor2026 #counterstrike2,PT15S,1363,11,0
Counter Strike 2,kC-kSxEIx8A,Scorpion в Астане и только в Timing Cyber Club. #gaming #cs2 #pc #challenge #gamergirl #dota2 #csgo,UCQ8UAlMVn1TNMgIeUdp9XqQ,TimingCyberClub,2026-06-24T17:43:19Z,"На канале Timing мы устраиваем игровые споры, челленджи и эксперименты между игроками.
В этот раз ксер и дотер решили выяснить, кто из них дольше выдержит на киберстанции Scorpion. 

Подписывайся на канал, чтобы не пропускать новые споры, челленджи и игровые истории из клуба.

🎮 Timing Cyber Club — компьютерный клуб в Астане с отдельными игровыми румами. Играйте с друзьями без шума и посторонних — только ваша команда и игра.

📍 Астана, ул. К. Сатпаева 10
Timing Cyber Club


#gaming #cyberclub #cs2 #dota2 #esports #challenge",PT45S,1828,45,5
Counter Strike 2,wRu0_y36XeU,cs2 is the best fr❤️‍🔥🔥| song:montagem lunaro fili | cs2 edit | cs go...,UCE-Gc_WVNEnMpfKY_ejwabQ,Samantha Wilson,2026-06-24T17:42:57Z,cs2 is the best fr❤️‍🔥🔥| song:montagem lunaro fili | cs2 edit | cs go edit |#cs #csgofunny #cs2 #edit #tierlist,PT17S,477,6,0
Counter Strike 2,80h_4bm8oRg,What did bro say about his sister😭 #cs2,UCRcNgSsFmzHgNw5IHHFy1mQ,MiniPool14,2026-06-24T17:36:55Z,,PT42S,4463,292,5
Counter Strike 2,Ps5bUNPkgnc,Actualización? Si. Anti-cheat? No. #cs2 #counterstrike #fypシ #skins #martinrgb,UCVCLKSKtbFGW1G4cmIYWRhQ,MartinRGB,2026-06-24T17:30:11Z,,PT54S,3287,196,16
Counter Strike 2,Vmp70VZ-7mU,200 QI 😎 #cs2,UCONED4iouag22Iw0LL-SWAQ,yel,2026-06-24T17:18:59Z,"▸ Venda suas skins com segurança: https://cubeskins.club/ref/YEL
*Use o cupom YEL e ganhe bônus na primeira venda

Se inscreva no canal e ative as notificações para não perder nenhum conteúdo.

Me siga nas Redes Sociais! // Follow me on Social Medias!!!

▸ Twitter: x.com/gustavoyel
▸ Instagram: instagram.com/gustavoyel/
▸ LIVE TODOS OS DIAS NA ROXINHA:  yelzao 

Contato Comercial // Business
▸ gustavoyel@outlook.com

courtesy of www.epidemicsound.com.",PT20S,2931,171,1
Counter Strike 2,1nX_dsIJq8o,ЭТА ОШИБКА УБИВАЕТ ТВОЙ АИМ #кс2 #cs2 #strogo,UCZu_fvy3YJj0_TaSgFHRRqg,StRoGo Everyday,2026-06-24T16:47:48Z,,PT41S,1303,26,0
Counter Strike 2,lVl3l-pSjNo,Top 5 The Best Funny Moments In CS2 😂 #cs2 #csgo #cs2moments #cs2memes #shorts,UCUSgh2wkF0ukWrmxkgFzP8w,Blaze CS2,2026-06-24T16:45:59Z,Top 5 The Best Funny Moments In CS2 😂 #cs2 #csgo #cs2moments #cs2memes #shorts,PT36S,30872,1749,3
Counter Strike 2,JiUXdzEPzJE,CS2'DE EN PAHALI VE EN KÂRLI KASAYI AÇTIM! - CSGO Silah Kasası 2 #cs2  #cs2caseopening #cs2case,UCBLnF36YuCXtDOBaBvtfFgg,COLT CS2,2026-06-24T16:43:48Z,"UZUN VİDEOYU İZLEYİP BIÇAK HEDİYELERİNE KATILMAYI UNUTMAYIN!
Siyah kasalar gerçekten hem en pahalı hem CS2'nin en karlı kasaları mı? Bugün şansımızı denedik ve sonuç inanılmaz oldu! Sizce en iyi bıçak hangisi?

📍Ana Kanalım :  @coltcs2 
📍Instagram : https://www.instagram.com/colluthusyt/
📍Discord : https://discord.com/invite/3YKvBrnBxQ


#CS2 #CounterStrike2 #CS2KasaAçılımı #CS2Knife #Bıçakçıkarma #caseopening #cs2caseopening #cs2case #cs2gloves #cs2moments #cs2skins",PT41S,1344,21,0
Counter Strike 2,PolGm2uzsjU,🔴 Это Самый Странный НОЖ во Всей в CS 2 #cs2 #кс2,UCPQn0ClwALA8JYWF9daA4_Q,PREDATOR ИГРАЕТ,2026-06-24T16:42:04Z,"открытие кейсов кс 2,открытие кейсов кс2,кейсы кс 2,кейсы кс2,топ кейсы кс 2,окуп кейсы кс 2,новый кейс кс 2,лучшие кейсы кс 2,открытие кейсов в cs 2,кейсы кс 2 на сайте,открываем кейсы кс 2,где открывать кейсы кс 2,cs 2 открытие кейсов,контр страйк 2,cs2 открыл кейсы,кейсы cs2,все кейсы кс 2,кейсы cs 2,cs2 нож,кс2 кейсы,открытие кейсов cs 2,новый нож в кс 2,открытие кейсов в кс 2,обновление кс 2,кс го 2,кейсы кс 2 сайт,открываю кейсы cs 2,кс 2,открытие кейсов на сайте,кс го,cs 2,лучшее открытие кейсов,cs2,открытие кейсов,cs go,кс,кс2,бесплатные кейсы кс 2,кс 2 кейсы,ксго,новый кейс в кс 2,новый кейс cs 2,новый нож кс 2,counter strike 2,кейсы кс го,csgo,открытие кейсов кс го,кейсы в кс,лучшие кейсы cs 2,выбил нож в кс 2,открытие кейсов до ножа,открываю кейсы cs2,кс 2 кейс,кейсы со скинами кс 2",PT26S,3203,85,2
Counter Strike 2,kL8-B-4ppMA,Dima Got Shocked After Watching chinese Cs2 MOuse,UC28ZUwhhbEdKDRDTz-K01mQ,prodimmacs2,2026-06-24T16:34:47Z,"@dima_wallhacks 
#cs2 #funny",PT37S,980,25,0
Counter Strike 2,YBcuVlJSVfU,ВОЗВРАТ БАБОК ЗА СКИНЫ В #cs2,UCDTPr41rTygOH5coR9eM_Ig,CSTrend,2026-06-24T16:10:33Z,,PT29S,7581,238,11
Counter Strike 2,BWNMzLiTmxk,Затроллил АЛЬТУШКУ 1 на 1!  #cs2,UCPhpkWVUZMRJQFOec_eCeHA,poseidonskiy,2026-06-24T16:01:20Z,,PT21S,9180,125,2
Counter Strike 2,XtSeoxkKczs,ЛУЧШИЙ ИНИЦИАТОР НА НОВОЙ КАРТЕ #valorant  #валорант #валорантмемы #twitch #cs2,UCREUjJW7hdqQRpEmCBwk8NQ,P1TWON1,2026-06-24T15:59:26Z,,PT49S,1934,47,10
Counter Strike 2,FHgqOLUBGqE,Bro got THE WORST reroll possible #dimawallhacks #dima_wallhacks #cs2 #csgo,UCraHcMPITqeIugCEgSWHgbw,Dima Cutz,2026-06-24T15:43:52Z,Subscribe for more!,PT22S,7000,139,1
Counter Strike 2,4fDl28gBnNY,Почему ЭТИ АГЕНТЫ ОДИНАКОВЫЕ в CS2? #cs2 #csgo,UCmgN-AvuEliNzGjUEOaCxjg,ФЭЛК,2026-06-24T15:34:10Z,,PT18S,5984,88,0
Counter Strike 2,lRNjjwzXOno,КАК ПРАВИЛЬНО СТАВИТЬ ПРИЦЕЛ В КС #cs2 #кс2 #strogo,UCZu_fvy3YJj0_TaSgFHRRqg,StRoGo Everyday,2026-06-24T15:32:52Z,,PT44S,1116,23,0
Counter Strike 2,qxSSmkmaQGY,Стримы каждый день - twitch: Lootych #кс2 #Lootych #стримы #cs2 #counterstrike,UCw__LzfZQ_aU6vRQI2MaD-g,Lootych,2026-06-24T15:31:11Z,Стримы каждый день - twitch: Lootych #кс2 #Lootych #стримы #cs2 #counterstrike,PT15S,22057,531,18
Counter Strike 2,RbVXKWbZ1yI,FACEIT PASSA MAL #CS2,UCGTPNs0ZEt9HHXlBW9FZAgg,Jabuti,2026-06-24T15:30:29Z,,PT36S,1165,41,1
Counter Strike 2,QI-E04jfpmQ,День 41! Смок в окно на мираже! #cs2 #кс2 #faceit #counterstrike #gaming,UCtxqM7cnJFs4gbGMGPn57CQ,durka,2026-06-24T15:16:38Z,День 41! Смок в окно на мираже! #cs2 #кс2 #faceit #counterstrike #gaming,PT14S,3282,65,3
Counter Strike 2,bSuLOQFPtkE,20.00 de YT VE KİCK DE YAYINDAYIM. #counterstrike #twitch #gaming #cs2 #cs2overpass,UCfxktmxp_yhLvImtm3INq6A,AliJohnCB,2026-06-24T15:01:57Z,"ABONE OLMAYI VE BEĞENMEYİ UNUTMAYIN 💥​💥​

SOSYAL MEDYA HESAPLARIM

İNSTAGRAM ❤️🧸
instagram.com/alijohncb

KİCK 🟩
kick.com/alijohncb

​ YouTube 🎀​ 
https://www.youtube.com/@AliJohnCB​ 

BAĞIŞ GÖNDERMEK İSTERSEN 💸💸
https://donate.bynogame.com/alijohncb

HERGÜZ DÜZENLİ 19.00 20.00 CİVARLARI YT VE KİCK ÜZERİNDEN YAYINDAYIM KAÇIRMAMAK İÇİN ABONE OLUP BİLDİRİMLERİ AÇMAYI UNUTMAYIN",PT55S,1377,28,2
Counter Strike 2,lyfDihVK7aM,САМЫЙ УЖАСНЫЙ АГЕНТ В CS2! #cs2 #кс2 #shorts,UCgofVRdpV8y7LRthzAFepPg,Pluxury,2026-06-24T15:00:14Z,"САМЫЙ УЖАСНЫЙ АГЕНТ В CS2!

💬 Телеграмм - https://t.me/pluxurycs2
💫 Сотрудничество - https://t.me/pluxury01
🎮 Steam - https://steamcommunity.com/id/pluxuryy/

📐 Хештеги:
 #кс #cs2 #cs2clips #lifehacks #shorts 

❗Теги❗:
Pluxury,Pluxury CSGO,Плукшури КС,КС 2,ИГРЫ,ВИДЕОИГРЫ,SHORTS,CS 2 SHORTS,КС 2 ШОРТС,КС 2 SHORTS,CS 2 TIK TOK,КСГО ТИК ТОК,Counter strike,Лучшее,Видеоигры,Games 2022,Интересное,топ 5,топ 10,Разрушаем мифы в cs 2,Мифы кс 2,Секреты в ксго,Мифы,Факты ксго,Пасхалки в кс 2,Лайфхаки кс 2,Новые мифы в кс 2,Глобал,CSGO 2,СРАВНЕНИЕ СКИНОВ В КСГО И КС2,СКИНЫ В КС2,ОТЛИЧИЕ СКИНОВ В КС2 И КСГО,ОБНОВЛЕНИЕ В КС2,NUKE CS2,OFFICE CS2,НОВЫЕ КАРТЫ В КС2",PT33S,5540,181,12
Counter Strike 2,7xfWxe8ateY,🔥 ВЫБИЛ НОЖ ВЫЖИВАНИЕ в CS2 ! на CASE BATTLE 2.0 - UPGRADER ||  #casebattle #cs2 #ксго #csgo,UC2rF6UKoEjTnrsAT0a-o2TA,ЛЕГЕНДА апгрейдера,2026-06-24T15:00:14Z,"Паблик с халявой - @ggdrop_promocod








 теги не смотреть 

 cs go, кс, кс го, кс2, ксго, cs2, кейсы, cs, кс 2, открытие кейсов в кс го, открытие кейсов, counter-strike 2, csgo, source 2, counter strike 2, контр страйк, нож, кейсы кс го, cs 2, cs:go, угар, перчатки, го, кейсы в кс, redder, кейсы cs2, летс-плейщик, автомобили, bulkin, булка, влог, булкин, counter-strike, контейнер, инвентарь, дорого, стрим, продал, с капсул до ножа, купил, сломанный клык, операция, скорость, тачки, ржач, лучший, топ, блог, летс-плей, cs2 кейсы, cs2 открыл кейсы, cs2 нож, выпал нож, реддер, нож кс го, открытие кейсов cs go, олег кофи, кофи, coffi, cs go кейсы, коффи, коффи олег, cs go 2, канал коффи, coffi channel, олег коффи, выбил нож в кс го, открываю кейсы в cs2, дантес кс го, redder нож, dantes cs go, открытие кейсов кс2, кейсы в кс2, кс2 кейсы, counter-strike2, кейс батл, кейсы кс2, cs2 открытие кейсов, redder cs2, кс го 2, cs go update, первый запуск соурс 2, опенкейс в cs2, драгон лор кс2, cs go source 2 gameplay, cs go source 2, кс2 открытие кейсов, соурс 2, открыл кейсы, нож в кс2, первый запуск кс го 2, веля, открытие кейсов кс го, реддер кс го, cs go нож, нож в cs2, открытие кейсов в кс, мой первый опенкейс в cs2, крафт до ножа, кейсы кс 2, ящик пандоры кс го, перчатки кс го, новые кейсы, открытие кейсов в кс 2, контр страйк 2, открытие капсул в кс го, реддер кс2, case-battle, капсулы paris 2023, делайт cs go, делайт, standoff 2, опенкейс, кейс горизонт, открытие кейсов кс 2, стандофф 2, кейс батл промокод, веля открытие кейсов, открыл все кейсы в кс2, открытие кейсов в cs:go, выбил нож, перчатки ящик пандоры, гейб ньюел, выбил перчатки в кс го, открыл 100 кейсов, кабина, перчаточный кейс кс го, case revolution, кейс revolution cs go, капсулы stockholm 2021, банди, cs:2, новый кейс, кс го кейсы, стандофф, кейсы cs go, стэндофф 2, стендоф, стендофф, кейсы в кс го, веля в кс го, нож ксго, веля 2.0, дантес, капсулы рио, zernovka, новый кейс кс го, эвелон, extrim, кс го открытие кейсов, эвелон битва кейсов, открытие кейсов cs2, кейс ксго, counter strike global offensive, выбил нож бабочку в кс го, зерновка, открытие кейсов в кс го выпал нож, делайт cs 2, case battle, дорогие кейсы, новый кейс в кс го, открытие кейсов cs 2, dantes csgo, malloy, кейсбатл, контракт на дигл пищаль, окуп на case battle, шиморо, shimoroshow, николаевич, case battle апгрейд, opencase, огненный змей, юмор кс, dragon lore, фарго, лоу баланс, casebattle, девушка, counter-strike: global offensive (video game), игра, case battle тактика, кейс баттл, тактика кейс батл, shimoro, best knife openings, stiletto, новый нож, стандофф 2 баги, баги в стандофф, баг в стандофф 2, баги, коффи кейсы, коффи кейсы кс го, нож за миллион рублей, нож за миллион, выбил нож за миллион, выбил нож за миллион рублей, выбил нож за миллион рублей в ксго, читер, вышла 0.23.0, обнова стандофф, обнова 0.23.0, обновление 0.23.0, тиктак стрим, standoff 2 0.23.0, обнова standoff 2, 0.23.0, мифы тиктак, обновление standoff 2, тикток, awm treasure hunter, промокод, купил аккаунт, выбил нож в ксго, изумруд, проверка новых кейсов, новые кейсы кейс батл, градиент, новые перчатки, яуктщмлф, рентген, новые кейсы шансы, как выдают новые кейсы, проверка кейс батл, кейс батл тактика, опенкейс кейс батл, кейс батл обновление, проверил новые кейсы, pthyjdrf, best knife, st butterfly emerald, butterfly emerald, миллион, миллион рублей, бабочка изумруд, emerald csgo, стендоф 2, best knife i, most expensive knife unboxing, тиктак, стандофф 2 тик так, standoff, окуп на кейс батл, buster, кс:го, нож коготь кс го, веля 2.0 кс го, веля в cs go, открытие кейсов в cs go, нож наваха кс го
case-battle проверка новых кейсов, кейс батл как окупиться? Новые кейсы case battle, новые кейсы кейс батл. Кейс батл большой депозит, кейс батл прокачка аккаунта, кейс батл промокод, case-battle промокод, Кейс батл обновление
кейс батл, case-battle, case battle, кс го, открытие кейсов, кейс баттл, case battle промокод, case battle проверка, case battle апгрейд, cs, лоу баланс, кейс батл сайт, кс, проверка сайта кейс батл, кейс батл проверка, апгрейд, гарти, case batle, выбил нож, кейс-батл, проверка case battle, проверка кейс батл, case-battle проверка, окуп, кейсы, проверка апгрейда на case battle, case, кейс, extrim, феймос шоу, как окупиться на кейс батл, окупился на case-battle, case-battle окуп, проверка сайта, csgo кейсы, deniskill нож, кейс батл апгрейд, кейсы ксго, окуп на case battle, человед, сфыу ифееду, фамас шоу, case battle нож, как окупиться на case-battle, как окупиться, дикий окуп, гарти кейс батл, конкурс,",PT6S,1417,9,0
Fortnite,juq6203_eF4,meet me at Mega Mall tmrw?,UClG8odDC8TS6Zpqk9CGVQiQ,Fortnite,2026-06-24T23:00:00Z,,PT19S,65613,5409,255
Fortnite,54WoqXXli-Q,Fortnite's NEW *MYTHICS* are INSANE,UC3yHtryql8S7y2jukpFsZSg,Tomato - Fortnite,2026-06-24T21:37:14Z,"With the recent update of all bosses dropping mythics and the Burnt Peanut Sprite, Fortnite's got some WAY crazier mythics this season than I expected. So let's go find all of them... including a surprise one at the end.

Use code tomato because it's cool (Epic Partner)

Music from epidemicsound",PT9M43S,43011,1253,172
Fortnite,QBO1VlMFR1Y,Fortnite is actually doing it.,UC_q5WZtFp36adwqhKpZzxwQ,SypherPK,2026-06-24T20:15:15Z,"Fortnite C7 Season 3 is shaping up to be a pivotal moment in Fortnite history, and it's mostly thanks to 1 thing... Sprites. If Epic can string together a few seasons like this one, we may be headed into another prime for Fortnite. Enjoy guys.

🌟 Socials 🌟

📺 Twitch: http://www.twitch.tv/sypherpk
🐥 Twitter: http://www.twitter.com/sypherpk 
📷 Instagram: https://www.instagram.com/sypherpk/ 
💌 Discord: https://discordapp.com/invite/sypherpk
📚 Facebook: https://facebook.com/SypherPK

🎬 Produced by Jarrett & Trey
🎥 Edit by Vadip
🎨 Thumbnail by Skyalexanderr

#fortnite  #sypherpk #season3",PT13M16S,197502,8168,804
Fortnite,lTSSAsAoj4A,Fortnite Made ME A Sprite! 😁,UCIBcR0GsS3lEC1ythGB06QA,Crackly,2026-06-24T17:55:41Z,"Fortnite Made ME A Sprite! 😁

🐟 Use Code ""Crackly"" in the Item Shop to support me! #EpicPartner🐟

🔴 LIVE Everyday on Twitch: https://www.twitch.tv/crackly 🔴

⬇️ FOLLOW ME ⬇️

📺 Instagram: https://www.instagram.com/crackly2/
🐦 Twitter/X: https://x.com/FAcrackly
📷 Twitch: https://www.twitch.tv/crackly
🎞️ TikTok: https://www.tiktok.com/@cracklyy

#Fortnite #chapter7 #fortniteclips #crackly",PT29S,138006,4137,312
Fortnite,rY_6TFWOK5I,CHASSE AUX ESPRITS RARES sur Fortnite ?! (Ft. Enzo),UC_2f_XYSFVda64R3DmiYGeQ,SlydiZz,2026-06-24T17:00:23Z,"Salutations !
On se retrouve pour une vidéo où on va faire une course aux esprits avec Enzo où celui qui aura le plus de points gagnera la vidéo ! #fortnite 

Si vous voulez commander des périphériques ou autre vous pouvez aller voir le site de Maxesport et n'oubliez pas le code SLYD pour avoir -5% sur tous vos achats ! 
Cliquez sur ce lien pour voir directement les promotions : https://maxesport.gg/fr/promotions-et-offres/?aff=slydizz

METS LE CODE CRÉATEUR : 'Slyd'  - Publicité

CODE DE MES MAPS :
1V1 EDIT COURSE WITH LEVELS [SLYD] : 1663-6543-6129
1V1 BUILD FIGHT (WITH WINS SYSTEM) : 6686-6568-3189
ONLY 200 HEADSHOT BOX FIGHT 🎯[RANKED] : 1104-2872-7866
COLOR FREEBUILD : 4250-1688-8868

Devenez membre sur la chaine :
https://www.youtube.com/channel/UC_2f_XYSFVda64R3DmiYGeQ/join
-----------------------------------------------------------------------------------------------------------------
📱 MES RÉSEAUX SOCIAUX ►
►Discord - https://discord.gg/p5jrdgAjN3
►Twitter - https://twitter.com/SlydiZz
►Instagram - https://instagram.com/slydizzyt/
►Twitch - https://www.twitch.tv/slydizz
►Mes settings - konect.gg/slydizz
-----------------------------------------------------------------------------------------------------------------
🎨Miniamaker : https://x.com/StiMaDZN
🎬 Monteur : moi même
📃Mail Pro : slydizz@jumpee.fr",PT24M47S,3882,276,16
Fortnite,eAaRf0Riswo,Best Setting Map Code 9994-1942-8746 😍 #clowzen #fortnite,UCCu3tv9XDC11VaIgTdlwwxw,nL Clowzen,2026-06-24T16:55:02Z,,PT14S,8823,318,18
Fortnite,8yg2QaEcWBw,Die legendäre GESCHICHTE von EDWARD..😱 [Fortnite],UCHnGh6ClNwEy4aK-bnufo1w,Addi LIVE,2026-06-24T16:00:10Z,"Die legendäre GESCHICHTE von EDWARD..😱 [Fortnite]

Das ist die legendäre Fortnite Geschichte von dem Spieler Edward. Er will unbedingt den Sprite Contest gewinnen und hat dafür einen coolen Sprite gezeichnet!🤯

#gaming #shorts #glitch #youtubeshorts #fortnite #chapter7 #fypシ

Creator Code: Addi ❤️ #Werbung

📲 Folgt mir gerne:
📞 WhatsApp: https://addi.yt/whatsapp
📷 Instagram: https://www.instagram.com/yt_addi
🎥 TikTok: https://www.tiktok.com/@addiaufdie1

Denkt an ein Like👍🏻 und ein Kommentar💬, wenn euch das Video gefallen hat!❤️

Fortnite Tipps und Tricks Fortnite Mythen Fortnite Kapitel 7 Season 2 Fortnite Glitch deutsch Fortnite shorts deutsch fortnite mythen deutsch",PT37S,238928,15655,52
Fortnite,9muJCbmq6cs,We’re bringing them back. Introducing: Unvaulted.,UClG8odDC8TS6Zpqk9CGVQiQ,Fortnite,2026-06-24T16:00:01Z,,PT17S,395703,19796,1805
Fortnite,fS0Jm2ti4Iw,Je me suis pris pour PETERBOT en TOURNOI FORTNITE ! 😲 | BEST OF LIVE #170,UCNMJiOohMtdGClWdc4LScBg,ZetFar,2026-06-24T15:45:56Z,"🎮 Ma manette SCUF (5% de réduction avec le code ""zetfar"") ➔ https://scuf.co/zetfar

💛 Code créateur Fortnite ➔ ""zetfar"" #publicité #fortnitelive 
🛍️ La boutique Fortnite ➔ https://www.fortnite.com/item-shop?cr...

👕 Ma boutique officielle ➔ https://zetfar.com
📖  Le tome 1 de mon livre ➔ https://l1nq.com/9fRQW
📖  Le tome 2 de mon livre ➔ https://t.co/0a6KODaHTi

💛 Si tu veux commander ton maillot HavoK ➔ https://teamhavok.fr
💎 Pour devenir sponsor de la chaine ➔ https://t.co/pDX8HuXI3r
📧 Contact ➔ contact@zetfar.fr

---------------------------------------------

🌟 Mes autres réseaux🌟

🔴 ZetFarTV ➔ www.youtube.com/@zetfartv
📺 Twitch ➔ https://www.twitch.tv/zetfartv
🐥 Twitter (X) ➔ https://twitter.com/ZetFarYT
💌 Discord ➔ https://discord.gg/zetfar
📷 Instagram ➔ https://Instagram.com/zetfaryt
📽️ TikTok ➔ https://www.tiktok.com/@zetfaryt 
🖼️ Snapchat ➔ https://www.snapchat.com/@youtubezetfartv
🎭 Facebook ➔ https://www.facebook.com/zetfaryt
🎵 Spotify ➔ https://open.spotify.com/show/5Vk9ofw6MjbmB1ivYdqtmx

--------------------------------------------

✨ Mes maps Fortnite ✨ (https://www.fortnite.com/@zetfar) 

🔫 Super Pistol Oneshot ➔ https://play.fn.gg/island/4916-2632-4742
🏃 Mega Parkour 500+ ➔ https://play.fn.gg/island/9322-4074-5000
⚔️ Maps de combat ➔ ""wzf"" dans la barre de recherche Fortnite 🔎",PT14M25S,33004,2288,127
Fortnite,4q4LWU-sLfU,I Tried The Hardest Challenge Ever Against The #1 Fortnite Player,UCLDozS2TJo_qr8XXkZCscWg,FortniteDad ,2026-06-24T15:05:10Z,"I was carrying the rarest sprite in Fortnite and trying to win without firing a single bullet. Everything was going according to plan... until I ran into the #1 Fortnite player. 😳
@ShipStreaming",PT2M22S,12428,427,25
Fortnite,oXk8D2Zuj8s,*GRATIS* COMO CONSEGUIR MUCHOS COSMÉTICOS DE ESPIRITUS EN FORTNITE! SUBE RÁPIDO DE NIVEL A ESPIRITUS,UCdgvVmcqTVSuxI0z0RJ6FmA,WildSantiago,2026-06-24T15:00:35Z,"TWITCH: https://www.twitch.tv/wildsantiago

EL DISCORD : https://discord.gg/GCGT5asKuj

Hey que tal? Gracias por formar parte de esta familia y ver mis videos! Sin ustedes no podría hacer lo que hago! 

:D

Music: Robert Firth 

Espero me puedan apoyar y seguirme en Twitch: https://www.twitch.tv/wildsantiago​
LES AGRADEZCO UN MONTON POR TODO! 
Deja tu comentario respecto a esta nueva temporada, te gusta o no? 
Acepto todas las críticas  constructivas, si les gusta, suscríbanse que me ayuda mucho :D

Muchas gracias por unirte al directo y apoyarme, no te olvides de darle al like para que mi canal siga creciendo y podamos seguir disfrutando juntos!

===============================
#elwild #wildsantiago 
#ad

Preferiblemente utilicen mayúsculas porque en algunas consolas no funciona con minúsculas. 

Y no se olviden, cada vez que utilizan el código, le dan un nugget al baby Yoda ❤️
————

YA PUEDEN SER MIEMBROS DEL CANAL, ALADO DEL BOTON DE SUSCRIBIRSE SE ENCUENTRA EL BOTON ''UNIRSE'', ASI PODRAN DISFRUTAR DE CONTENIDO EXCLUSIVO Y DARME IDEAS DE VIDEOS COMO ASI COLABORAR CONMIGO! INCLUSO PARA HACERLES PROMOCION. 
MAS INFO EN EL BOTON DE ''UNIRSE'' ALADO DE LA SUSCRIPCION!
————
 

Gracias por el apoyo y el respeto que siempre he recibido de parte de todos, cuídense mucho en estos tiempos difíciles y sigamos jugando Fortnite ! 

———————————
Mis otras redes :D

~ Instagram: https://www.instagram.com/elwildsantiago/​

~ Facebook: https://m.facebook.com/zsantiagoz/

~ TikTok: https://www.tiktok.com/@wildsantiago?

Tags:
fortnite
pavos fortnite
error fortnite
fortnite regala pavos
cosas gratis fortnite
pavos error fortnite
fortnite 100 pavos
fortnite gesto copiado
fortnite problema tienda
error en la tienda fortnite
remus gratis
mascota gratis
fortnite error
dumbs ways to die fortnite
800 pavos gratis
mochila gratis
gesto gratis
fortnite emperatriz
fortnite gato gratis",PT18M4S,3848,173,35
Fortnite,yg3vdkDmbh4,The vault has been opened and we’re pulling a few things from this file 🔓,UClG8odDC8TS6Zpqk9CGVQiQ,Fortnite,2026-06-24T13:00:00Z,,PT26S,348693,17641,894
Fortnite,hU8z1lvOEA8,100 WIDZÓW CHOWANEGO NA CAŁEJ MAPIE w Fortnite,UCFe5JHJqZ02_cbN3VtWbppQ,Rafa Plus,2026-06-24T11:30:15Z,"💎 Wpisz kod RAFATOJA w sklepie!
⚡ Global Fashion Show 2999-2304-3509
Dołącz do Discord: https://discord.gg/xTA8XzczuA
#fortnite #epicpartner #reklama",PT11M38S,1681,129,16
Fortnite,oCDbJsgb1eI,Devasto nel TORNEO IN RIENTRO e Faccio Top 1.000! Fortnite ITA,UCej1dLs9weGrEOycysVw6Cw,Ferro Fortnite,2026-06-24T11:30:31Z,"In questo video torno a competere nel torneo Fortnite dopo una pausa e il risultato è incredibile! 🔥 Match dopo match riesco a costruire una run solidissima, accumulando eliminazioni e punti fino a raggiungere la Top 1.000 della classifica. Tra clutch spettacolari, fight intense e decisioni decisive nelle fasi finali, vedrai tutto il percorso che mi ha portato a questo grande risultato.

Se ami Fortnite Battle Royale, i tornei competitivi, le migliori giocate e i gameplay ad alto livello, questo video fa per te. Analizzeremo momenti chiave, rotazioni strategiche e combattimenti che hanno fatto la differenza durante il torneo.
🔔 ISCRIVITI per non perderti altri video su Fortnite, gameplay e sfide!
👍 Lascia un like se vuoi più contenuti del genere!
💬 Commenta se anche tu sei tornato su Fortnite dopo mesi!
#fortnite #fortniteitalia #fortnitecompetitive",PT21M47S,5225,243,12
Fortnite,iZUYN5L5dDM,ALVI WIRD ZUR LEGENDE ...,UCGY1zhMS-dW1BHnfNfQe5gA,Alvi,2026-06-24T11:28:32Z,"ALVI WIRD ZUR LEGENDE ...
Viele Seasons am Stück hat sich nichts im Fortnite Ranked System getan. Zur neuen Season kam endlich ein neuer Rang raus: Unreal Legends. In dieser Ranked Serie ist unser Ziel, diesen zu erreichen.
Wenn du mich unterstützen möchtest, verwende den Creator-Code ""AlviVB"" im Itemshop!


🟣 MYPC ► https://visit.mypc.de/fortnite-pcs/alvi


★ ALVI SHOP:
Alvi Merch ► https://alvi-merch.de/
Alvi Merch Insta ► https://www.instagram.com/alvimerch/


★ SOCIAL MEDIA:
►Instagram: https://www.instagram.com/alvi.vb/
►Youtube: @AlviVB
►Youtube 2. Kanal: @MehrAlvi
►TikTok: https://www.tiktok.com/@alvi.vb
►Twitch: https://www.twitch.tv/alvivb
►Spotify: https://open.spotify.com/show/0d9hkO0qOLB06FIr8snVwc
►Twitter: https://x.com/alvi_vb
►Discord: https://discord.gg/FHdjNWqddm
►Creator Code: AlviVB ❤️

★ EQUIPMENT & PARTNER:
► PC von MYPC: https://mypc.de/fortnite-pcs *
► Maus & Tastatur von NYFTER:  https://nyfter.com/?ref=Alvivb *
► Die leckersten Getränke von HOLY: http://holy.com/alvi *

▬▬▬▬▬▬▬▬▬▬▬▬▬▬▬▬▬▬▬▬▬▬▬

► Werde VIP und nutze extra Emoji´s: https://www.youtube.com/@AlviVB/join
► Spenden: https://streamelements.com/alvivb/tip

Hier kommst du in Alvi seinem WhatsApp Kanal: https://whatsapp.com/channel/0029Va9CdGIHVvTdbeXgO72A

▬▬▬▬▬▬▬▬▬▬▬▬▬▬▬▬▬▬▬▬▬▬▬

Erläuterung zu Affiliate Links:
Die mit ** gekennzeichneten Links sind sogenannte Affiliate Links. Kommt über einen solchen Link ein Einkauf zustande, werde ich mit einer Provision beteiligt. Für Dich entstehen dabei keine Mehrkosten. Wo, wann und wie Du ein Produkt kaufst, bleibt natürlich Dir überlassen.

Sämtliche mit * gekennzeichneten Links stellen Werbung dar.

​​​​​​​​​#fortnite​​​​​ #ad #epicpartner​​​​
► 2026 by Alvi",PT20M31S,21240,1440,611
Fortnite,-r_vMb74ctA,I Hosted a 1HP Tournament!,UCh7EqOZt7EvO2osuKbIlpGg,Lachlan,2026-06-24T11:00:23Z,"A full lobby, but everyone only has 1 HEALTH!

Check out the RIG Headset featured here: https://www.riggaming.com/r8-pro-series 

Use #CodePWR - Epic Partner: https://www.fortnite.com/item-shop?creator-code=PWR

Join the PWR Discord: https://discord.gg/pwr 
🕹️ Red Bull Gaming Athlete: https://www.redbull.com/au-en/athlete/lachlan-power 
🎧 Official Headset partner | RIG: https://www.riggaming.com/pwr 
🎮 Official Controller partner | Nacon: https://www.nacongaming.com/en-GB/revolution-5-pro 
👕 PWR Apparel | https://PWR.Supply/s/lachlan

❱ Subscribe to PWR⚡️| https://bit.ly/PWRsubscribe 
❱ Subscribe to More Lachlan | https://bit.ly/MoreLachlanSubscribe 
❱ Subscribe to Lachlan | https://bit.ly/LachlanSubscribe 

Follow Lachlan on: 
❱ Twitter | https://twitter.com/LachlanYT 
❱ Instagram | http://instagram.com/Lachlan 
❱ TikTok | https://TikTok.com/@lachlan

PWR: 
❱ Twitter | https://twitter.com/TeamPWR 
❱ Instagram | https://instagram.com/TeamPWR 
❱ TikTok | https://www.tiktok.com/@PWR 
❱ Twitch | https://twitch.tv/TeamPWRgg 
❱ Facebook | https://facebook.com/TeamPWRgg 
❱ Website | https://teampwr.gg 

This video was produced by the LCLN Group and is copyright of LCLN Pty Ltd. The unauthorised reproduction or distribution of this work is not permitted. Music supplied by: 
❱ Epidemic Sounds | http://bit.ly/EpidemicSoundsLachy",PT14M50S,95740,2841,124
Fortnite,CEfS8Wp8p8U,Mi-am Trollat Cu HACK Abonatii Pe Fortnite,UC5mUbNulgrJcaFYj9epYKgw,PAUL2M,2026-06-24T08:05:41Z,"Steelseries: https://steel.promo/RO-SteelSeries-GLOWUP-Paul2M


💠 Foloseste codul PAUL2M pe shop pentru 53 ani de noroc. (dovedit științific ✔️) #epicpartner 
💠 Cumpara Membru pentru beneficii SPECIALE: https://www.youtube.com/channel/UC5mUbNulgrJcaFYj9epYKgw/join

🔥Hai să ne antrenam la Fortnite:
- intra pe harta mea de zonewars: 8425-0626-1418

🔥 Instagram: https://www.instagram.com/pauliacobat/
💠 Discord: https://bit.ly/3aAdAoA 


😊 Acest episod este family friendly.

╔═╦╗╔╦╗╔═╦═╦╦╦╦╗╔═╗
║╚╣║║║╚╣╚╣╔╣╔╣║╚╣═╣ 
╠╗║╚╝║║╠╗║╚╣║║║║║═╣
╚═╩══╩═╩═╩═╩╝╚╩═╩═╝",PT11M23S,1830,162,21
Fortnite,POLkqFFN5yQ,倒した敵がまさかのRainy！？しかもその後３連続同じマッチになった。【フォートナイト/Fortnite】,UCoshLrMqXNr9ML94UK50Z3A,けいきちゃんねる,2026-06-24T07:00:37Z,"動画の感想とか面白かったシーンとかコメント待ってます！！！！

クリエイターサポート→【KEIKI】

※動画や配信の切り抜きについては
ショート動画（60秒未満）のみOKとしてるのでよろしくお願いします！！

★けいきCHゾーンウォーズマップが出ました！
マップコード：8332-5330-4197

最近ヴァロラントのチャンネルも始めました！
興味あれば見てね↓↓
https://www.youtube.com/@keikichGOD

Twitter↓
https://twitter.com/keikiww

TikTok↓
https://www.tiktok.com/@keiki_ch

陰スタグラム↓
https://www.instagram.com/keiki_ch/?hl=ja

メンバーシップの登録はこちらから！↓
https://www.youtube.com/channel/UCoshLrMqXNr9ML94UK50Z3A/join

けいきちゃんねるラインスタンプ↓
https://store.line.me/stickershop/product/30007802/ja

ーーーーーーーーーーーーーーーーーーーーーーーーーーーーーーーーーー

使用させていただいてるBGMや効果音
BGM:『しゃろう』『DOVA-SYNDROME』『MusMus』

Track: TheFatRat - Jackpot  
Music provided by TheFatRat  
Watch: https://www.youtube.com/watch?v=kL8CyVqzmkc
ーーーーーーーーーーーーーーーーーーーーーーーーーーーーーーーーーー
#フォートナイト #Epicpartner #けいきちゃんねる",PT17M56S,20540,375,41
Fortnite,rYIqyahgTAQ,100 PLAYER Vogliono il Mio SPIRITELLO GALAXY PUNTO ZERO! *RARISSIMO* Fortnite ITA,UCndmoluIWqDpPLV70xMdoZg,Gigi II,2026-06-24T05:00:33Z,"🔥SUPPORTAMI NEL NEGOZIO OGGETTI DI FORTNITE!
     Codice supporta un creatore: GIGIYT
✅ Link al Negozio Oggetti di Fortnite
https://www.fortnite.com/item-shop?creator-code=gigiyt
#Ad #EpicPartner Utilizzando il mio codice creatore riceverò una piccolissima parte di quello che hai speso! Grazie mille!

🗺️ Le mie Mappe in CREATIVA:
https://www.fortnite.com/@gigiyt?lang=it

✅ Canale Extra di Fortnite:
https://www.youtube.com/@GigiSPECIALZ

🔥 Canale Telegram dedicato alle offerte di Amazon:
https://t.me/offertegigiyt

👉 Abbonati: 
https://bit.ly/abbonamentogigiyt

100 PLAYER Vogliono il Mio SPIRITELLO GALAXY PUNTO ZERO! *RARISSIMO* Fortnite ITA

🔥 Eccoci tornati su Fortnite per regalare lo spiritello galaxy punto zero!

🔥 Seguimi su TUTTI i miei Social:
https://linktr.ee/gigiyt

🎁▶️ SUPPORTAMI SU AMAZON CON I TUOI ACQUISITI:
https://amzn.to/33ifCUc
•La mia Vetrina Amazon: https://www.amazon.it/shop/gigiyt
•Setup Pc Gigi: https://amzn.to/2OeUQQV 
•Setup Pc Serena: https://amzn.to/2KK6xNB
•Altro per Streaming/Rec: https://amzn.to/2KOKzJ7
(Commissioni guadagnate)

Email commerciale:
GigiYT@whatthefactory.it

🔥 Promozioni: https://bit.ly/gigiytpromo",PT40M36S,8920,495,23
Fortnite,UkAHCZ-e0cY,I Spectated My Fortnite Duo 6 Years Later...,UC0BP-IX_TViUEK8jaey3vew,SoaR Dylan,2026-06-24T03:45:14Z,"SUBSCRIBE TO MY NEW ROBLOX CHANNEL 👇
https://www.youtube.com/@DylansBlox

Subscribe to my other YouTube channels 👇
https://www.youtube.com/@notSoaRDylan
https://www.youtube.com/@dyl2

Subscribe to SoaR 👇
https://www.youtube.com/@SoaRGaming

Follow me on all socials 👇
https://twitter.com/SoaRDylan
https://www.instagram.com/notdyln

#Fortnite",PT11M43S,68672,3211,215
Fortnite,FHLabh6n_dE,The *RANDOM* GUMMY SPRITE BOSS Challenge!,UCqVCSWnuOSPm26orvNDTuWQ,TG Plays,2026-06-24T00:53:38Z,"I got ALL of the RARE GUMMY SPRITES!
❤️ Subscribe so you don't miss future videos!

Use code TYPICALGAMER in the item shop 💙 (Epic Partner)

🎮 I build Fortnite games with my studio JOGO
⭐ Follow us in Fortnite for new maps and updates first 👇
https://www.fortnite.com/@TypicalGamer
https://www.fortnite.com/@JOGO

💬 Join the Discord: https://discord.gg/TypicalGamer
🐦 Twitter: https://twitter.com/TypicalGamer
📸 Instagram: https://instagram.com/typicalgamer  
🧢 Shop Merch: https://typical.store

Music by Epidemic Sound: https://www.epidemicsound.com",PT20M45S,223459,4029,470
Fortnite,2HB4CUfXbGw,This might get me banned #fortnite #fortniteclips,UCCUxGe-BJ4W8xCRwSFVzUog,Archous,2026-06-23T22:58:16Z,,PT28S,1227522,13496,117
Fortnite,QOai2071Rys,Fortnite Is Hiding An AMAZING Easter Egg..,UCYn6CZe5UGIyPe9WJb0pTrg,Top5Gaming,2026-06-23T21:36:00Z,"Fortnite Is Hiding An AMAZING Easter Egg..
Item Shop Code: T5G #UseCodeT5G #fortnite #epicpartner 

Follow us on Instagram & Twitter to be informed when we post:
https://twitter.com/Top5Gamingx
https://www.instagram.com/top5gamingx/

Check out our Other Fortnite Videos Here

Fortnite SHATTERED EVENT - The DEATH of JONES!?
https://www.youtube.com/watch?v=vKIsTOYMTsA

Fortnite SEASON 3 Is IN TROUBLE!
https://www.youtube.com/watch?v=zzwqoCO-jls&t=2s

Fortnite SEASON 3 - EVERYTHING WE KNOW!
https://www.youtube.com/watch?v=rSkR-u2b6o0

50 Secrets & Easter Eggs In Fortnite!
https://www.youtube.com/watch?v=6SBO6DanZIM

Notice: We earn revenue from you supporting us in the Fortnite Item Shop. Thank you to Epic Games for partnering with us",PT32M14S,291466,6147,293
Fortnite,DXPVPQqQJBQ,¿PORQUE El ESPÍRITU DEMONIACO GALAXY Es MAS DIFÍCIL De ENCONTRAR En FORTNITE? #fortnite #shorts,UCVAT4WD7EE3zJF5elTa_GuQ,NoeHD,2026-06-23T20:20:02Z,RECUERDA DE USAR EL CODIGO NOEHD EN LA TIENDA DE FORTNITE:),PT25S,51903,1565,168
Fortnite,KpzI4Hi9CzE,Enfrenté a TODAS las REGIONES de Fortnite,UCNLlPjwBhR6pwQfRfl07kUA,RoTrex,2026-06-23T18:17:26Z,"Hoy voy a Enfrentar CADA REGION de Fortnite con RoMax y Gorilon!

🔥👉🏻 ¡Descarga GearUP ahora y usa el código ""ROTREX"" para obtener una PRUEBA GRATIS!
[https://www.gearupbooster.com/camp/fortnite/?channel=fnkol311&lang=es-eu]

🚀 Experimenta un Ping BAJO y ESTABLE, con reducciones de hasta 50 ms y 0% de pérdida de Paquetes

🔸 Código ROTREX en la Tienda de Fortnite

🟣 Mi Twitch donde Hago Directos: https://www.twitch.tv/the_rotrex

Mi Nuevo Libro!: 
* Rompe el Internet con tus Videos = https://a.co/d/dfTXAKQ

➜ Mis Redes Sociales: https://linkbio.co/5081701RU7srG
▬▬▬▬▬▬▬▬▬▬▬▬▬▬▬▬▬▬▬▬▬▬▬▬▬▬▬▬▬▬▬▬▬▬▬▬▬▬▬▬▬
Negocios: rotrexcontacto@gmail.com
▬▬▬▬▬▬▬▬▬▬▬▬▬▬▬▬▬▬▬▬▬▬▬▬▬▬▬▬▬▬▬▬▬▬▬▬▬▬▬▬▬",PT25M7S,36157,1293,93
Fortnite,vW1ED7AouUo,FASTEST AND BEST SPRITE CRATE ROUTE in Fortnite Chapter 7 Season 3 💀 #fortnite #shorts #gaming,UC_ga0khaftj9BVmHxpghSew,Fortnite Glitches HQ,2026-06-23T18:05:27Z,#fortnite #shorts #gaming #shortsfeed #youtubeshorts #fortniteclips #fortnitebr #trending #viralvideo,PT57S,369356,12388,97
Fortnite,CzU-2Y2-wh4,"157 Elimination ""RANKED RELOAD"" Gameplay Wins (Fortnite Chapter 7 Keyboard & Mouse)",UC0Yj9yI1-bo1nAOxvRol77w,Gurama,2026-06-23T17:39:35Z,"157 Elimination ""RANKED RELOAD"" Gameplay Wins (Fortnite Chapter 7 Keyboard & Mouse)
#Fortnite #Reload #FortniteReload #ReloadRanked

🔴 Support the channel! Use code ""Gurama"" in the Item Shop! 💖 #epicpartner

📩 Business & sponsorship inquiries: guramafn@gmail.com

Join this channel to get access to perks:
https://www.youtube.com/channel/UC0Yj9yI1-bo1nAOxvRol77w/join

🖥 Sensitivity & DPI:
▪ X & Y Sensitivity: 10%
▪ Targeting: 50%
▪ Scoped: 50%
▪ DPI: 1300

⚙ PC Specs:
🔹 CPU: Intel i7-14700K
🔹 GPU: PALIT RTX 3070 8GB GAMEROCK
🔹 RAM: G.SKILL RIPJAWS5S 32GB 5200MHz
🔹 SSD: GOODRAM PX500 1TB
🔹 Motherboard: MPG Z690 EDGE WIFI
🔹 CPU Cooler: THERMALRIGHT AQUA ELITE 360 V3
🔹 PSU: 1STPLAYER 700W 80+ BRONZE
🔹 Case: MAG FORGE 320R AIRFLOW

🎮 Setup:
🖱 Mouse: Logitech G Pro X Superlight
⌨ Keyboard: SteelSeries Apex Pro TKL
🎧 Headset: HyperX Cloud 2
🖥 Monitor 1: SAMSUNG 25"" Odyssey G4 240Hz
🖥 Monitor 2: LG 24MS550-B

📌 Don't forget to like & subscribe for more Fortnite content! 👍🔔",PT53M30S,8892,107,7
Fortnite,hyhKqAVOjZo,Notre qualification en DIVISION 2 FNCS.. (le front qui brille),UCb8A85srkG5a0QUhB6ikVLg,Teeqzy,2026-06-23T17:12:38Z,"Publicité : Je fais la publicité de mon code créateur Epic Games dans cette vidéo.   
#publicité #epicpartner #ad  

Chaîne secondaire :
► Teeqzy Replay : https://www.youtube.com/TeeqzyReplay

Suivez-moi sur les réseaux sociaux : 
► Tiktok : https://www.tiktok.com/@teeqzy.k
► Twitter : https://twitter.com/TeeqzyK
► Instagram : http://instagram.com/Teeqzyk
► Twitch : http://twitch.tv/teeqzy_

Business uniquement : contact.teeqzy1@gmail.com",PT54M32S,41154,2012,104
Fortnite,Zz29ecnleq0,Fortnite JOHN WICK Challenge!!,UCnhzkAZnYO3tAV37C7no4ow,Alkanhraje,2026-06-23T15:35:52Z,"Dnes tu pro Vás mám fortnite challenge, ve které si zahrajeme POUZE s Baba Yaga pistolkou!

👕 MERCH: https://www.alkan.shop/
Uděláš tím radost nejen sobě, ale i mně. Díky za podporu. ❤

🐐 Nejlepší sváča, abys hrál jako goat. 🐐 - http://www.goated.cz

PC - https://bit.ly/AlkanPC

 - Vyzkoušej moje mapy ve FORTNITE -
TOMATO PIT FFA 🍅 - 5141-0104-2682
PUEBLO OG FFA 🏜️ - 0512-7287-0131
MEME BOX PVP 📦 - 0431-3048-6633


Přes tyto affiliate odkazy na Alzu mě podpoříte, při jakémkoliv nákupu na stránce. 

Mockrát Vám děkuju za veškerou podporu. ❤

► Gaming PC + Streaming PC
AlzaGameBox - Alkan edice F - 360
https://bit.ly/AlkanPC
https://bit.ly/AlkanPC
https://bit.ly/AlkanPC

ALZA - Dárková karta do Fortnite - 
https://bit.ly/Gift-card-Fortnite-Alza
https://bit.ly/Gift-card-Fortnite-Alza
https://bit.ly/Gift-card-Fortnite-Alza


Monitory pro Alza GameBox Alkan edice F - 60
Levnější varianta -  https://bit.ly/3vPnMaF
+ DisplayPort - https://bit.ly/3SdL9ST
Výkonnější varianta - https://bit.ly/3vWmL0k

Monitory pro Alza GameBox Alkan edice F - 144
Levnější varianta -  https://bit.ly/3vWmL0k
Výkonnější varianta - https://bit.ly/3Sw3hbI

Monitory pro Alza GameBox Alkan edice F - 240
Levnější varianta -  https://bit.ly/47PXRwR
Výkonnější varianta - https://bit.ly/492ZA2K

Monitory pro Alza GameBox Alkan edice F - 360
Levnější varianta -  https://bit.ly/47PXRwR
Výkonnější varianta - https://bit.ly/492ZA2K

Herní myška Č.1 - https://bit.ly/454qUeJ
Herní myška Č.2 - https://bit.ly/43yym0E
Herní myška Č.3 - https://bit.ly/3Su3DOO
Herní myška Č.4 - https://bit.ly/3Y1d0I8
Aktuálně používám také nedostupnou Finalmouse  - UltralightX, velikost M

Herní klávesnice Č.1 - https://bit.ly/3SS82LX
Herní klávesnice Č.2 - https://bit.ly/3Q01lrl
Klávesnice ke streamovacímu PC - https://bit.ly/3pS6J5d

Studiové sluchátka - https://bit.ly/44wsir3
Levnější varianta studiových sluchátek - https://bit.ly/46QaKb3
Nejlevnější varianta sluchátek - https://bit.ly/3rxIdGW

Mikrofon - https://bit.ly/3OkOPBf
Rameno na mikrofon - https://bit.ly/3NY5vxd
Kamera - https://bit.ly/3DEtgG1
Držák na kameru - https://bit.ly/3Ol9ENb
Stojan na kameru - https://bit.ly/3Y1GdmE

Nový herní 2k OLED monitor - https://bit.ly/4b6NGqy
Sekundární monitory ke stream PC - https://bit.ly/3S9MIB1
Držáky monitorů - https://bit.ly/4b8WjAQ
Levnější varianta držáku monitorů - https://bit.ly/3vNaOtY
Herní brýle - https://bit.ly/47Tn2hP

Streamovací karta - https://bit.ly/3KsygkT
Cam link 4k na zrcadlovou kameru - https://bit.ly/3Q4if81
Stream deck - https://bit.ly/3Dm4JVV
Světla - https://bit.ly/3DlJweB
Led pásky - https://bit.ly/3OiOLlA 
Lepší varianta LED pásků - https://bit.ly/3KceE42

Virtuální realita - https://bit.ly/44O3kmI

Telefon - https://bit.ly/4baVFD6
Kryt na telefon - https://bit.ly/3OeKlf8


📷Moje další kanály: 
AlkanExtra
https://www.youtube.com/@alkanextra5599/featured


ALKAN SHORTS
https://www.youtube.com/channel/UC59Q3W1oFxsxt8rz0hrKqxQ

můj creator kód je alkan_  | #EpicPartner #Fortnite
#Alkan_

🎮 Twitch kanál: https://bit.ly/2xD6qiv
📸 Instagram: https://bit.ly/2J3lKdE
🤝 Discord: https://discord.gg/alkan-discord-476473333437825024

🎥 Editor: https://www.instagram.com/_bodas_/?hl=cs
🐵 Grafika: https://bit.ly/2sKEJi6 

Nezastupuje mě žádná agentura, pro spolupráci kontaktujte mého manažera na spoluprace@bluemilk.cz - díky!
alkanspoluprace@gmail.com

Intro song: https://www.youtube.com/watch?v=uy5pWDFq0vI",PT17M38S,12290,572,42
Fortnite,6j2Aa3eHutw,VADEAL gegen 99 STREAMSNIPER in FORTNITE! 🤔 (mit KATOO),UCbJHnUdOaIxiTOB68RB7Nqw,Vadeal,2026-06-23T14:26:54Z,"Benutzt meinen Creator Code: Vadeal um mich kostenlos zu unterstützen! ❤

Mein Merch 
► https://www.vadeal.de/

Meine Fortnite Maps
► 1V1 BUILD FIGHT [VADEAL]: 6342-9923-2508
► SOLO CUP FINALS [ZONEWARS]: 0754-5312-8592
► DUO CUP FINALS [ZONEWARS]: 8894-5597-2034

Folge mir gerne auch auf: 
► 2. Channel: https://www.youtube.com/@mehrvadeal
► Twitch: https://www.twitch.tv/vadeal
► Twitter: https://twitter.com/vadealfn
► TikTok: https://www.tiktok.com/@vadeal_
► Instagram: https://www.instagram.com/vadealfn

Mein Setup:
► Kamera: Sony Alpha 6000 https://amzn.to/4l5tmK3
► Stuhl: SONGMICS Ergonomischer Bürostuhl https://amzn.to/4f9i0Db
► Grafikkarte: MSI GeForce RTX 4090 SUPRIM 24G https://amzn.to/4maSnEm
► Headset: Logitech G Pro X https://amzn.to/45lWKa5
► Maus: Razer Viper V2 Pro https://amzn.to/4mi9p3B
► Monitor: BenQ Zowie XL2566K 24,5 Zoll https://amzn.to/41jn0zp
► Mikrofon: Shure SM7B https://amzn.to/46POG2L

Channel Manager & Editor
► Twitter: https://twitter.com/nuubixtweeted

Business E-Mail: vadeal@wave-esports.gg

#vadeal #fortnite #fortnitehighlights",PT20M7S,9653,548,19
Fortnite,uBx5tDF1TFI,Infinity Blade RETURNS to OG Fortnite!,UCUuDY1vqHMDN6lp_vbaGcHQ,More Lachlan,2026-06-23T14:00:36Z,"OG Fortnite Unvaulted the Infinity Blade

Use #CodePWR - Epic Partner: https://www.fortnite.com/item-shop?creator-code=PWR

Join the PWR Discord: https://discord.gg/pwr 
🕹️ Red Bull Gaming Athlete: https://www.redbull.com/au-en/athlete/lachlan-power 
🎧 Official Headset partner | RIG: https://www.riggaming.com/pwr 
🎮 Official Controller partner | Nacon: https://www.nacongaming.com/en-GB/revolution-5-pro 
👕 PWR Apparel | https://PWR.Supply/s/morelachlan

❱ Subscribe to https://studio.youtube.com/channel/UCXrExb1m3VjR0m1_l9luxRQ ⚡️| https://bit.ly/PWRsubscribe 
❱ Subscribe to https://studio.youtube.com/channel/UCUuDY1vqHMDN6lp_vbaGcHQ | https://bit.ly/MoreLachlanSubscribe 
❱ Subscribe to https://studio.youtube.com/channel/UCh7EqOZt7EvO2osuKbIlpGg | https://bit.ly/LachlanSubscribe 
❱ Subscribe to https://studio.youtube.com/channel/UCbShavGeOHnfiKn2qsYSv2A | https://bit.ly/LachlanPlayzSubscribe

Follow Lachlan on: 
❱ Twitter | https://twitter.com/LachlanYT 
❱ Instagram | http://instagram.com/Lachlan 
❱ TikTok | https://TikTok.com/@lachlan

PWR: 
❱ Twitter | https://twitter.com/TeamPWR 
❱ Instagram | https://instagram.com/TeamPWR 
❱ TikTok | https://www.tiktok.com/@PWR 
❱ Twitch | https://twitch.tv/TeamPWRgg 
❱ Facebook | https://facebook.com/TeamPWRgg 
❱ Website | https://teampwr.gg 

This video was produced by the LCLN Group and is copyright of LCLN Pty Ltd. The unauthorised reproduction or distribution of this work is not permitted. Music supplied by: 
❱ Epidemic Sounds | http://bit.ly/EpidemicSoundsLachy",PT17M35S,63530,1929,75
Fortnite,kXqeTdiSToE,"€200 VS €20,000 FORTNITE ACCOUNT",UCaeE4Ci4qayB1i5NrlQMyEQ,Paraduze,2026-06-23T13:30:33Z,"👕 De dikste merch van Nederland: https://paraduze.nl/
🙏 Fortnite Item Shop Code: Paraduze (Epic Partner)

Volg mij ook op de socials
Discord ➔ https://www.discord.gg/Paraduze
Instagram ➔ https://www.instagram.com/paraduze/
TikTok ➔ https://www.tiktok.com/@paraduze
Snapchat ➔ https://www.snapchat.com/add/paraduze
Twitch ➔ https://www.twitch.tv/paraduze

📮Samenwerken? Stuur me een e-mail!
paraduze@4alllevels.com

Paraduze staat onder toezicht van Commissariaat voor de Media.",PT15M45S,9482,249,34
Fortnite,OmGtxx4p8wE,WYGRALIŚMY Grę na Finałach TURNIEJU w Fortnite!,UCYqD8LOMHLwZvqaOZ7j_51Q,Charyy,2026-06-23T13:07:14Z,"WYGRALIŚMY Grę na Finałach TURNIEJU w Fortnite!

▶️ Śledź moje inne social media:
🐦Twitter: https://twitter.com/charyy__
📺Twitch: https://twitch.tv/charyyy__
💃Tiktok: https://www.tiktok.com/@charyyfr

Użyj kodu ""Charyy"" w Sklepie Fortnite #ad

🎥 Montażysta i menedżer kanału:
https://twitter.com/bummiqv
🎨 Grafik:
https://twitter.com/Mxnafnbr

0:00 Openy
11:03 Finały 

#Charyy #Fortnite #PerformanceCup",PT16M3S,3033,192,18
Fortnite,iF3yrODTVk0,UNREAL LEGENDA w 24 GODZINY,UCWuKx41wAvbz_NNu1oD6bsQ,Jacob,2026-06-23T12:27:49Z,"Unreal legenda w 24 godziny w fortnite to challenge fortnite vs Jacob na trybie fortnite battle royale solo, w którym Jacob próbuje wbić najwyższą rangę UNREAL LEGENDA w grze od Epic Games
🟩 Zagraliśmy Polski Turniej Filarów w Fortnite https://youtu.be/wKjqwswU05I?si=WHcQ1AK7xf-AuKud
#fortnite #jacob #unreal",PT21M38S,132536,6518,934
Fortnite,h_Sdp1CqeL8,Ich habe ALLE Sprites in Fortnite GEFUNDEN!,UCpaVNr8lkGvdWMvjzfjD37Q,WannaBe,2026-06-23T12:12:14Z,"Ich habe ALLE Sprites in Fortnite GEFUNDEN!

Vielen Dank an alle aus dem Discord: https://discord.gg/hj6gS3P9PP

Mein NEUES Buch bestellen auf Amazon: https://snip.ly/wannabe
(+ Exklusives Geheimes Video) * 

Mini WannaBe's: https://moodrush.de/wannabe *
WhatsApp Gruppe: https://whatsapp.com/channel/0029VaI9BV590x2vHbd5yS0U

► Kostenlos abonnieren: https://www.youtube.com/c/WannaBe7?sub_confirmation=1
► MITGLIED WERDEN: https://www.youtube.com/channel/UCpaVNr8lkGvdWMvjzfjD37Q/join
► Businesskontakt: teamwannabeyt@gmail.com

Social Media 
🕺 Twitter:  https://twitter.com/realWannaBe_
📷 Instagram: https://www.instagram.com/wannabe.yt
💬 WannaBe Discord: https://discord.gg/hj6gS3P9PP
🐦 TikTok: https://vm.tiktok.com/ZMeejnrVj/

* alle Links die mit einem Stern markiert sind, sind Affiliate Links / Werbung",PT21M37S,20069,544,172
Fortnite,5Nw_KWZtLRQ,ICH FINDE DIE SELTENSTEN WAFFEN IN FORTNITE,UCaqenKRHzsm_o1s0ZBitw0w,DaveNite,2026-06-23T11:30:15Z,"▪️ICH FINDE DIE SELTENSTEN WAFFEN IN FORTNITE @MagicanHD 
▪️CREATOR CODE ► DaveNite | Epic Partner ᵂᴱᴿᴮᵁᴺᴳ

⭐️ ZU MYPC ► https://visit.mypc.de/fortnite-pcs/davenite ᵂᴱᴿᴮᵁᴺᴳ

≡≡≡≡≡≡≡≡≡≡≡≡≡≡≡≡≡≡≡≡≡≡≡≡≡≡≡≡≡≡≡≡≡≡≡≡≡≡≡≡­≡≡≡≡≡≡

▪️Instagram ► https://www.instagram.com/davenitetv
▪️TikTok ► https://www.tiktok.com/@davenite
▪️Twitch ► https://www.twitch.tv/DaveNite
▪️YouTube ► https://www.youtube.com/@DaveNite
▪️YouTube 2. Kanal ► https://www.youtube.com/@DaveNitePlus
▪️Whatsapp ► https://whatsapp.com/channel/0029Va9q3DOJ3jutBBW3Cd2c
▪️Spotify ► https://open.spotify.com/show/6MqFND3Fp5PcJrCahLmuUr?si=4a270f0f24c4414b
▪️Discord ► https://discord.gg/QmQDwMfDc9
▪️Twitter ► https://twitter.com/DaveNite1

▪️Mein Schmuck ► https://lucentpearls.de/ *
▪️Mein Setup von Nyfter ► https://link.lunyone.de/NyfterDaveNite *
▪️Mein Gaming PC ► https://visit.mypc.de/fortnite-pcs/davenite *
▪️SK Gaming ► https://shop.sk-gaming.com/ *

📞 KONTAKT ► davenite@lunyone.de
≡≡≡≡≡≡≡≡≡≡≡≡≡≡≡≡≡≡≡≡≡≡≡≡≡≡≡≡≡≡≡≡≡≡≡≡≡≡≡≡­≡≡≡≡≡≡

Alle Links die mit ** markiert sind, sind Affiliate Links / Werbung! 

#fortnite #davenite #chapter7 #ad

✔️ Dieses Video ist Kinder freundlich / Familien freundlich!",PT24M32S,14855,766,27
Fortnite,MnxeHpDLppo,😱Así será la PRIMERA actualización de Fortnite FUGITIVOS😱,UC7GsMoCYPNNt7vp1ZPlHlXg,Código: YAJO,2026-06-23T11:00:33Z,"🆕Todo lo que llegará en la primera actualización de Fortnite Temporada 3 Fugitivos. Colaboraciones con Supergirl, Olivia Rodrigo, Dave The Diver, Sonic,... Además de 5 nuevos espíritus, los super estilos del pase de batalla, nuevo loot para el Battle Royale y una nueva ubicación de campo de fútbol.
Con esta actualización también se añadirá contenido para otros modos como el mapa colaborativo de Los Simpsons con Recarga y el nuevo pase y nueva temporada 9 de OG

📧yajo@digitalboy.gg

🐮Conviértete en miembro de este canal para disfrutar de ventajas:
https://www.youtube.com/channel/UC7GsMoCYPNNt7vp1ZPlHlXg/join

👁️Info ""X"":
Jorge_Most_
SpushFNBR
notkrae
FNBRintel
FN_Assist
iFireMonkey
hypex
ShiinaBR
NotPaloleaks
Be11atrix12
blortzen
Loolo_WRLD",PT8M35S,45503,1484,68
Fortnite,rJOr61m32iU,ICH EXPOSE DEN ERSTEN CHEATER IN CHAPTER 7! 😭,UCehvGITccKvRql2mbu7OUQQ,katoo +,2026-06-23T11:00:09Z,"Socials: 
» https://www.twitch.tv/katoo
» https://twitter.com/katooyoooo
» https://www.instagram.com/katooyoooo
» https://www.tiktok.com/@katoo 

Kanal Leitung / Editor
» https://twitter.com/nuubixtweeted

#katoo #fortnite #unreal",PT14M36S,12553,623,13
Fortnite,UulrRXKvTSM,Melhores TIKTOKS de Fortnite pra você assistir comendo 😂,UCqP1LfxlBxdXqypQjhxgs2A,Lui,2026-06-23T04:16:32Z,"💎 Use código OLUI na loja da Epic Games! #ad 💎
JOGUE MEUS MAPAS NO FORTNITE! 🔥 https://www.fortnite.com/@olui

🌐 Redes Sociais 🌐
🐤 Twitter ➡ https://twitter.com/oluittv
📷 Instagram ➡ https://instagram.com/oluittv
💌 Discord ➡ https://discord.gg/Ud7fg8aSH6
🎶 TikTok ➡ https://www.tiktok.com/@oluittv
✂️ Canal secundário ➡ https://www.youtube.com/@CortesDoLui 
🔴 Lives ➡ https://twitch.tv/olui

📧 Contato Empresarial ➡ contato@olui.com.br

Skins promocionais recebidas pela Epic Games #epicpartner #ad

🖥 PC de JOGO🖥

CPU ➡ Ryzen 7 9800x3D: https://amzn.to/46Ca6ys
Placa-mãe ➡ Gigabyte x670 Aorus Elite AX: https://amzn.to/3T4hxI0
RAM ➡ Corsair Vengeance 64GB CL30 6000mhz:https://amzn.to/4gKGe7N
GPU ➡ RTX 5090 Gaming OC: https://amzn.to/3IDQlyy
Cooler ➡ Arctic Liquid Freezer II 280mm
SSD ➡ XPG S70 Blade 2TB: https://amzn.to/3TD5wuC
Gabinete ➡ NZXT H7 Flow: https://amzn.to/4clOrNa
Fonte ➡ MSI MEG Ai1300P 1300W

🖥 PC de GRAVAÇÃO/LIVE 🖥

CPU ➡ Ryzen 7 7800x3D: https://amzn.to/439eEdt
Placa-mãe ➡ ASUS ProArt X870E: https://amzn.to/46MsQvi
RAM ➡ Corsair Vengeance 64GB CL30 6000mhz:https://amzn.to/4gKGe7N
GPU ➡ RTX 4070 Ti Ex: https://amzn.to/3qRQVzQ
Cooler ➡ H115i Elite Capellix: https://amzn.to/3YU3VRk
SSD ➡ XPG S70 Blade 2TB: https://amzn.to/3IJpJcK
Gabinete ➡ Lian Li 205 Mesh: https://amzn.to/3Z5Pppq
Fonte ➡ XPG Core Reactor 850W

🎧 Meus periféricos 🎧
Compre tudo na https://doctormouse.com.br com cupom ""OLUI"" (5% off)

Mouse ➡ Razer Deathadder V4 Pro
Teclado ➡ Wooting 60HE
Mouse Pad ➡ Artisan Raiden XXL Mid
Monitor 1 ➡ 1440p 360Hz OLED - Alienware AW2725DF
Monitor 2 ➡ 1080p 280Hz IPS - Asus VG259QM
Microfone ➡ Fifine AmpliGame A6V: https://amzn.to/41gG9At
Headset ➡ Sennheiser HD560S
Câmera ➡ Sony FX30: https://amzn.to/4nTcYOq
Lente ➡ Sigma 18-50mm F2.8: https://amzn.to/4ntGxX8
Luzes ➡ 2x SL60IIBi + 2x ZHIYUN 60D: https://s.click.aliexpress.com/e/_c3etQEer + https://s.click.aliexpress.com/e/_c4MhRaAn",PT13M2S,26509,1771,50
Fortnite,mf_uOdgRXZ8,Jeg Spiller Solo Fortnite Indtil Jeg Vinder!,UCmL9_a8_8w_Ivmt097c_pqw,ShadysGaming,2026-06-23T04:15:36Z,"😋 Husk at subscribe!

🤩 Merch: https://geekd.dk/ShadysMC

🔥Instagram: https://www.instagram.com/p/CiXQKM0oykR/?igshid=YmMyMTA2M2Y=

🤗 Roblox Gruppe: https://www.roblox.com/groups/5192791/ShadysGaming#!/about

🙏 Support A Creator: Shadys

Jeg Spiller Fortnite Indtil Jeg Vinder!

🔥  Links:

➤  Min discord : https://discord.gg/McGNKxy6JM

🎵  Musik i videoen: Epidemic sound. :)

📩  KONTAKT: ShadysMCkontakt@gmail.com

Jeg håber i har en mega god dag! 😊",PT30M32S,4491,169,25
Fortnite,5daiWggkgiU,Finding the GALAXY ZERO POINT SPRITE in Fortnite,UC3yHtryql8S7y2jukpFsZSg,Tomato - Fortnite,2026-06-22T21:38:30Z,"Today we are playing Hide n Seek... with the RAREST SPRITE IN THE GAME... the Galaxy Zero Point. Let's see if we can find him.

Use code tomato because it's cool (Epic Partner)

Music from epidemicsound",PT10M23S,113897,1998,377
Fortnite,VJlJb3ZzVr0,CORRE! SKIN e MASCOTE GRÁTIS de SUPERGIRL no FORTNITE!,UCrGWWj1kWCKncMEYKAqu2cA,Diza,2026-06-22T21:07:01Z,"#fortnite #dizafortnite

CORRE! SKIN e MASCOTE GRÁTIS de SUPERGIRL no FORTNITE!

🥰 Use o code DIZA na loja do Fortnite!

💜 Inscreva-se no canal e entre para a #DIZAGANG

🔔 Ative o sino de notificações e deixe o seu like!

✉️ Email para contato e parcerias - contato.brunodiza@gmail.com

🐟 Canal do meu amigo SHERBY 
https://www.youtube.com/channel/UC0HqfXYJMPaQzRgmAhLR15g?sub_confirmation=1

00:00 - 🎁 APOIE o code DIZA na loja do Fortnite!
04:00 - 🎁 Deixa o LIKE  e se INSCREVE para GANHAR PRESENTES no Fortnite!

⚠️ Os presentes diários não estão ligados com o código de apoiador, sendo assim NÃO é necessário apoiar o code DIZA na loja para participar das premiações realizadas nos vídeos!

O ""Presente do dia"" é uma forma de retribuição e carinho pelos inscritos e membros da DIZAGANG.

USE O CÓDIGO DE APOIADOR para demonstrar apoio e que gosta do Diza e dos conteúdos publicados no canal!

#ParceiroEpic

⚠️ Gostaríamos de informar que as miniaturas, imagens de teorias e conceitos utilizadas no nosso canal são meramente ilustrativas.",PT12M14S,5128,251,71
Fortnite,PLQ6OJ1HgBM,EPIC、ありがとう！,UCdVnOfmhI0sNGdaH5yldztg,LiaqN【りあん】,2026-06-22T21:00:13Z,"🟢りあんのLineスタンプ
実写：https://line.me/S/sticker/30978999/?lang=ja&utm_source=gnsh_stickerDetail
イラスト：https://line.me/S/sticker/30957831/lang=ja&utm_source=gnsh_stickerDetail

🟠SCUF公式のサイト →　https://scuf.co/liaqn
スカフ買うときはPromo Code : LiaqN　を使うと5%割引できます！

🟡サブチャンネル：https://youtube.com/channel/UCe7MlnaxzpUZve253jOXJoQ
🟣ツイッチ：https://www.twitch.tv/liaqn
🔴りあんのディスコードサーバー: https://discord.gg/vwVn86N4j9
🔵ツイッター: https://twitter.com/LiaqN_
🟠インスタ：https://www.instagram.com/liaqn_/
⚫TIKTOK: https://www.tiktok.com/@liaqn_

💎りあんにファンレター・プレゼントをお送り頂く際は、下記宛先までお願いいたします。

【送り先】
〒１５０-０００１
東京都渋谷区神宮前六丁目２３番４号　桑野ビル２階
りあん宛

※必ずりあん宛を記載してください。
※発送費用は、自費負担にて料金不足などがないようご注意ください。
※宛先住所不備による未着等のトラブルは一切責任を負いかねます。

編集者のこだわりメモ：

#フォートナイト #りあん",PT15M43S,79727,923,74
Fortnite,iLRHuSmDVYA,5 NEW SPRITES in FORTNITE! (NEW UPDATE),UCqVCSWnuOSPm26orvNDTuWQ,TG Plays,2026-06-22T18:21:13Z,"There are some CRAZY new updates coming out with Fortnite Sprites
❤️ Subscribe so you don't miss future videos!

Use code TYPICALGAMER in the item shop 💙 (Epic Partner)

🎮 I build Fortnite games with my studio JOGO
⭐ Follow us in Fortnite for new maps and updates first 👇
https://www.fortnite.com/@TypicalGamer
https://www.fortnite.com/@JOGO

💬 Join the Discord: https://discord.gg/TypicalGamer
🐦 Twitter: https://twitter.com/TypicalGamer
📸 Instagram: https://instagram.com/typicalgamer  
🧢 Shop Merch: https://typical.store

Music by Epidemic Sound: https://www.epidemicsound.com",PT14M40S,512372,7882,673
Fortnite,g2wm4lqpaTo,How Many Gummy Sprites Can I Find During Fortnite Power Hour?,UCcbHH4hQhWADsI7gxLqLqfw,Bushszn,2026-06-22T18:00:07Z,"How Many Gummy Sprites Can I Find During Fortnite Power Hour?

🌟 Use Code ""Bushszn"" in the Fortnite Item Shop! #ad 🌟

📺 Watch me LIVE everyday: https://www.twitch.tv/bushszn

⏬ Socials ⏬

🐥 Twitter: https://twitter.com/bushsznn
📷 Instagram: https://www.instagram.com/bushszn/
🎞️ TikTok: https://www.tiktok.com/@bushszn

Thumbnail by: https://x.com/JustBency 

#fortnite #fortnitechapter7",PT25M11S,86917,1155,279
Fortnite,jyoClHmO0As,On est ENFIN CHAMPION en CLASSÉ SOLO sur le CHAPITRE 7.. (la meta va vous choquer),UCb8A85srkG5a0QUhB6ikVLg,Teeqzy,2026-06-22T15:47:44Z,"Publicité : Je fais la publicité de mon code créateur Epic Games dans cette vidéo.   
#publicité #epicpartner #ad  

Chaîne secondaire :
► Teeqzy Replay : https://www.youtube.com/TeeqzyReplay

Suivez-moi sur les réseaux sociaux : 
► Tiktok : https://www.tiktok.com/@teeqzy.k
► Twitter : https://twitter.com/TeeqzyK
► Instagram : http://instagram.com/Teeqzyk
► Twitch : http://twitch.tv/teeqzy_

Business uniquement : contact.teeqzy1@gmail.com",PT34M39S,31622,1546,108
Fortnite,MNP_x8KOGxk,DESAFIO DOS JOGADORES DE FUTEBOL DA COPA NO FORTNITE!,UCBWBB27oP6M5MroKUJQPDgw,Suetam,2026-06-22T15:30:10Z,"LOJA DO CANAL - https://www.shopsuetam.com
MINHAS REDES SOCIAIS SIGAM LÁ - https://bio.site/suetam

Sigam meu Canal ""Suetam "" no WhatsApp:
https://whatsapp.com/channel/0029Va6sSQJ7z4kkYnVsFg0n

- USE CODE ""SUETAM"" NA LOJA DE ITENS - #epicpartner
MEU MAPA DE X1: 2437-9857-3062
MAPA LATE GAME: 6071-0800-4490

SEJA MEMBRO! - https://www.youtube.com/suetam/join
INSCREVA-SE NO CANAL DE CORTES SUETAM -  
https://www.youtube.com/@cortesdosuetamoficial

Contato: contato.suetam@gmail.com",PT12M39S,26564,1031,46
Fortnite,Fc5tVTmMnkA,ICH SPIELE DIE ERSTE FORTNITE VERSION JEMALS! (2014),UC6HpZ3Rs-H8VNJOXyxT7SZA,RUBIX,2026-06-22T15:00:09Z,"Heute spielt RUBIX die erste Fortnite Version die es jemals gab, nämlich Fortnite aus 2014!
Diese Version von Fortnite war noch vor den Battle Royale Zeiten und wie Fortnite in 2014 war das seht ihr im Video.

⬇️ Folgt mir auf ⬇️

🔵 RUBIX 2. KANAL! ►  https://www.youtube.com/@rubix-plus
🟢 RZ GAMING ►: https://rzgaming.de/?ref=RUBIX
🎮 Twitch ► https://www.twitch.tv/rubix
🐦 Twitter ► https://twitter.com/Rubixfnr
📷 Instagram ► https://www.instagram.com/rubixfnr/?hl=de

Meine Partner:
SCUF Gaming - Controller: https://scuf.co/Rubix (5% mit Code ""RUBIX"")

Lasst ein Like da 👍 und Abonniert gerne🔴 wenn euch das Video gefallen hat!
Aktiviert die Glocke🔔 um kein Video mehr zu verpassen😁

Beats:
epidemicsound.com 

USE CODE: “Rubix” in the Fortnite item shop #ad​

#fortnite",PT10M15S,17679,1078,52
Fortnite,jRwSYMK-d1k,COMO ACHAR O ELEMENTAL MAIS RARO DO FORTNITE... 100% GARANTIDO!,UCR6m35Pw1Of4UeVOY9FoOiQ,Patriota,2026-06-22T13:00:35Z,"COMO ACHAR O ELEMENTAL MAIS RARO DO FORTNITE... 100% GARANTIDO!

Canal de Lol: https://www.youtube.com/@patriotalol
Twitch: https://www.twitch.tv/patriota
Canal de vlog: https//www.youtube.com/​⁠@patriotaoff
Patriota Live: https//www.youtube.com/​⁠​⁠@patriotalive
Instagram: https://www.instagram.com/patriota
X/Twitter: https://twitter.com/patriota
Facebook: https://www.facebook.com/patriota

Musica final: https://youtu.be/goRGKll_zE0?si=k95d-hbEToYr2xUV",PT22M10S,44918,4646,372
Fortnite,GtIJ8Wvbszo,99 SPIELER vs MAGICAN in Fortnite Seaosn 3🏆 (mit Tryus),UCvj_qf2H6bbJkXJc9uHA77g,Magican 2,2026-06-22T12:30:06Z,"Heute versuch 99 Spieler die als Team spielen und von Tryus angeführt werden, mich zu besiegen...

▬▬▬▬▬▬▬▬▬▬▬▬▬▬▬

» 📸 INSTAGRAM:      / magican16  
» ☎️ Discord:      / discord  
» 🎮 TWITCH:      / magican  
» 🐦 TWITTER:      / magicanfn  
» 🎬 TIKTOK:      / magicanfn  

▬▬▬▬▬▬▬▬▬▬▬▬▬▬▬

▶ 💖 Du willst mich unterstützen ? 💖
➊ Like das Video 
➋ Teile das Video
➌ Abonniere meinen Kanal

▬▬▬▬▬▬▬▬▬▬▬▬▬▬▬",PT18M33S,6172,393,11
League Of Legends,dNt5ojPh4x4,El problema de la ciclovoltaica en league of legends.,UCR4Y097khf-Pe0FDo51ClyQ,Furydamu,2026-06-25T05:55:59Z,"En la temporada 14 además de eliminar los mejores ítems de la historia, añadió ítems muchísimo más desbalanceados que los anteriores.",PT1M3S,229,17,0
League Of Legends,PwxJPOPQDv4,Shyvana is THE BEST jungle in LOW ELO | League Of Legends,UC4pfrtrBN0e78Ur5mTU53jg,InfinityShields,2026-06-25T05:07:22Z,Shyvana is THE BEST jungle in LOW ELO use this pick for some easy freelo #leagueoflegends #jungle #season2026,PT31S,467,1,1
League Of Legends,mXkqMFofP14,Why Elon Musk refuses to play League of Legends! 🎮🚀,UCjBCYLdTuqbOmBG8dcS96yA,AverageDayJoes,2026-06-25T04:45:43Z,"Kai Trump puts Elon Musk on the spot with a simple question about his gaming habits. While most people might jump into a match, the tech billionaire admits that diving into the world of League of Legends would pose a serious threat to the progress of the space program. Discover the hilarious logic behind why one of the world's busiest minds refuses to touch that specific game, even though he is clearly a fan of gaming culture.
#LostCivilizations #AncientCivilizations #Podcast #Ethereum #AverageDayJoes #HiddenHistory #ConspiracyTheory #HistoryMystery #BreakingNews #HoroscopeToday #LongyouCaves #UndergroundWorld #TrendingNews #Archaeology #MovieOfTheDay #YouTubePodcast #CryptoNews #AncientMysteries #SportsNews #Bitcoin #XRP #ElonMusk #LeagueOfLegends #KaiTrump #GamingNews #SpaceX",PT38S,463,8,1
League Of Legends,40HP7j_ZkSM,【 League of Legends 】TOPレーナーのはじめの一歩！！！！ w/わしだいさん【白那しずく / ネオポルテ】,UCAHQGIKolfBfoeXXMY79SBA,白那しずく,2026-06-25T04:06:17Z,"サムネイルイラスト @ anku_alpaca 様

ネオポルテ所属 5期生の 白那しずく です 
メンバーシップ登録はこちら▼
https://www.youtube.com/channel/UCAHQGIKolfBfoeXXMY79SBA/join

https://twitter.com/shizuku_shirona
https://www.twitch.tv/shirona_shizuku
------------------------------------------------
🍎配信のルール
･他の方が不快になるコメント、流れに関係の無い個人的な内容のコメントは控えてください。
･コメント欄での直接的な会話はご遠慮下さい。
･関係の無い活動者さんのお名前を出すのは迷惑がかかる場合があるので、控えてください。
･同じ内容のコメントを何度もするのは辞めてください。

※上記に当てはまる場合は、タイムアウト、ブロックをさせて頂きます。
みなさんは、ブロックやスルーをして自衛してください。

ルールを守って、一人でも多く楽しめる配信をみんなで作っていきましょう！
------------------------------------------------
総合タグ -  # 白那しずく
配信タグ -  # 生しずく
ファンアートタグ -  # しずくれよん
ファンマーク -  💪🍎
------------------------------------------------
▼Neo-Porte公式Twitter
　https://twitter.com/NeoPorte_info
▼Neo-Porte公式HP
　https://neo-porte.jp/
▼お問い合わせ
　info@neo-porte.jp
------------------------------------------------

#ネオポルテ　#白那しずく",P0D,8630,396,0
League Of Legends,8ez6atDWH2M,【League of Legends shorts】サポ狙ってエズが滑り込んできただけやけどワースでｗ #仁希抜 #lol #ナミ #leagueoflegends,UCz2L5j6RAa47s22OPQoBRIw,仁希 ななぎ【uber】顔出しVtuber,2026-06-25T03:00:22Z,"【League of Legends shorts】再生リスト↓
 〔 https://x.gd/4qKrT 〕

-----Game Information-----
＊タイトル: League of Legends
＊公式URL: https://www.leagueoflegends.com/ja-jp/
＊プラットホーム:Windows
＊リリース日:2009.10.27
＊ジャンル:オンラインバトルアリーナ
＊モード:1人（オンライン時2人〜10人）
＊ESRB:T（13歳以上対象）
＊開発元: Riot Games
＊発売元: Riot Games

- * - * - * - * - * - * - * - * - * - * - * - * -

-ambassador-
XENOVA -家具•PCメーカー
https://xenova.shop/discount/niki8
クーポン適用URL ¥1,000 offでお買い求めいただけます。

EVOTOP -Nintendo Switch対応の高機能コントローラー
https://evotop.com

ALLONEオリジナルブランド【ALG】-ゲームアクセサリーメーカー
https://140-041.co.jp/alg

- * - * - * - * - * - * - * - * - * - * - * - * -

- Team -
Gaming team 『onliest』owner / streamer
X→ @onliest_info

- Clan -
cs R6S 『uber』clan master

- * - * - * - * - * - * - * - * - * - * - * - * -

Twitter🕊→@nikinanagi_VT
*LIVE→#仁希生
*MOVIE→#仁希抜
*FA→#仁希ゑ日記
*FN→niki∞Crew
*FM→🍯❄️

メンバーシップとおねだりリストもあるので、よかったら見てみてね🌟
Member ship【crew】→ https://is.gd/KLGq9p
Amazon 仁希への補給物資 → http://is.gd/2MWTAA

ご気軽にチャンネル登録&Twitterフォローお待ちしております❤️

◆使用編集アプリ:アイビスペイント

◆編集ソフト:VLLO

提供機材
FUTURE LAB.様 :T-LAMP(モニターデスクランプ)
https://futurelabjpn.base.shop/items/69661299

株式会社瑞起様 :EVOTOP(Nintendo Switch対応の高機能コントローラー)
https://evotop.com/",PT17S,1127,1,0
League Of Legends,7D_k7Bb4dns,✨ Lux Support Carry?! | League of Legends Shorts,UCn2yH7MlPrhA5cZ0y7lOK4A,oojade,2026-06-25T02:11:05Z,"Landing roots, shielding teammates, and firing lasers across the Rift ✨

A good Lux can change the whole game.

#LeagueOfLegends #Lux #LuxSupport #LoL #Shorts",PT56S,1153,4,0
League Of Legends,uMe9Y78jTHQ,RANK 1 CLIMB | START RANK 5,UCOysemLmg1jUvYc7-yGlNuA,Agurin,2026-06-25T01:50:05Z,"Accounts:
Main: https://www.deeplol.gg/summoner/euw/Agurin-DND
Smurf: https://www.deeplol.gg/summoner/euw/Bgurin-4000
Smurf 2: https://www.deeplol.gg/summoner/euw/Wufo-xdd


► Business inquiries: agurin@flane.gg",PT11H55M,3940,36,0
League Of Legends,bPTfCAJeaEk,Early Start to Day 11 | League Of Legends,UCkQxEhQUhUMwPfLBHeuKVaQ,Talon,2026-06-25T01:34:37Z,Like and Sub!!!!,PT5H7M13S,21,3,0
League Of Legends,utuao5DBCz0,Fiora vs Darius - League Of Legends #shorts,UCDq_zu9EUNuF5Rn8Zye8RNQ,Krutobok,2026-06-25T01:00:36Z,#LeagueOfLegends #LoL #Czokled #shorts #리그오브레전드 #zedmontage #oneshot #zed #new #newseason,PT30S,624,8,3
League Of Legends,oPzMhPDcS64,Últimas NOVEDADES en League of LEGENDS #Leagueoflegends #lol #support,UCCZPnTT5zxqQViT8jEgYh6w,Protegod,2026-06-24T23:54:06Z,"HAGO STREAM TODOS LOS DÍAS EN:
► Twitch - https://www.twitch.tv/Protegod
Pasaros y aprendamos juntos a ser mejores soportes :)",PT1M25S,1174,152,2
League Of Legends,RBOb_K6_cj4,League Of Legends in en dengeli şampiyonu Mundo #reels #leagueoflegends #keşfet,UCRPONVCyW-jVNWEeuJmXJwA,GB_SHADOW,2026-06-24T22:45:08Z,,PT49S,797,7,1
League Of Legends,9WjJCkvBPew,locke Explained in 60 Seconds  League of Legends Basics (A–Z Series) #newchamp #leagueoflegends,UC8lhlpzdh0t72-LITVjtNog,TouTTo NaRouTTo,2026-06-24T22:34:15Z,"Zyra — League of Legends (A–Z Series)

In this short video, I explain the basics of Zyra — their abilities, role, and a few quick tips to help you start mastering them.

Whether you’re new to League of Legends or just brushing up before a game, this quick guide gives you everything you need in under a minute.

📘 A–Z Champion Series: Learn every champion in League — from Ahri to Zyra — in simple, fast, and clear videos.

🔔 Subscribe for more LoL short guides, champion breakdowns, and gameplay insights!

#LeagueOfLegends #LoLShorts #Zyra #LoLGuide #LoLChampions",PT50S,954,6,0
League Of Legends,V8dXk70X9d0,Why Did he Explode | League of Legends,UCAjoGUDYfAwj6eTzfZ19Iqg,CAMSSY,2026-06-24T22:29:51Z,Why Did he Explode | League of Legends,PT22S,1311,8,0
League Of Legends,8EcycF-e2tM,league of legend7,UCVMZTjlhaJELt4dXfR3q5uw,Sakhiboiha,2026-06-24T22:31:19Z,,PT22S,1221,3,0
League Of Legends,6Lzc2bXFrok,3 Minute Locke Guide - A Guide for League of Legends,UCbqpZInu-pjnBIy5sbh7Eag,3 Minute League of Legends,2026-06-24T22:15:44Z,"Got 3 minutes spare? Why not take a quick look at how to play Locke Jungle!

Locke is League of Legend's newest champion and he is a very mobile and very fun Jungle assassin!

0:00 Why Play Locke?
0:13 Locke's Abilities
1:25 Combos
1:48 Match Ups
1:55 Runes
1:58 Build Order
2:05 Skill Order
2:10 Summoners
2:12 Lane Phase
2:36 Mid/Late Game",PT3M,6874,217,24
League Of Legends,nUCtYJLGog0,The MSI 2026 got Announced for League of Legends with a NEW skin for Jhin!,UCcvtUamkikliErN0pNIt7Qg,RedTheWolf,2026-06-24T22:10:22Z,The MSI 2026 just got announced and with it Riot has shown off the NEW Broken Covenant Jhin Skin and it looks AMAZING!! #leagueoflegends #riotgames #gaming #gamingnews,PT1M11S,767,7,0
League Of Legends,w0rHiF4jMic,League of Legends random clips 855 #shorts #leagueoflegends #randomclips,UC6zy2t6yhNyy879DjjWp3ug,MrAchsas,2026-06-24T22:01:38Z,"song name is ""It´s All Happening - Huma-Huma""",PT50S,1059,3,0
League Of Legends,ZvNy4dB2kjk,Zoe Lilia Renata VS Singed Lilia Senna | League Of Legends Arena,UC7wfSA8Q-qC6ef3WLjVM-nw,GandaCu,2026-06-24T21:51:42Z,"SUBSCRIBE
Zoe Lilia Renata VS Singed Lilia Senna | League Of Legends Arena",PT35S,1514,8,0
League Of Legends,dqwpIKIUCCg,120% OMNIVAMP RAID BOSS MORDEKAISER! | League of Legends,UCY3wjdTak_B-xLoK0RdhtjQ,DraconisX,2026-06-24T21:28:25Z,"Don't forget to like and subscribe to not miss new content! ♡
↓ More Info Below ↓ 

Twitch: (https://www.twitch.tv/draconisx)
Tiktok: (https://www.tiktok.com/@draconisx4)
Discord: (https://discord.gg/Ky85xEcmAT)
Twitter: (https://x.com/DraconisX2)",PT1M53S,628,16,0
League Of Legends,CC50--alan4,MISS FORTUNE AURA - LEAGUE OF LEGENDS #shorts #edit #aura,UC6InI7JtTDI8-npOBcamZ-g,Move.,2026-06-24T21:25:50Z,,PT41S,903,4,0
League Of Legends,lP0EW1drIfQ,#shorts СТРИМ League of Legends: Wild Rift,UCY9v2SKcMxBl9BacY_-c7lQ,WildWR,2026-06-24T21:12:29Z,"#wildrift #leagueoflegends #lol #moba #riotgames #stream

Заказ героя 350руб
Музыкальное сопровождение 50руб
Троль заказ 700руб
Офнуть стрим 3000руб
Продлить стрим на час 1000руб
1500руб - предлагаете мне абсолютно любой ""больной"" (неиграбельный) троль пик

#wildrift #leagueoflegends #lol #moba #riotgames 
Мой ПК
Процессор AMD Ryzen 7 7700
Оперативная память 32ГБ
Видеокарта NVIDIA GeForce RTX 5060 Ti
Микрофон Fifine AM9
Веб-камера Razer Kiyo Pro
11"" Планшет Apple iPad Pro (M4) Wi-Fi
Наушники HyperX Cloud II",PT3H26M5S,115,6,0
League Of Legends,4HGcY8wmb88,"Aurora, Jhin e Shen Pacto Quebrado | O design de League of Legends",UCBFFs28vsi5vnEAs_85N4RA,Diael,2026-06-24T21:00:13Z,"*REDES SOCIAIS*
TikTok: https://www.tiktok.com/@diogoael
Facebook: https://www.facebook.com/diogoael/
Twitter: https://twitter.com/diogoael
Instagram: https://www.instagram.com/diogoael",PT2M18S,15525,2677,64
League Of Legends,jVmyZaGWtj8,Azir skins ranking in League of Legends #lol #leagueoflegends #lolskins,UCWMhCH63je_69mfCVfQTrTw,Skycoach League of Legends Community,2026-06-24T20:40:40Z,,PT24S,1289,7,0
League Of Legends,cVOd-uPGNVk,Como sobreviver o early game de Nasus - League of Legends #leagueoflegends #lol #wildrift #comojogar,UCTqgXuCobq5i_PzreyjlN4w,LoL Rápido,2026-06-24T20:30:19Z,,PT56S,1151,45,0
League Of Legends,bkgoozY_PRU,DUPLICA tus FPS en LEAGUE OF LEGENDS con este TRUCO GRATIS! #leagueoflegends #riotgames,UCCGr2T_MAiCUeDAfpbtwQkA,El Jostiv,2026-06-24T20:20:13Z,"Legue of Legends te va con bajones de FPS o tirones? Utilizando Chris Titus WinUtil puedes conseguir más estabilidad y mejor rendimiento completamente gratis. 

#fpsgaming #fpsboost",PT2M54S,5691,819,33
League Of Legends,KARYfj_mLBQ,League of legends #38 - لول سيمفونية الألم,UCcoH3OqxaSB9esiPENamo4A,Vlaalv,2026-06-24T20:10:34Z,"لعبنا اوحش جيم ممكن يتلعب, مع ان كلنا كنا وحشين الا ان كان فيه واحد امبوستر كدا كان وحاشته لا مثيل لها



------

دخلنا League of Legends عشان نكسب ماتش محترم… خرجنا بخناقة، تيم فايتات ملهاش تفسير، وقرارات محتاجة لجنة تحقيق.

في الفيديو ده هتشوف جيم بلاي League of Legends بالعربي، لحظات مضحكة، تترول، رياكشنات مصرية، وأكتر من لقطة تثبت إن الرانكد مش مكان آمن للصحة النفسية.

لو عجبك الفيديو اعمل لايك واشترك، واكتبلي في الكومنتات مين أكتر واحد كان محتاج يتعمله Report في الجيم.

#leagueoflegends #leagueoflegendsfunnyvideos #لول_بالعربي #لول #ليج_اوف_ليجيندز #العاب",PT8M37S,195,24,9
League Of Legends,DnmWDEeb59o,"LOCKE IS FINALLY HERE, AND OH MY GOD IS HE BROKEN! (BEST BUILD POSSIBLE)",UCpUS8oR-IJSP3gFYrGAWEuQ,TC Zwag,2026-06-24T20:00:13Z,"The Absolute BEST Locke Game You Will Ever See (I DROPPED 37 KILLS)
League of Legends season 16 Locke Gameplay!  

Check out my website!: https://www.Zwag.gg
Follow my stream!: https://www.twitch.tv/Zwag
Follow my twitter!: https://twitter.com/ZwagLoL
Need thumbnail art? This is my artist: https://x.com/wei_design
----------------------------------------------------------------------------------------------------------
✔ Subscribe to my second channel for more content!
►https://www.youtube.com/channel/UCYf1mExa37eLyxY-iEjnanQ",PT39M3S,69417,2260,143
League Of Legends,mRQ77zFmIGU,league of legends yone mid vs kayn zed,UCckFoY6eQVwnXzGkpR0OLEQ,Loopbreaker,2026-06-24T19:52:36Z,league of legends yone mid vs kayn zed 1v2 #leagueoflegends #lol #shorts #leagueoflegendsclips #montage #edit,PT11S,1484,7,1
League Of Legends,-l4wX2OqEWk,JANITOR VAYNE😳In League of Legends #shorts #league #leagueoflegends #lolshorts #gaming,UCymj-0q6248l7-js9EDxiiA,Puchakii,2026-06-24T19:30:12Z,,PT10S,2628,22,0
League Of Legends,eNk7_oY7zcU,League of Legends Graves Kills #gaming #viral #trending #leagueoflegends #shorts #shortvideo #short,UCIXKVF_6oj8cth7c8sJRxXg,GameCrashed,2026-06-24T19:26:16Z,League of Legends Graves Kills #gaming #viral #trending #leagueoflegends #shorts #shortvideo #short,PT20S,1074,2,0
League Of Legends,P4dic9H_UOk,King nassir league of legends skin is insane #leagueoflegends #gaming,UCwerIBamXRSFHP7oLtJamnA,leaksoflegends,2026-06-24T19:17:35Z,,PT12S,1204,5,0
League Of Legends,2GNKNhSWkzs,PERMA BIND SPAM + ELDER DRAGON BURN SPELLWAKE LUX! | League of Legends 3v3 Arena,UCbyNOb7pC5WD1hkRLNzUKjQ,Luminum,2026-06-24T19:00:28Z,"🎮 Twitch: https://www.twitch.tv/luminumn
💋 Twitter: https://twitter.com/Luminumn
📷 Instagram: https://www.instagram.com/luminumn/
📱 TikTok: https://www.tiktok.com/@luminum?lang=en

🎥 Main channel: http://youtube.com/c/Luminum?sub_confirmation=1
🎥 Full Gameplay channel: https://www.youtube.com/@Luminum_Untucked
?sub_confirmation=1
🎥 Teamfight Tactics Full Gameplay channel: https://www.youtube.com/@LuminumTeamfightTactics?sub_confirmation=1
🎥 Gacha channel: https://www.youtube.com/@LuminumGacha?sub_confirmation=1
🎥 Lifestyle channel: https://www.youtube.com/channel/UCx5Jxp5BzzvPLD_BEZLkzAw

MERCH: https://luminumn.live/merch

Business email: luminum2906@gmail.com

YesStyle (Korean Beauty and Fashion Online Store)
DISCOUNT CODE: LUMINUM
DISCOUNT LINK: https://ystyle.co/quCv
New customers that use my code AND click the link above get 10% off their purchases!
Returning customers get 4% off!

ExitLag VPN 15% discount code:
http://bit.ly/2z7cwFR",PT48M26S,640,22,0
League Of Legends,b_4PkUkSpIU,4PhoeniX - League of Legends - [],UClRbP7MH9IBhHe4-rFgKb9g,BradoX,2026-06-24T18:45:37Z,"Use the Amazon link https://amzn.to/4myKuso or access it through the channel description to support content creation.

🧐 Social Media 🧐

📸 Instagram: /bradoxlol
🐤 KWAI: /4PhoeniX
👍 TikTok: /bradoxlol

🔥 Daily hot deals on #Amazon 🔥

👉 https://twitter.com/pxmktdigital 👈",PT31S,833,3,0
League Of Legends,_fvb507ehZg,롤 처음보는 joat버그,UCg8tEQQ7G2f6PjYZ4aJZAdA,나병현,2026-06-24T18:14:35Z,,PT54S,13911,17,6
League Of Legends,qUGvwGoB-H8,Jynxzi is DONE With League of Legends,UCvZ3jeaJPpsBRrwQyRMMXjw,MultiNecroMan,2026-06-24T18:15:13Z,"Jynxzi is DONE With League of Legends

Jynxzi has finally had enough. After countless hours grinding League of Legends on/off stream, he's opening up about why he's done with the game.

► TikTok: https://www.tiktok.com/@multinecroman
► Twitter: https://twitter.com/MultiNecroMan
► Instagram: https://www.instagram.com/multinecroman
► Facebook: https://www.facebook.com/Mutlinecroman/
--------------------------------------­­­­­­­­­­­­­­­­­­­­­­­­­­­­­­­­­­­­­­­­­­­­­­­­­­­­­­­­­­­­­­­­­­­­­­-­
★ Thanks for watching!

#jynxzi #leagueoflegends #lol",PT14M50S,17184,842,229
League Of Legends,njhKLeHfPow,Los CAMPEONES mas DOMINANTES  en la historia del MSI | League of legends,UCS8AEoN56HGGpAU_A6CqAww,Huracán Gaming,2026-06-24T18:00:38Z,"El msi es el segundo torneo mas importante  en el año de league of legends, una competencia que reune a los mejores equipos del mundo  en ese momento y que año tras año muestra una pauta de como se moveran los equipos de cara a los worlds, el de este año seguramente no sera diferente, pero de momento repasaremos a los 7 campeones de la historia en el MSI con mejor porcentaje de  Winrate En league of legends",PT10M7S,323,29,1
League Of Legends,GtWksql9jkY,Locke Velho Oeste | O design de League of Legends,UCBFFs28vsi5vnEAs_85N4RA,Diael,2026-06-24T18:00:22Z,"*REDES SOCIAIS*
TikTok: https://www.tiktok.com/@diogoael
Facebook: https://www.facebook.com/diogoael/
Twitter: https://twitter.com/diogoael
Instagram: https://www.instagram.com/diogoael",PT2M9S,14125,2421,49
League Of Legends,PeryhhRW3DQ,CE CHANGEMENT FAIT POLÉMIQUE SUR LEAGUE OF LEGENDS!,UCK2uwtFPSEHBnWxV4vCrA5w,iReaz - League of Legends,2026-06-24T18:00:24Z,"► Twitch : https://www.twitch.tv/i_reaz
► Twitter : https://twitter.com/I_reaz
► Instagram : https://www.instagram.com/simon.irz/
► Chaîne VOD : https://www.youtube.com/@iReaz2
► Chaîne BEST-OF/MULTI-Gaming : https://www.youtube.com/@i_reaz
► Discord : https://discord.gg/aEuF2n8P6y
► Tiktok : https://www.tiktok.com/@ireazcorporation

Economisez jusqu'à 15% sur vos RP et jusqu'à 90% sur tous vos jeux : https://www.instant-gaming.com/?igr=iReaz 

Gagne tous les mois le jeu de ton choix ou des RP ici : https://www.instant-gaming.com/fr/giveaway/ireaz

Tous les Produits Holy Ici : https://fr.weareholy.com/ireaz | 5€ Offert sur la première commande avec le code ""ireaz5"" & pour 10% de réduction sur vos commandes avec le code ""ireaz""!

🎬 Monteur: RBC
► https://www.youtube.com/@RBCriven
► https://x.com/RivenBadChamp
🖼️ Miniaturiste: YOKAH
► https://www.youtube.com/@yokah_lol
► https://x.com/Yokah_lol",PT1M49S,2304,86,25
League Of Legends,8DjTYN0RltQ,EL PALAZO DEL DESTINO!! | LEAGUE OF LEGENDS.,UCSKFGxG13q7dWpzpXcOniQg,KyoPlank,2026-06-24T17:00:37Z,"ACTUALIZADOOO 
🍊Ahoy marinero, si te gusta mis videos comenta y deja un like! activa campanita asi no te pierdes ningun video!
 
Soy kyoplank y hago directo todos los dias en Kick o Twitch estoy como Kyoplank
Twitch.tv/kyoplank
Kick/kyoplank
🍊

🔥Redes Sociales🔥
🏴‍☠️Stream: https://fb.gg/kyoplank
🌊Instagram: https://instagram.com/kyoplank
🦜Twitter: https://twitter.com/kyoplank
⚓Discord: https://discord.gg/F2BmRn

🚣Me ayudaría mucho si comentas y dejas tu like!
@leagueoflegends 
#gameplay #leagueoflegends #leagueoflegendsfunnyvideos #riotgames #wildrift #nasusgameplay",PT31M6S,6135,520,26
League Of Legends,xIoJ__jl1Zs,The Bait Was Perfect!⚡| League of Legends,UCjKipsntez9MlPmCvgyngxg,Cypher Swann,2026-06-24T16:31:25Z,"Thought I was dead here... 💀

Kennen got a little too confident under tower and took the bait. ⚡🐻

🎮 Volibear Jungle
🏆 Ranked Solo Queue

🔴 Live on Twitch:
twitch.tv/cypherswann

#LeagueOfLegends #LoL #Volibear #JungleDiff #Ranked #Gaming #LeagueClip #TwitchStreamer",PT11S,1835,10,0
League Of Legends,nrciqDG5yjQ,Jezu Kalista Moment - Clean Triplekill | League of Legends #shorts,UCh2dK0CUfkXAESJE2KCXSWQ,Challenger Replays LOL,2026-06-24T16:09:43Z,Credit https://www.twitch.tv/jezu_lol,PT18S,7759,74,1
League Of Legends,XAYoU2Jqick,Random League of Legends team comp! #leagueoflegends,UCYULU7M17rCJ6PfhEvN_WcQ,Jackson RoyC,2026-06-24T16:11:10Z,,PT1M13S,555,3,1
League Of Legends,vq0Ml3Gfa7Q,Locke: The Ashen Exorcist | Champion Trailer - League of Legends,UC2t5bjwHdUX4vM2g8TRDq5g,League of Legends,2026-06-24T16:00:16Z,"They’re way past forgiveness. The Ashen Exorcist will be their end.

“Back from the Brink” Cinematic: https://www.youtube.com/watch?v=1UZGkOzRlws 
Locke Champion Bio: https://universe.leagueoflegends.com/en_us/champion/locke


League of Legends - Free Download & Play
https://signup.leagueoflegends.com/",PT1M6S,52328,1816,142
League Of Legends,ExTNWJfFP3U,"Локк, Пепельный экзорцист | Трейлер чемпиона – League of Legends",UCgSPTEKkw5LT-PvdFO6FOuQ,League of Legends RU,2026-06-24T16:00:30Z,"Время прощать давно прошло. Их судьбу решит Пепельный экзорцист.

Кинематографический ролик ""Когда жизнь висит на волоске"": https://www.youtube.com/watch?v=1UZGkOzRlws 
Биография Локка: https://universe.leagueoflegends.com/ru_RU/champion/locke/


Загружайте League of Legends бесплатно и играйте:
https://signup.leagueoflegends.com/",PT1M6S,5689,353,50
League Of Legends,s2OIm_64C1c,Locke : Exorciste cendré | Bande-annonce de champion - League of Legends,UCU-l1ajszDLFd6lWyCs1_GA,League of Legends - France,2026-06-24T16:00:33Z,"Aucune rédemption pour eux ! L'Exorciste cendré signera leur arrêt de mort.

Cinématique « In extremis » : https://www.youtube.com/watch?v=fsjtKHPVQB0 
Histoire de Locke : https://universe.leagueoflegends.com/fr_FR/champion/locke/


League of Legends - Téléchargez et jouez gratuitement
https://signup.leagueoflegends.com/fr-fr/signup/index#/
In extremis | Cinématique de Locke - League of Legends

Focus sur Locke | Gameplay - League of Legends",PT1M6S,2605,102,4
League Of Legends,xZ-UB3fiNJk,El peor jugador de League of Legends,UCbcEeeL-URJrwgHFKZmQ9HQ,Samuelux3757,2026-06-24T16:00:21Z,"★ Sube de elo - 10% DESCUENTO ITERO PREMIUM ""SAMUELUX10"" https://www.itero.gg/es

El peor jugador de League of Legends

Tags: locke, pentakill,skins, rango, adc, ashe, caitlyn, runas, derribar, derribado, illaoi, statikk, ciclovoltaica, mejores campeones, lol, league of legends, league, riot, riot games, nuevo campeón, nuevo champion, top, mid, adc, support

#shorts #lol #leagueoflegends #jynxzi",PT38S,3500,154,4
League Of Legends,wwBDLbX0mC0,Locke: Kefaretin Külleri | Şampiyon Önizlemesi - League of Legends,UCrh24N5HpJ_MXpIfcI7znlQ,League of Legends Türkiye,2026-06-24T16:00:32Z,"Affı alan arafı geçti. Kefaretin Külleri sonlarını getirecek.

""Back from the Brink"" Video Öyküsü: https://www.youtube.com/watch?v=zVGv56NwokU 
Locke - Şampiyon Yaşam Öyküsü: https://universe.leagueoflegends.com/tr_TR/champion/locke/


League of Legends - Ücretsiz İndir ve Oyna
https://signup.leagueoflegends.com/tr-tr/signup/index",PT1M6S,3948,146,13
League Of Legends,woXplCDOTg4,Locke: O Exorcista das Cinzas | Trailer do Campeão – League of Legends:,UC6Xqz2pm50gDCORYztqhDpg,League of Legends Brasil,2026-06-24T16:00:31Z,"Eles estão muito além do perdão. O Exorcista das Cinzas será o fim deles.

Animação ""Por um fio"": https://www.youtube.com/watch?v=1UZGkOzRlws 
Biografia do Campeão Locke: https://universe.leagueoflegends.com/pt_br/champion/locke


League of Legends – Baixe e jogue de graça
https://signup.br.leagueoflegends.com/pt/signup/index",PT1M6S,6516,721,46
League Of Legends,ZDhetMaSvTU,Tráiler de Locke: El Exorcista de las Cenizas | League of Legends,UCmvoPMHe9l0ytr9ONu5-1vw,League of Legends Latinoamerica,2026-06-24T16:00:14Z,"No merecen ser perdonados. El Exorcista de las Cenizas traerá su fin.

Cinemática ''Combate el Abismo'': https://www.youtube.com/watch?v=aQcSeTsf3fo 
Biografía de Locke: https://universe.leagueoflegends.com/es_mx/champion/locke


Descarga y juega League of Legends gratis:
https://signup.leagueoflegends.com/",PT1M6S,5236,411,25
League Of Legends,frlL6ipSeN4,BEST Junglers Tier List Patch 26.13 - League of Legends,UCLrwY-46wPor7pjCaDz2NgA,Coach Kirei,2026-06-24T16:00:37Z,"https://kirei.gg/courses Jungle Courses with Permanent access and updates
Discord ► https://discord.com/invite/mCH5k2vPD6 Access to my tierlists for low and high elo

Free course videos
Spacing - https://kirei.gg/courses-archive/champion-mastery-course-diamond-and-below/56337/
Ganking - https://kirei.gg/courses-archive/early-game-fundamentals-blueprint-course/
Midgame - https://kirei.gg/courses-archive/mid-and-late-game-course/57324/


Socials:
Patreon ►  https://patreon.com/kireilol (All Coaching sessions from all ranks & Fundamentals)
Twitch ►   https://www.twitch.tv/kireilol
Twitter ►   https://twitter.com/kireilol
Instagram ►  https://instagram.com/kireilol



Editor: rudoxyz (Discord)
Thumbnail by: https://twitter.com/kraanski

#leagueoflegends #kirei 


00:00 Intro
00:49 Kha Zix
01:16 Evelynn
01:20 Talon
01:25 Qiyana
01:51 Shaco
01:59 Kayn
02:29 Zed
02:48 Rengar
03:12 Rumble
03:45 Darius
04:13 Nunu 
04:36 Trundle
04:54 Ambessa
05:31 Vi
05:48 Maokai
06:08 Rammus
06:10 Ornn
06:14 Sion
06:18 Nautilus
06:36 Shen
06:57 Dr. Mundo
07:15 Sejuani
07:18 Skarner
07:26 Malphite
07:36 Amumu
08:07 Nasus
08:50 Udyr
09:29 Volibear
09:56 Jax
10:29 Wukong
10:50 Xin Zhao
11:19 Warwick
12:16 Briar
12:51 Sylas
13:09 Kindred
13:29 Fizz
13:39 Zyra
14:09 Jayce
14:29 Ekko
15:03 Ivern
15:17 Nocturne
15:51 Hecarim
16:17 Naafiri
17:21 Lilia
17:47 Rek Sai
19:10 Lee Sin
19:46 Fiddlesticks
20:09 Jarvan IV
20:28 Zac
20:38 Bel Veth
21:00 Poppy
21:38 Brand
21:55 Camille
22:02 Cho Gath
22:12 Shyvana
23:22 Aatrox
23:58 Riven
24:08 Olaf
25:43 Morgana
25:46 Taliyah
25:48 Elise
26:01 Master Yi
26:18 Mordekaiser
26:46 Pantheon
26:56 Viego
27:25 Sett
27:37 Gwen
27:52 Gragas
28:17 Diana
28:33 Quinn
28:51 Graves
29:22 Teemo
29:27 Tryndamere
30:42 Zaahen
31:00 Karthus",PT32M28S,6387,145,30
Marvel Rivals,lvGEkz2dAho,My Magik is still a threat -Marvel Rivals-,UCMXp8-441h5pJbinnqRSf0w,Dre,2026-06-25T02:52:06Z,The Empress of (Limbo) #marvelrivals #marvel #magik #gaming #dre3713 #playstation #growyourchannel #youtubegrowth #fyp #clips #tyronemagnus #marvelrivalsclips #strategist #supportmain,PT1M14S,458,15,4
Marvel Rivals,nPD4ACFHzOc,The best of Marvel Rivals #marvelrivals #devildinosaur #marvel #viral,UCS3CXA4Um4Mh7Qa_KeLyuHw,Bartholemuel,2026-06-25T02:46:46Z,,PT29S,681,15,2
Marvel Rivals,LvO-t6B1na4,Marvel Rivals UNC is BACK (NEW DROPS ON MY TWITCH),UCoKKe0XN5Zc1lSTi1_utNOw,Jay3,2026-06-25T02:22:49Z,"SUB NOW!!!

🔔 Make sure to SUBSCRIBE and HIT THE BELL 🔔
😎 Become a MEMBER: https://www.youtube.com/@Jay3/join

I'm probably LIVE right now... make sure to stop by and say hi!
🔴 https://twitch.tv/jay3

My YouTube channels:
📽️ Jay3 Two: https://www.youtube.com/@Jay3Two
📽️ More Jay3: https://www.youtube.com/@MoreJay3
📽️ Jay3 IRL: https://www.youtube.com/@UCQkChmIJ-qIZThQIGSQu1og 

Jay3 Socials:
🐦 Twitter: https://twitter.com/jay3ow
📽️ TikTok: https://tiktok.com/@jay3twitch
📷 Instagram: https://www.instagram.com/jay3twitch
💬 Discord: https://discord.gg/jay3

💼 Business inquiries - business@jay3.gg

#jay3 #overwatch2 #marvelrivals",PT8H44M13S,27340,440,0
Marvel Rivals,FN9u8dkOd80,Wolverine Classic Crashout 😭#funny #marvel #rivals  #comment,UCKSWT_9SQYIEbGnyD0zR9nA,Bevan Babineaux,2026-06-25T00:38:32Z,,PT25S,400,13,0
Marvel Rivals,bdgc6AqZ2_g,he threw that match 🥀 #marvelrivals #marvel #rivals,UCcRYBqsKwBH_2yMKc5QoE0w,The Invasion Show,2026-06-25T00:30:19Z,#marvelrivals #marvel #rivals,PT45S,13586,1116,26
Marvel Rivals,EQdYqXNfYDY,Marvel Rivals Just Ruined The Game For Everyone!,UCO1RaID33uvGW1EtoMSHygA,Khyomaru,2026-06-24T22:36:42Z,"Nice
10% OFF ALL GAMERSUPPS ORDERS: https://gamersupps.gg/Khyo 

FIND ME IN THESE PLACES:
linktr.ee/Khyo

#marvel   #marvelrivals     #marvelrivalsgameplay",PT11S,62366,2923,78
Marvel Rivals,SwggifEXKSU,The current state of the Marvel Rivals community (A crashout rant),UCwUM695Trp3dhL5z27c7qAQ,xFatherDarkx,2026-06-24T22:27:17Z,"Lytes video for context-
https://youtu.be/ljOBNZ9UOQs?si=qhjXjPnj3l4JUPe7

The Marvel Rivals community is at war again.

In today's video, I react to the latest video from Lyte where he discusses Flats' comments about the state of Marvel Rivals balance and the idea that the developers are doing the best they can despite many players feeling like the game's balance is in a terrible spot. That discussion sent me down a rabbit hole and led to one major realization: there is literally no way to make everyone happy.

Pro players want one thing. Casual players want another. Tank players want buffs. DPS players want nerfs. Support players think they're getting blamed for everything. Every community segment has a different vision for what Marvel Rivals should be, and every patch seems to create a brand-new civil war.

In this video I completely crash out about the impossible position the developers are in, why balance discussions have become so toxic, and how almost everyone secretly wants their favorite role, character, or playstyle to be stronger than everything else. Is the balancing actually terrible, or is the community simply too divided to ever agree on what good balance looks like?

Let me know where you stand in the comments. Are the devs missing the mark, or is the Marvel Rivals community asking for the impossible?

#marvelrivals  #marvelrivalsgameplay  #marvelrivalsnews  #marvelgames  #gaming  #marvelrivals  #MarvelRivalsUpdate #CompetitiveGaming #GamingNews #heroshooter",PT39M15S,6316,357,234
Marvel Rivals,tLhrXsBmcRU,🚨 ÚLTIMAS UNIDADES GRATIS + PRIMERA SKIN LEGENDARIA DE WIDOW!! 🔥💰🎮,UCSi-jMP9XaKiq19FySHfFwQ,CYRET RIVAL,2026-06-24T21:39:54Z,"🚨 ¡Esta semana en Marvel Rivals llegan las ÚLTIMAS UNIDADES GRATIS de las 2500 prometidas, junto con nuevas recompensas exclusivas, eventos dentro de Krakoa y más sorpresas que no te puedes perder!
🔥 También tenemos la llegada de la PRIMERA SKIN LEGENDARIA DE WIDOW después de mucho tiempo, junto con nuevos aspectos de verano que estarán disponibles en la tienda semanal.
💰 Además, podrás conseguir unidades gratis participando en los eventos de la playa de Krakoa del 27 al 30 de junio, con recompensas exclusivas como títulos y gestos especiales.
🎮 Y por si fuera poco, repasamos los nuevos gestos de Cyclops y Blade, junto con todos los detalles de las notas del parche de esta semana.
📌 Todo lo importante de la actualización de Marvel Rivals 8.5 explicado de forma rápida y clara.
👉 No olvides suscribirte para no perderte ninguna noticia del juego y estar al día con todas las novedades.
#MarvelRivals #Widow #UnidadesGratis #NoticiasMarvelRivals #CyretRival",PT7M53S,2810,188,17
Marvel Rivals,rwWCjQrgyjY,Revisiting Marvel Rivals (Day 6) 📝 | !schedule,UCjCb-0rN6mtzG87rjBQhOIQ,Gamin4Hope,2026-06-24T21:09:06Z,"Part of the process of discovering what game to replace Overwatch with is to try Marvel Rivals again. 🤷🏻‍♂️

-- Support Me --
Become a Member: https://www.youtube.com/channel/UCjCb-0rN6mtzG87rjBQhOIQ/join
Become a Patron: https://www.patreon.com/gamin4hope
Snag some Merch: gamin4hope.dashery.com
Join the Community on Discord: https://discord.gg/4mgMbe4rbr

-- Sponsors --
FreshenUp Energy: Use my code ""Hope"" at checkout for 20% off: https://www.freshenuphydration.com/?ref=Hope",PT5H47M25S,2561,40,1
Marvel Rivals,SopAXrq_ewE,🛑 THE MARVEL RIVALS GRIND BEGINS 🛑,UCd8NFPdgSZcQth4fcQZulEQ,Symfuhny,2026-06-24T20:35:21Z,"Become a Member Here - https://www.youtube.com/@SymfuhnyTV/join

LIKE and SUBSCRIBE with NOTIFICATIONS ON if you enjoyed the video!

Catch me LIVE on TWITCH 7 days a week: https://www.twitch.tv/symfuhny

Socials:
Twitch- https://www.twitch.tv/Symfuhny/
Twitter- https://twitter.com/Symfuhny/
Instagram- https://www.instagram.com/Symfuhny/
TikTok- https://www.tiktok.com/@symfuhny

Channel Manager: https://twitter.com/adzb3_",PT7H6M9S,6293,129,0
Marvel Rivals,sESmDCnVRU4,This is FANTASTIC 🙌 #marvelrivals #marvel #rivals,UCcRYBqsKwBH_2yMKc5QoE0w,The Invasion Show,2026-06-24T20:30:40Z,#marvelrivals #marvel #rivals,PT56S,2623,227,9
Marvel Rivals,UNoDOp-n9CI,Support Is In Sickening Toxic SHAMBLES | Marvel Rivals Toxicity,UCw6OjS4Ym-K5AcVPeHMGmAQ,Grotech Gaming,2026-06-24T20:00:24Z,"This video Grotech shows the toxic mindset of the average support player definitely is better than a Mrbeast video, And Youtube's Ai will use the algorithm to promote this vid to everyone's recommendations.  

Disclaimer the content in this video is not promoting toxicity it is for entertainment purposes
My twitch
https://www.twitch.tv/grotechgaming

Second Channel
https://www.youtube.com/@UCLQe8NbMD0fYnJMHWfOqqSw 

My Discord
https://discord.gg/CcxC23VaQx

My Twitter
https://twitter.com/Grotechgaming




#marvelrivals #marvelrivalsgameplay #marvelrivalstoxicity #toxicmarvelrivals #marvel
#toxic 
#marvelrivals competitive",PT15M27S,9803,695,150
Marvel Rivals,_D7tR4c_W2M,Bro had one job 🥀 #marvelrivals #marvel #rivals,UCcRYBqsKwBH_2yMKc5QoE0w,The Invasion Show,2026-06-24T19:30:03Z,#marvelrivals #marvel #rivals,PT49S,18654,1673,19
Marvel Rivals,e7jfQzDBLOA,🔴 LIVE - MARVEL RIVALS RANKED GRIND,UC4zDfrGVKK5uaNShOB0pK6w,DylanDubs,2026-06-24T19:21:19Z,"Welcome to the channel! I typically play Hero Shooters and Battle Royales at the highest levels possible. Be sure to subscribe to watch all future content! 

🟣 You can catch me live on Twitch! https://www.twitch.tv/DylanDubs_

Socials:
https://www.twitch.tv/DylanDubs_
https://www.instagram.com/dylandubs_
https://twitter.com/DylanDubs_

#marvelrivals #marvelrivalsgameplay",PT5H9M53S,201,9,0
Marvel Rivals,qN4-dmbKV1A,This is the average ranked teammate in Marvel Rivals,UCxKsh3bqvutfnG0e1PJOCTw,ImShmoopie,2026-06-24T18:00:33Z,This is the average ranked teammate in Marvel Rivals #spiderman #marvelrivals #marvel #gaming #shortsfeed,PT12S,13857,333,10
Marvel Rivals,ub6FwiL0lhs,NOVIDADES E EVENTOS NO MARVEL RIVALS,UCYdNzGpnk6hAtU0eV9QOVSA,CKX,2026-06-24T17:38:00Z,"Marvel Rivals chegou no evento de verao da temporada 8.5 e com ela outras novidades. Nesse vídeo trago novidades do marvel rivals temporada 8.5, marvel rivals skin viuva negra praia, marvel rival skin demolidor praia , marvel rivals roadmap da temporada 85, marvel rivals jubileu, marvel rivals criador de conteudo oficial, marvel rivals novidades, skins gratis marvel rivals, marvel rivals evento de verao, marvel rivals mostrando novidades.


Discord CKX: https://discord.gg/dGcnCPFcYX

Canal do Whats: https://whatsapp.com/channel/0029Va9t2rcHltYFyvjOE42o

Seja membro deste canal e ganhe benefícios:
https://www.youtube.com/channel/UCYdNzGpnk6hAtU0eV9QOVSA/join

Hoje vamos jogar o novo jogo grátis, #MarvelRivals ! Um gameplay insano e com MUITA informação, espero que gostem!

video: NOVIDADES E EVENTOS NO MARVEL RIVALS

Aqui no CKX você encontra novidades, curiosidades, gameplay de jogos malucos e muito mais. Fazemos gameplays de jogos diversos e lançamentos e jogos mais pedidos por vocês. © 2026 MARVEL #ciclope #marvelrivalspartner",PT7M59S,3008,304,40
Marvel Rivals,GtOX4MI-5aY,Marvel Rivals Rushed Out The New Summer Skins?!,UCO1RaID33uvGW1EtoMSHygA,Khyomaru,2026-06-24T17:34:33Z,"Nice
10% OFF ALL GAMERSUPPS ORDERS: https://gamersupps.gg/Khyo 

FIND ME IN THESE PLACES:
linktr.ee/Khyo

#marvel   #marvelrivals     #marvelrivalsgameplay",PT11S,28283,987,32
Marvel Rivals,vHay1F1z6k0,Mr Fantastic is unstoppable #marvelrivals #marvel #rivals #meme #memes #funny,UC52xVh2VZDtLtCNAfyBAyhQ,InfamousInvictis,2026-06-24T17:00:26Z,"Subscribe!

My Twitch: https://www.twitch.tv/infamousinvictis

[Donation Link]
https://steamcommunity.com/tradeoffer/new/?partner=249176276&token=HopDhDXs

[Channel Membership]
https://www.youtube.com/channel/UC52xVh2VZDtLtCNAfyBAyhQ/join

#marvelrivals #marvel #rivals #clips #gaming #meme #memes",PT50S,1429,61,7
Marvel Rivals,Uai2tbMW2m4,Demolidor também não liga para a identidade secreta dele em Marvel Rivals? O Matt Murdock não vai...,UCCWyZ61lxV_n13mYP-iA4Cg,TONN616,2026-06-24T16:59:09Z,#marvelrivals #deadpool #hulk #angela #demolidor #venom #marvel #marvelbrasil #marvelcomics #thor #homemaranha #loki #doutorestranho #psylocke #quartetofantástico #shorts,PT11S,51560,2601,75
Marvel Rivals,Y1F7KwQIlqI,MARVEL RIVALS HATES BLACK WIDOW!,UC9UeduMNtsFEKa2lXlVbV-w,KaySkay,2026-06-24T17:00:38Z,"ok subscribe bye :)

#marvel #marvelrivals #marvelrivalsgameplay",PT16S,120412,4833,163
Marvel Rivals,ZS-R4p6hjVM,NEW Black Widow Summer Customization is Crazy in Marvel Rivals!,UCO1RaID33uvGW1EtoMSHygA,Khyomaru,2026-06-24T16:18:43Z,"Nice
10% OFF ALL GAMERSUPPS ORDERS: https://gamersupps.gg/Khyo 

FIND ME IN THESE PLACES:
linktr.ee/Khyo

#marvel   #marvelrivals     #marvelrivalsgameplay",PT11S,11669,717,46
Marvel Rivals,M-Y1oUNHC_0,Vibes no more 🤣 #marvelrivals #marvel #rivals,UCcRYBqsKwBH_2yMKc5QoE0w,The Invasion Show,2026-06-24T16:14:55Z,#marvelrivals #marvel #rivals,PT20S,1922,115,9
Marvel Rivals,j2mfjVkbA5w,NEW Black Widow Legendary Sound Effects in Marvel Rivals!,UCO1RaID33uvGW1EtoMSHygA,Khyomaru,2026-06-24T16:07:28Z,"Nice
10% OFF ALL GAMERSUPPS ORDERS: https://gamersupps.gg/Khyo 

FIND ME IN THESE PLACES:
linktr.ee/Khyo

#marvel   #marvelrivals     #marvelrivalsgameplay",PT10S,8909,409,23
Marvel Rivals,aqem3biZDM8,NEW Black Widow Aquatic Assassin skin - Marvel Rivals,UCyiVR4Ou-VmNQ3JNvGKrseQ,dejuna | Marvel Rivals,2026-06-24T16:04:50Z,"Skin First Appears in Marvel Rivals Season 8.5

Join my Discord server for Weekly Skins Giveaway!!  https://discord.gg/FBfvKSmaM5

Thx for watching the video!
consider dropping a like and subscribing to the channel if you enjoy the content

usually uploads around 1-2 hrs after the skins officially release in the itemstore.

this video format will remain the same, so you know what to expect every time.

showcases displayed in all Ultra graphics, and 55 brightness ingame

✪ YOUTUBE PLAYLIST ✪
Marvel Rivals Original Skins ↪ https://www.youtube.com/playlist?list=PLBRxqJkvJ9cgzP68dgTVnBnT0KqbzDI0r

MCU Skins ↪ https://www.youtube.com/playlist?list=PLBRxqJkvJ9ci4CZIM5SO2UOHKHgmIXEE7

Comic Inspired Skins ↪ https://www.youtube.com/playlist?list=PLBRxqJkvJ9ci4CZIM5SO2UOHKHgmIXEE7

All Before You Buy Video ↪ https://youtube.com/playlist?list=PLBRxqJkvJ9cg1lnBdjpGyn2iOhUv9OY6M&si=cRr6FQHafgNp493o

✪ CONNECT WITH ME ✪
Add me Ingame: dejuna
Subscribe ↪ https://www.youtube.com/@dejuna1?sub_confirmation=1

Discord ➤ / dejuna
Discord Server ➤ / https://discord.gg/FBfvKSmaM5

Twitch ➤ / https://www.twitch.tv/dejuna

Business inquiries lgr211111@gmail.com

Psylocke: Chouko Takahashi The Prodigy skin Showcase Chouko Takahashi The Prodigy showcase review skin Chouko Takahashi The Prodigy skin review Chouko Takahashi The Prodigy skin spotlight showcasing the Chouko Takahashi The Prodigy in game, and comparing it to default skin and gameplay

Timestamp
00:00 Customization
02:14 Sport Tea (Green)
03:02 Cobalt Charm (Blue)
03:52 Default Color






tags:
before you buy marvel rivals skins

#beforeyoubuy #beforeyoubuymarvelrivals
#beforeyoubuy #marvelrivals #marvelrivalsskin #skinreview #skinshowcase #skinspotlight #skinspotlights #MarvelRivals #RivalsCreate  #MarvelRivals 
#MarvelRivalsPartners
#thehuntison #whitefox #blackcat #esushowdown #empirestateuniversity #esu #psylocke #psylockeesu #psylockeChoukoTakahashi #psylocketennis",PT14S,5658,222,57
Marvel Rivals,01aLllkvr40,MARVEL RIVALS PLEASE DON'T COPY THIS FROM OVERWATCH!,UC9UeduMNtsFEKa2lXlVbV-w,KaySkay,2026-06-24T15:30:16Z,"ok subscribe bye :)

#marvel #marvelrivals #marvelrivalsgameplay",PT18S,102358,3574,128
Marvel Rivals,XOFQ4gSRF7U,Every1 gets a bad ult 🤣 #marvelrivals #marvel #rivals,UCcRYBqsKwBH_2yMKc5QoE0w,The Invasion Show,2026-06-24T15:25:49Z,#marvelrivals #marvel #rivals,PT12S,80614,3054,73
Marvel Rivals,NJV-SQEHFY0,Ciclope no Marvel Rivals é TUDO o que um personagem deveria ser! (Menos a Ult kk),UCN3MIUlSFkJSkLJnTJHcgaA,Marcus O Ceifeiro,2026-06-24T15:16:57Z,"Quer participar das lives e aparecer nos vídeos também? Só me seguir aqui:
Canal do Site roxo: marcusoceifeiro
E-mail comercial: marcusceifeiro@gmail.com
Instagram: marcusoceifeiro
TikTok: marcusoceifeiro
Meu canal de Cortes https://www.youtube.com/@MarcusoCeifeiroCortesOficial
Meu outro canal no Youtube: https://www.youtube.com/channel/UChh6
Server no Discord: https://discord.gg/hUaG5ju56w

00:00 - Vamos direto ao personagem! Ciclope 
09:30 - O personagem tá perfeito tirando a Ult. 
12:01 - ""Marcus, como assim você ta reclamando?! Uhm uhm uhm...""
15:15 - Hora das partidas de ciclope! NÃÃÃAAAAAAAA....
20:01 - Ciclope - Partida 1 
25:05 - Ciclope - Partida 2 
31:00 - Ciclope - Partida 3 
39:40 - Cicople - Partida 4 
48:02 - Cicople - Partida 5
52:50 - Cicople - Partida 6
01:01:30 - Conclusões Finais sobre o Ciclope",PT1H7M51S,16556,2339,188
Marvel Rivals,ANfmRRcZVuQ,We NEED to Talk About The Current State of marvel rivals..,UC-GECHmvQjUn5W1zMqbGvKQ,Somjuu,2026-06-24T14:10:12Z,"Follow my socials- im live 5 days a week on twitch 10am EST!
(Twitch) https://www.twitch.tv/somjuu 
(ALL THE LINK) https://linktr.ee/Somjuu
(2ND YT CHANNEL) https://www.youtube.com/channel/UCf7g-mmGjgoa9B6D2Cf5_1g",PT20M17S,7987,619,281
Marvel Rivals,snJv19sFK2E,SPECTATING CYCLOPS KILL RECORD IN MARVEL RIVALS,UCXBE_QQSZueB8082ml5fslg,TimTheTatman,2026-06-24T14:00:30Z,"LIKE and SUBSCRIBE with NOTIFICATIONS ON if you enjoyed the video! 👍

👉Don't forget to choose me as your support-a-creator! Use Code - ""timthetatman"" in the Fortnite Store! #EpicPartner 

💪BECOME A MEMBER OF THE STREAM - https://youtube.com/timthetatman/join
💰 DONATE: https://streamelements.com/timthetatman/tip
👉JOIN THE DISCORD: https://discord.gg/timthetatman
🔴 You can catch me live on Twitch! https://twitch.tv/timthetatman
🎥 MoreTimTheTatman: https://www.youtube.com/moretimthetatman
🎥 TimTheTatman Two: https://youtube.com/TimTheTatmanTwo
🎥 TimTheTatman VODs: https://www.youtube.com/timthetatmanvods
🎥 TimTheTatman Shorts: https://youtube.com/TimTheTatmanShorts
▶️ GET CONNECTED:
🖥️ Website | https://timthetatman.com/
🐦Twitter | https://twitter.com/timthetatman
📷 Instagram | https://www.instagram.com/timthetatman/
📱TikTok  | https://tiktok.com/@timthetatman


THANKS FOR WATCHING!! 💖

#timthetatman #marvelrivals #marvelrivalsgameplay",PT25M55S,50180,1533,108
Marvel Rivals,-WX9vW5dXo4,Cyclops rejects Scarlet Witch in Marvel Rivals,UCPt4FISO_oZ7ALfDUjEmOwg,Shotsoma,2026-06-24T12:00:29Z,"In Marvel Rivals, Cyclops and Scarlet Witch share a poignant voice interaction when paired on the same team. Wanda offers to use her magic to ease Scott's past trauma, but Cyclops declines, stating that remembering the pain only makes him fight harder.

Scarlet Witch: ""I have a spell that could remove the trauma you experienced from your mind, you know.""

Cyclops: ""No thanks, Wanda. Remembering only makes me want to fight harder.""

This interaction is especially meaningful for long-time Marvel fans because it subverts the heavy history between the two. In the comics—most notably during Avengers vs. X-Men—Wanda's reality-warping powers were a direct source of immense mutant trauma (and a lot of bad blood). This exchange showcases a more mature, respectful dynamic where they acknowledge each other's hardships and channel that resilience into fighting the current crisis.
#shorts #marvelrivals #gaming",PT14S,24845,844,14
Marvel Rivals,TWkCdZOKkR0,[ 🔴 LIVE ] #1 LUNA SNOW ON CONSOLE ( TOP 500  ) Marvel Rivals Season 8.5,UCZY0WUSzhWAvMSF7aKmypkA,Luna Webcore,2026-06-24T10:17:56Z,#marvelrivals   #marvel #LunaSnow,PT4H16M19S,3034,111,2
Marvel Rivals,g1qgusPwVEU,WHY IS THIS STILL HAPPENING - MARVEL RIVALS,UCQlrcMSYXUATZA0xKwKWRwA,NugnugTV,2026-06-24T10:17:25Z,"0:00 EGO AND THROWERS
7:07 Negative Content Online
11:49 The Bottom Line

🔥 Watch Me Play LIVE: https://twitch.tv/nugnug_tv
💬 Join the Community on Discord: https://discord.gg/ekSvkJxCWF

I talk about and play games

#MarvelRivals #Season8.5 #Ranked #GamingRant #netease 

-------------------------------------------------------------------------------------------------------

Marvel Rivals, Marvel Rivals Season 8.5, Marvel Rivals Ranked, Throwers, Matchmaking, Season 8.5 Meta, Marvel Rivals Rant, Ranked Sabotage, NugnugTV, High Rank, NetEase Games, Ranked Competitive, Marvel Rivals Fix",PT13M27S,3712,197,100
Marvel Rivals,JclTkBxl3Sc,ПРАВИЛЬНАЯ ПОЗИЦИОНКА НА ЦИКЛОПЕ - MARVEL RIVALS CYCLOPS SEASON 8.5,UCd3pdXO7k8yUm1K0CZ6-jDQ,Хаарт,2026-06-24T09:24:32Z,"Marvel Rivals Cyclops - Как я и говорил, на циклопе нужно фланговать в 8.5 сезоне Marvel Rivals. Всем приятного просмотра!

►Магазин с донатом - https://donatov.net/ref/HAART

►Сайт - https://xxhaartxx.pro
►Твич - https://www.twitch.tv/xxhaartxx
►Поддержать донатом - http://www.donationalerts.ru/r/haartcore
►Альтернативная ссылка - https://donatepay.ru/don/363215
►Спонсорство Хаарта на Boosti - https://boosty.to/haart
►Наш дискорд - discord.gg/ycnhE67
►Телега - https://t.me/xhaartx

Marvel Rivals — геройский командный PVP-шутер, разработанный и изданный NetEase Games в сотрудничестве с Marvel Games.

Marvel Rivals будет героическим шутером от третьего лица в формате 6х6 игрок против игрока[3]. При правильном сочетании двух или трёх персонажей игроки могут использовать «Динамическую синергию героев», которая еще больше повышает боевую эффективность их игрового персонажа. В игре также есть разрушаемое окружение, позволяющее игрокам изменять поле боя (под наблюдением Галакты) в своих интересах.

Marvel Rivals is a Super Hero Team-Based PVP Shooter! ... With intricate environments, fast-paced gameplay, and ever-changing battlefields, there's never a dull moment in Marvel Rivals!

#marvelrivals   #Хаарт #Haart #MarveRivalsSeason8 #MarvelRivalsPartners #MArvelRivalsDevilDinosaur #DevilDinosaur #season8 #cyclops #SinsofAlchemax",PT11M12S,1728,76,8
Marvel Rivals,pPIppbNSKzc,【Marvel Rivals】無限強化継続中のブレイド、流石の流石に強いだろ！【ゆっくり実況/マーベルライバルズ】,UCBVw8AnAy8ifXpysv2fiVYQ,ヘイデンGame,2026-06-24T09:00:11Z,"#marvelrivals  #マーベルライバルズ 　#ゆっくり実況

●Xのアカウント
https://twitter.com/HEIDEN_CHANNEL

●Twichアカウント
https://www.twitch.tv/he1den_yukkuri

●チャンネルメンバーシップ
youtube.com/channel/UCBVw8AnAy8ifXpysv2fiVYQ/join
＝＝＝＝＝＝＝＝＝＝＝＝＝＝＝＝＝＝＝＝＝＝＝＝＝＝
●使用している効果音
効果音ラボ様【https://soundeffect-lab.info/】
ニコニコモンズ様

●使用しているBGM
DOVA‐syndrome様【https://dova-s.jp/】
騒音のない世界様【https://noiselessworld.net/】
茶葉のぎか様【https://www.youtube.com/@nogika_chaba】

●使用しているソフト
ゆっくりムービーメーカー４様
VOICEBOX様",PT8M18S,2712,58,16
Marvel Rivals,4KKw-b7_B04,The Captain America Situation Is Crazy | Marvel Rivals ,UCvFyUZLdhX3glMa9BzWiiew,Kodlaq,2026-06-24T08:53:59Z,"In this video I go over the recent trend of content creators calling Captain America S tier. However, despite the disagreements I remind viewers that individual experiences influence character placements. This also goes into the concept of specific divisions having different metas. 

#marvelrivals #marvelgames #gaming #gamingvideos",PT10M11S,2093,76,54
Marvel Rivals,0zsy01WaqJ8,ROAD To ETERNITY on CONSOLE *NEW SEASON* - (Marvel Rivals),UCf_ENZSDQ6xoGOKp0pIcHmw,Vomero,2026-06-24T07:04:45Z,Join And Chat,PT3H55M20S,568,23,0
Marvel Rivals,9CZEe0zXang,I'm Worried About Season 9 of Marvel Rivals,UCDnVo_35vewJG47ZMIMi_kw,Nenn,2026-06-24T02:06:09Z,#marvelrivals #netease #gaming,PT10M3S,7067,371,169
Marvel Rivals,3ukNtGHsPk8,"Yooo, what did I miss??? (NEW DROPS ON MY TWITCH)",UCoKKe0XN5Zc1lSTi1_utNOw,Jay3,2026-06-24T01:27:36Z,"SUB NOW!!!

🔔 Make sure to SUBSCRIBE and HIT THE BELL 🔔
😎 Become a MEMBER: https://www.youtube.com/@Jay3/join

I'm probably LIVE right now... make sure to stop by and say hi!
🔴 https://twitch.tv/jay3

My YouTube channels:
📽️ Jay3 Two: https://www.youtube.com/@Jay3Two
📽️ More Jay3: https://www.youtube.com/@MoreJay3
📽️ Jay3 IRL: https://www.youtube.com/@UCQkChmIJ-qIZThQIGSQu1og 

Jay3 Socials:
🐦 Twitter: https://twitter.com/jay3ow
📽️ TikTok: https://tiktok.com/@jay3twitch
📷 Instagram: https://www.instagram.com/jay3twitch
💬 Discord: https://discord.gg/jay3

💼 Business inquiries - business@jay3.gg

#jay3 #overwatch2 #marvelrivals",PT7H34M39S,25394,430,0
Marvel Rivals,9CjU6UgKGos,Can i Hit Eternity? Marvel Rivals Ranked Grind | Noob to Eternity pt.5 #gaming #marvelrivals #marvel,UCcQ8kOXTNnd8JEJ0yXeJn9w,Kenwaltzon,2026-06-23T23:54:54Z,"Like
Subscribe
Comment",PT1M1S,956,16,1
Marvel Rivals,pE8jXcta32M,Why Would Marvel Rivals Do This To Dagger?!,UCO1RaID33uvGW1EtoMSHygA,Khyomaru,2026-06-23T23:35:40Z,"Nice
10% OFF ALL GAMERSUPPS ORDERS: https://gamersupps.gg/Khyo 

FIND ME IN THESE PLACES:
linktr.ee/Khyo

#marvel   #marvelrivals     #marvelrivalsgameplay",PT10S,517769,9456,190
Marvel Rivals,9U_Q75MsiYc,Gorr And Nightcrawler Will Bring True Suffering To Marvel Rivals #shorts #meme,UC9mpbcyY7E4jQIBNNPUYO2Q,ClassicMan D,2026-06-23T23:30:49Z,,PT54S,313425,38252,642
Marvel Rivals,xmelYkwY7Io,New Daredevil Lifeguard Skin In Marvel Rivals,UCGsiYLUcAaLt59KF4-QXiVQ,Also Vanexx,2026-06-23T23:20:15Z,#marvelrivals #marvel #vanexx,PT31S,17231,950,32
Marvel Rivals,bD372a7u7zo,"PLAYING CYCLOPS, BUT I'M IN SILVER... (Marvel Rivals)",UCp1We4MWV9_WLg_R6d47-2w,Bogur Uncut,2026-06-23T23:00:24Z,"DPS UNRANKED TO ETERNITY CHALLENGE - GAME 1

Everything is streamed live @ https://www.twitch.tv/bogur

📽️ Main Channel: https://www.youtube.com/@bogur
📽️ Bogur 2: https://www.youtube.com/@bogur2
📽️ Bogur Uncut: https://www.youtube.com/@notbogur

Follow Me
►Discord: https://discord.com/bogcord
►Twitch: https://www.twitch.tv/bogur
►Twitter: https://twitter.com/b0gur
►TikTok: https://www.tiktok.com/@bogur47

#bogur #marvelrivals",PT8M5S,1537,43,8
Marvel Rivals,S2Iz4T-kdHw,We Need To Go Back In Marvel Rivals!  #gaming #envtuber #marvelrivals #marvel #vtuber,UCUEgvWJ8u5P9XDFuCBNEMfA,TheTarians,2026-06-23T21:58:27Z,"Twitch: https://www.twitch.tv/thetarians
Discord: https://discord.gg/w3qhWNT7P6
Need Voice Over? Email Me At: thetarians2@gmail.com",PT1M5S,30954,1961,246
Marvel Rivals,frXFxFdhl7E,Black Cat ha Muerto en MARVEL RIVALS  #marvelrivals #marvelrivalsespañol,UCoXK491GucYxmG-avIo8pnQ,Omega,2026-06-23T21:12:14Z,,PT28S,9430,858,74
Marvel Rivals,Lk8h0Ce1tCo,THE HOME SCREEN CLUTTER IS INSANE IN MARVEL RIVALS!,UC9UeduMNtsFEKa2lXlVbV-w,KaySkay,2026-06-23T20:30:38Z,"ok subscribe bye :)

#marvel #marvelrivals #marvelrivalsgameplay",PT19S,30190,1103,20
Marvel Rivals,mZuVlOjgims,Rank 1 Mantis Gameplay 🤯 | Marvel Rivals,UC4zDfrGVKK5uaNShOB0pK6w,DylanDubs,2026-06-23T20:19:53Z,"Rank 1 Mantis Gameplay 🤯 | Marvel Rivals

#marvelrivals #marvelrivalsclips #marvelrivalsgameplay",PT36S,22325,1445,20
Marvel Rivals,LRZMqDlDnAY,LMAOOOOO 🤣🤣 #marvelrivals #marvel #rivals,UCcRYBqsKwBH_2yMKc5QoE0w,The Invasion Show,2026-06-23T19:27:27Z,#marvelrivals #marvel #rivals,PT19S,19251,771,26
Marvel Rivals,pzhxD4RvXIM,Poorly Explaining Each Hero In Marvel Rivals - Strategists editions  #marvelrivals  #gaming  #marvel,UCJ08K-QD5Ks5dLMGZMV6T-Q,SgtFrost,2026-06-23T19:21:28Z,"Try Flowstate here for a science-backed way to improve your focus: https://tinyurl.com/5n6s8cdh
Don't forget to use code ""Frost"" at checkout for 10% off all purchases!

My socials - 
Twitter: https://x.com/EliMorris_VO
Insta: https://www.instagram.com/elimorrisvo/
Twitch: https://www.twitch.tv/SgtFrozt
TikTok: https://www.tiktok.com/@sgtfrost7?lang=en
Discord : https://discord.gg/x9FX7Yg
Website: https://www.elimorris.net/

Business Inquires - elimorrisacting@gmail.com

Streaming on twitch every weekday after 8pm CST",PT1M50S,12332,2274,26
Marvel Rivals,z7xBYgSpWRo,How to force bad enemy plays in Marvel Rivals,UCpEXWiOBUZ3GtqOq-2FCmig,Neko and Tora,2026-06-23T19:15:55Z,"Join this channel to get access to perks:
https://www.youtube.com/channel/UCpEXWiOBUZ3GtqOq-2FCmig/join

Enjoy our POV and follow us on our other platforms!

TikTok : https://www.tiktok.com/@neko_and_tora?
Threads: https://www.threads.net/@neko_meda?hl=en
Instagram: https://www.instagram.com/nekoandtorattv

#marvelrivals #marvel #marvelrivalsgameplay #marvelrivalsclips",PT3M,1465,155,3
Minecraft,bYxtbGqhlLA,1.16.1 Minecraft Speedrunning! (mcsr ranked),UCcziMNOsJ2RoegHivsG71Qg,AirKirby,2026-06-25T05:34:59Z,"join the chat! https://www.twitch.tv/airkirby_

▼ Social Media ▼
Discord: https://discord.gg/N8H8RsJhTV
Twitter: https://x.com/AirKirby_
TikTok: https://x.com/AirKirby_

📧 Business: airkirby.business@gmail.com

Donations:
https://streamlabs.com/airkirby_/tip

Rules:
⊹ No hate speech or discrimination of any kind
⊹ Be respectful to josh and the community
⊹ No spamming, back seating, self promoting, trauma dumping
⊹ Please keep the chat in english, this helps the mods do their jobs

Tags:
#AirKirby #gaming #live #streamer",P0D,3014,104,0
Minecraft,gqaR_mmI2V8,MINECRAFT TNT CHALLENGE,UCtdbt7sSw5AYsT1Kf22gQRQ,Ingot MC,2026-06-25T05:25:12Z,#usa #shorts #shortfeed,P0D,14490,2223,0
Minecraft,v5ckZdFqdLk,KRISIS MC HARDCORE RETRY! THIS TIME WE DO IT!【MINECRAFT】,UCpYf6C9QsP_BRf97vLuXlIA,Vantacrow Bringer 【NIJISANJI EN】,2026-06-25T04:41:40Z,"YIPPEEEE

Streamlabs Donations: https://streamlabs.com/vantacrowbringer

⭒━━━━━━━━━━━━━━━⭒

The unstoppable tyrant of Krisis is here!

⭒━━━━━━━━━━━━━━━⭒

【Chat Rules】
・PLEASE DO NOT BACKSEAT unless I explicitly ask for it!
・Don't spam or troll.
・Don't bring up other streamers unless I mention them first.
・Try to keep the comments relevant to the stream.
・Refrain from chatting with others viewers.
・Please get along with each others and use block if needed.
・Please no aggressive Flirting
・Try to stay on topic and not dwell on something if I've stated that we should move on.
・Let's have a good time together!

⭒━━━━━━━━━━━━━━━⭒

[Socials]
・https://twitter.com/Tyrant_Vanta

【Hashtags】
・GENERAL: #VantacrowBringer
・LIVE: #VantaHours
・SFW ART: #Vantalism 
・NSFW ART: #Vantasize
・FAN NAME: #Vantacrew
・MEMES: #Vantalarious
・Thumbnails: #Thumbringer
・Assets: #Vantarsenal
・Clips: #Vantaflix
・Fanfiction: #Vanfiction
・GROUP: #NIJIKrisis

⭒━━━━━━━━━━━━━━━⭒

【KRISIS】
★ Vezalius Bandage
https://twitter.com/VezaliusBandage
@VezaliusBandage  

☆ VantacrowBringer
https://twitter.com/Tyrant_Vanta
@VantacrowBringer 

★ Yu Q. Wilson
https://twitter.com/YuQWilson
@YuQ.Wilson 

⭒━━━━━━━━━━━━━━━⭒

【Official にじさんじ NIJISANJI Sites】
・Website: https://www.nijisanji.jp/en
・ANYCOLOR: https://www.anycolor.co.jp/en
・Twitter: https://twitter.com/NIJISANJI_World
・YouTube (EN):    / @nijisanji_en  
・Twitch: https://www.twitch.tv/nijisanji_en

▽　Guidance for minors
https://www.anycolor.co.jp/notice-for-minors-en

⭒━━━━━━━━━━━━━━━⭒

[Credits]

・Thumbnail Art : 
・emotes: https://twitter.com/Ellem__ & https://twitter.com/_caeliris
・Intro BGM - Blasting Zone
・BGM - Stay on your mind (https://www.youtube.com/@khaim)
・Starting Soon Screen Animation - https://twitter.com/Alchiet
・Overlay & Logo: https://twitter.com/p_a_r_a_l_l_e_l",P0D,2625,463,0
Minecraft,dZJQaGc-TAQ,【MINECRAFT HARDCORE】KRISIS REVENGE【NIJISANJI EN | Yu Q. Wilson】,UCKpKC3M5fkcEvtOr06dmYlA,Yu Q. Wilson 【NIJISANJI EN】,2026-06-25T02:33:12Z,"【DONATIONS】
https://streamlabs.com/yuqwilson

#NIJISANJI #nijisanji_en 

★☆★

【Chat Rules】
 Don't spam or troll.
 Don't bring up other streamers unless I mention them first.
 Keep the comments relevant to the stream.
 Refrain chatting with others viewers.
 Please get along with each others and use block if needed.
 Let's have a fun stream together!
 Guidance for minors:
https://www.anycolor.co.jp/notice-for-minors-en

🥽🥽🥽

【Socials】
★ https://twitter.com/YuQWilson

【Hashtags】
★ General: #YuQWilson
☆ Live: #OhHiYu
★ Art: #YuDrawWilson
☆ NSFW: #NSFYu

★☆★

【KRISIS】
★ Vezalius Bandage
https://twitter.com/VezaliusBandage
 @VezaliusBandage 

☆ Vantacrow Bringer
https://twitter.com/Tyrant_Vanta
@VantacrowBringer 

★ Yu Q. Wilson
https://twitter.com/YuQWilson
@YuQ.Wilson 
★☆★

【NIJISANJI Official Website】
https://www.nijisanji.jp/en

【Official NIJISANJI EN Twitter】
https://twitter.com/NIJISANJI_World 

【NIJISANJI Official Twitch】
https://www.twitch.tv/nijisanji_en

【Official ANYCOLOR Website】
https://www.anycolor.co.jp/ 

【For Business and PR Inquiries】
https://www.anycolor.co.jp/en/contact

★☆★

[Credits]

・Thumbnail Art: me, smile.
・Intro BGM - ""ride a comet"" by マニーラ
・BGM - ""スタンバイ10"" by Kazuchi
・Membership Emotes: https://x.com/MadamMito
・Chatting Background: https://x.com/ArtNailum
・Overlay & Logo: https://x.com/p_a_r_a_l_l_e_l",P0D,3159,602,0
Minecraft,6trelTmZh8U,【#NIJIENchanted2】Hello... I love minecraft 【NIJISANJI EN | Luca Kaneshiro】,UC7Gb7Uawe20QyFibhLl1lzA,Luca Kaneshiro【NIJISANJI EN】,2026-06-25T00:52:27Z,"Hello, my name is Luca Kaneshiro! Pleased to meet you 😝


                              【STREAMLABS】
https://streamlabs.com/lucakaneshironijisanjien/tip

THUMBNAIL https://x.com/Enkiriin


              【VOICE PACKS & GOODS】
                https://nijisanji-store.com/

I am a Mafia boss that came from the past.
Now I am apart of NIJISANJI EN's Luxiem!


にじさんじENのルカ・カネシロです !   過去からやってきたマフィアのボス
よろしくお願いします！

#NIJISANJI_EN　＃にじさんじ #lucakaneshiro 


                           【RULES】

1. Do not be WEIRDCHAMPION that is super UNPOG.
2. Be respectful to one another we only POG and not WEIRDGE.
3. Please avoid ONE-MAN spamming okay!
4. Do not BACKSEAT unless I say so, and YES! that includes spoilers.
5. Please stay on topic during the stream, do not mention other streamers unless I am talking     about them.

- - - - - - - - - - - - - - - - - - - - - - -- - - - - - - - - - - - - - -- - - - - - - - - - - - - - -- - - - - - - - - - - - - - -
       Luxiem Members

Luca Kaneshiro (ルカ・カネシロ)
Twitter: https://twitter.com/luca_kaneshiro
Youtube: https://www.youtube.com/channel/UC7Gb7Uawe20QyFibhLl1lzA

Shu Yamino
https://twitter.com/shu_yamino
https://www.youtube.com/channel/UCG0rzBZV_QMP4MtWg6IjhEA

Vox Akuma
https://twitter.com/Vox_Akuma
https://www.youtube.com/channel/UCckdfYDGrjojJM28n5SHYrA

- - - - - - - - - - - - - - - - - - - - - - -- - - - - - - - - - - - - - -- - - - - - - - - - - - - - -- - - - - - - - - - - - - - -

■ For more information, visit:
・ NIJISANJI Official YouTube (EN): https://www.youtube.com/channel/UC-JSeFfovhNsEhftt1WHMvg   
・ NIJISANJI Official Twitch:https://www.twitch.tv/nijisanji_en
・ NIJISANJI Official Twitter (English account): https://twitter.com/NIJISANJI_World
・ANYCOLOR Official Website: https://www.anycolor.co.jp/
・ NIJISANJI Official Reddit: https://www.reddit.com/r/Nijisanji/
・ NIJISANJI Official Instagram: https://instagram.com/nijisanji_en
・ NIJISANJI Official Tiktok: https://www.tiktok.com/@nijisanji_en?lang=en
・ NIJISANJI Official Facebook (English account): https://www.facebook.com/nijisanji.official/
・ NIJISANJI Official YouTube (JP): https://www.youtube.com/channel/UCX7YkU9nEeaoZbkVLVajcMg

▽　Guidance for minors
     https://www.anycolor.co.jp/notice-for-minors-en",P0D,9013,919,0
Minecraft,omuuQxHmBB4,ARRUINÉ el CUMPLEAÑOS de HEROBRINE en Minecraft... 😢💔 #minecraft #shorts,UCsstdJdPWuExpxP-Dz_VSfA,Danycopetin Cortos,2026-06-24T23:30:06Z,"(Suscríbete y te regalo un taco🌮) 

📩 Negocios: danycopetin0@gmail.com

🌍 Sígueme en redes:
Instagram 📷⏭ https://www.instagram.com/danycopetinplay
Facebook📘 ➡️⏭ https://facebook.com/danycopetinyt

#shorts #minecraft #memes #short #tiktok #minecraftshorts #minecraftmemes #shortvideo #shortsfeed #gaming #funny",PT37S,29358,1402,11
Minecraft,6_5m9-GKMsI,PRUEBA DE CONFIANZA en MINECRAFT #shorts #minecraft,UCsstdJdPWuExpxP-Dz_VSfA,Danycopetin Cortos,2026-06-24T19:30:16Z,"(Suscríbete y te regalo un taco🌮) 

📩 Negocios: danycopetin0@gmail.com

🌍 Sígueme en redes:
Instagram 📷⏭ https://www.instagram.com/danycopetinplay
Facebook📘 ➡️⏭ https://facebook.com/danycopetinyt

#shorts #minecraft #memes #short #tiktok #minecraftshorts #minecraftmemes #shortvideo #shortsfeed #gaming #funny",PT1M50S,35234,1442,26
Minecraft,dc7urqMxkwI,【Minecraft Hardcore】REVENGE on the Ender Dragon #Krisis3rdStrike【NIJISANJI EN | Vezalius Bandage】,UCK9l6rTwU3hiSZijIMq51Gw,Vezalius Bandage 【NIJISANJI EN】,2026-06-24T19:29:59Z,"【Streamlabs Donations】
https://streamlabs.com/vezaliusbandage

✦✧✦

【Chat Guidelines】
✦ Don't spam or troll.
✧ Don't bring up other streamers unless I mention them first.
✦ Don't spoil or backseat unless I do ask for it.
✧ Keep the comments relevant to the stream.
✦ Refrain chatting with others viewers.
✧ Please get along with each others and use block if needed.
✦ Let's have a fun stream together!

【コメント欄のガイドライン】
✦ スパムや荒らし行為をしないこと。
✧ 話題に出てない他のライバーの名前を出さないこと。
✦ ライバーから聞かれてない場合はネタバレや指示行為を控えること。
✧ 配信の内容に無関係なコメントをしないこと。
✦ 視聴者さん同士のチャットをしないこと。
✧ 視聴者さん同士で喧嘩しないこと、必要であればブロック。
✦ 一緒に楽しい配信にしましょう！

✦ Guidance for minors・未成年の方への注意事：
https://www.anycolor.co.jp/notice-for-minors-en

✦✧✦

【Socials】
✦ https://twitter.com/VezaliusBandage

【Hashtags】
✦ General: #VezaliusBandage
✧ Live: #ZALisLIVE
✦ SFW Art: #zalillust - NSFW: #VezalustBondage
✧ Assets: #Vezsets - Thumbnails: #Vezuals
✦ Clips: #MedClips - MEME: #VeezNuts

✦✧✦

【KRISIS】
✦ Vezalius Bandage
https://twitter.com/VezaliusBandage
 https://www.youtube.com/channel/UCK9l6rTwU3hiSZijIMq51Gw

✧ VantacrowBringer
https://twitter.com/Tyrant_Vanta
https://www.youtube.com/@VantacrowBringer

✦ Yu Q. Wilson
https://twitter.com/YuQWilson
https://www.youtube.com/@YuQ.Wilson

✦✧✦

【NIJISANJI Official Website】
https://www.nijisanji.jp/en

【Official NIJISANJI EN Twitter】
https://twitter.com/NIJISANJI_World 

【NIJISANJI Official Twitch】
https://www.twitch.tv/nijisanji_en

【Official ANYCOLOR Website】
https://www.anycolor.co.jp/ 

【For Business and PR Inquiries】
https://www.anycolor.co.jp/en/contact


#NIJISANJI #NIJISANJI_EN",P0D,2154,517,0
Minecraft,HOJ92annVhg,¡Cuando el PROFE se pasa de LISTO en Minecraft! 🙀,UC1Na3TMtGmicDJyrFl1uncw,Zory,2026-06-24T19:00:31Z,"Eso si que no me lo esperaba.. 😿
🔵▬▬▬▬▬▬▬▬▬▬▬▬▬▬▬▬▬▬▬▬▬▬▬▬▬▬🔵
¿Eres nuevo?, ¡Suscríbete así no te pierdes ningún video! 😹  @ZoryMax
🔵▬▬▬▬▬▬▬▬▬▬▬▬▬▬▬▬▬▬▬▬▬▬▬▬▬▬🔵
#minecraft #minecraftshorts #shorts #minecraftroleplay #funny",PT22S,75759,1402,6
Minecraft,Fvoe3nOeIgQ,bro penso que iba a caer #minecraft #shorts,UCdjcJimS7qufHEiJr1Bg4Iw,Miaa2,2026-06-24T18:31:04Z,"Like para mas videos pros
.
.
.
.
.
.
Tags 
#minecraft  #minecraftmemes  #minecraftpe #minecraftpc #minecrafter #minecraftmeme #minecrafters #minecraftjava #minecraftbedrock  #minecraftpocketedition #minecraftxbox #minecraftserver #minecraftps3  #minecrafts #minecraftskin #minecraftxbox360 #minecraftsurvival #miaa2 #calce #xiaro #laos",PT28S,285163,6850,54
Minecraft,IVzGEaNfFCI,MI VENGANZA MAS TRANQUILA... #minecraft #shorts,UCDGLL2uk-oZCG6G5gRVAi6g,Liux,2026-06-24T18:29:50Z,"SIGUEME EN TODAS MIS REDES SOCIALES...
MIS REDES : https://linktr.ee/LiuxMC
QUE DIOS LOS BENDIGA....",PT38S,68559,3350,17
Minecraft,U6xQLDj7lj8,Les astuces que les speedrunner utilisent sur Minecraft #minecraft,UCsMDJgIExN_-MFn6upIHt0A,Yorick,2026-06-24T18:13:59Z,"Quelques secondes gagnées ici et là peuvent complètement changer ta façon de jouer à Minecraft.
#minecraft #gaming #shorts",PT34S,4480,232,1
Minecraft,GG_ySsTC-YU,"Minecraft Horror, But Drops are Random..!",UCnIR-Cipbu7P7uGCm-Sk0hw,Yug Playz,2026-06-24T18:05:45Z,"Minecraft Horror, But Drops are Random..!

Instagram:- https://www.instagram.com/yugthakkar_/
Discord:- https://discord.com/invite/yugplayz 

Thinking of hosting your own server? Start here: https://shockbyte.com/partner/yug
 — Don’t forget to use the Referral Code: Yug25.

For business inquiries - 
yugplayz.business@gmail.com

Thanks for Watching..!",P0D,0,157,0
Minecraft,11oxApuoUeo,I Exploited on A Youtuber SMP,UCGF5H53_h3Y6IGpANbDEh6w,JumperWho,2026-06-24T16:44:40Z,"I Exploited on A Youtuber SMP

2 weeks ago, I was invited to a youtuber SMP. However, I found a game-breaking exploit that changed the course of my entire journey on the Interlude SMP. My goal was to find even more glitches and gain as much power as possible.

My Lunar Cosmetics:
https://lunarclient.com/jumperwho 

Twitch: https://www.twitch.tv/jumperwho 
Discord: https://discord.gg/jumperwho
Twitter: https://twitter.com/JumperWho 

Interlude SMP

This video was recorded on Interlude, a Minecraft server where I plan/ script scenes and is supported with admin commands for entertainment and story purposes. Interlude outside of videos is a unscripted server.

Music in this video (go check them out, amazing music!!):
Pascal Stiefel /  @Plasma3Music
Welcome To Mafia Town by Pascal Michael: A Hat in Time https://www.youtube.com/watch?v=w1-lGNJADnw&list=RDw1-lGNJADnw&start_radio=1 
Security Breach by Pascal Michael: A Hat in Time https://www.youtube.com/watch?v=wUKCc0Lu7XQ&list=RDwUKCc0Lu7XQ&start_radio=1 
Death Wish by Pascal Michael: A Hat in Time https://www.youtube.com/watch?v=TljApMdkWdo&list=RDTljApMdkWdo&start_radio=1 
Killing Two Birds by Pascal Michael: A Hat in Time 
Tick Tock by Pascal Michael: A Hat in Time https://www.youtube.com/watch?v=As5j57PGviQ&list=RDAs5j57PGviQ&start_radio=1 
Toilet of Doom by Pascal Michael: A Hat in Time https://www.youtube.com/watch?v=PkLSlZfNFHM&list=RDPkLSlZfNFHM&start_radio=1 
Hollow Knight: Silksong soundtrack by Christopher Larkin https://www.youtube.com/watch?v=Q6is6K8jbho
C418, Lena Raine
DM DOKURO /  @DMDOKURO 
Ivory /  @ivoryfrill  &  @MythrodakTV  

subscribe to me, jumperwho",PT1H50M35S,305668,13075,1537
Minecraft,EbK7TAsrmsI,Cuando se desconecta el owner #minecraft #shorts #minecraftshorts #memes,UCtF5kkKZCRgi2tFrQgtnhbA,Nahu,2026-06-24T16:00:28Z,"minecraft meme, craziest minecraft clips, funniest minecraft clips, minecraft memes, minecraft what meme, minecraft movie meme, best minecraft memes, funny minecraft memes, minecraft movie memes, minecraft meme animation, minecraft memes i stole, the funniest minecraft clips of 2023, preston minecraft memes, minecraft funniest memes, jack black minecraft memes, the funniest minecraft clips of 2023..., minecraft memes compilation, worlds funniest memes in minecraft, minecraft memes that are *actually* funny, minecraft, minecraft pe, minecraft aura, minecraft hero, minecraft short, minecraft shorts, minecraft horror, minecraft bedrock, minecraft aura moments, herobrine minecraft, minecraft herobrine, minecraft trending shorts, minecraft most aura moments, minecraft viral shorts, minecraft aura farming, minecraft herobrine seed, minecraft null vs herobrine, xnqhu, i added herobrine to minecraft, can i survive herobrine in minecraft, minecraft horror video herobrine, minecraftjava, xnqhu prestige 1, xnqhu prestige 2, xnqhu prestige 3, xnqhu prestige 4como solucionar el error del multijugador en minecraft, no se ha podido conectar con el mundo minecraft, free minecraft server, free minecraft server always online, que hacer si eres nuevo en un servidor de minecraft, server gratis minecraft, free minecraft server hosting, minecraft server hosting, porque no me deja entrar a mi server de minecraft aternos, retos en minecraft, minecraft en un cofre, como jugar con amigos en minecraft, como solucionar el error de multijugador en minecraft 1.21",PT9S,116720,0,18
Minecraft,hArmMoV96Y8,COMPLETA el EMOOJI en MINECRAFT ⚠️​💀​☠️#español #minecraft,UC72dRCB2ecWc-L6CaHXmNJw,detroHD,2026-06-24T15:36:52Z,en este video vamos a estar adivinando el muejeje los dos de forma épica,PT34S,120671,5798,47
Minecraft,y7L66yrZ4ag,Nobody Actually Finishes Minecraft,UCGpDy0env5GGdxBINPXkIdA,qamb,2026-06-24T15:15:17Z,"You don't really beat Minecraft.

Some players build giant bases. Some play PvP. Some disappear into two-week Minecraft phases with friends.

And maybe that's why nobody ever truly finishes Minecraft.
#minecraft #shorts",PT26S,12718,409,25
Minecraft,HXvlOToLL8k,"NEW BIOME, WOOD TYPE, STRUCTURE, WOOL SLABS AND STAIRS ALL IN SNAPSHOTS OMG OMG EPIC GAMING OMG OMG",UCiZ2z8F8ilr6SC7lOaxAQ4g,camman18,2026-06-24T15:00:27Z,"↓ ↓ ↓ FOLLOW ME EVERYWHERE  ↓ ↓ ↓

Twitter: @camman18_
https://twitter.com/camman18_

Twitch: camman18 (weekly streams)
https://twitch.tv/camman18

VODS:  https://www.youtube.com/@camman18VODS

Discord: (all my community page fanarts from here)
https://discord.gg/camman18

Instagram: https://www.instagram.com/camman.18

^ follow all of those to become a TRUE camman18er ^

...and if you read this far SUBSCRIBE",PT53S,1788453,142991,1795
Minecraft,omqgDNUqioM,Je suis CACHÉ SOUS LA MAISON de MON POTE sur MINECRAFT  #minecraft #shorts,UCqMmBucGLRXpOW8l4h8gSFg,VildroX,2026-06-24T14:59:02Z,"Il en a pris du temps pour me trouver 👀

🔗 Lien :
■ 🌐Discord : https://discord.gg/SEkqYat
■ 🎵Tiktok : https://www.tiktok.com/@vildrox
■ 🐦Twitter : https://twitter.com/VildroXYT
■ 📷 Instagram : https://www.instagram.com/vildrox/
■ 📄Tout les liens : https://linktr.ee/vildrox",PT29S,10111,399,3
Minecraft,gI19HS_L1Zs,ENCONTREI um Aldeão ASSUSTADOR Enterrado no minecraft,UC9Qu6o04oTf-b2acahQVk1g,Kass & KR,2026-06-24T14:45:04Z,"🧸 Compre os BONECOS DE KASS E KR: https://boxsugar.com.br/kass-e-kr/

💌 Contato profissional: kassekr@pulliginfluencers.com.br

🎮 Nosso host de Minecraft: https://enxadahost.com/ (Cupom: KASSEKR)",PT17M47S,80930,1958,34
Minecraft,hYergfei57I,Which wind wins?,UCRJBLIR5E1bfDmq3kAzRpeg,Mogswamp,2026-06-24T14:00:14Z,"https://buy.minecraft.net/Mogswamp
The BEST Minecraft server hosting:
https://mogswamp.bloom.host/
https://mogswamp.com/
#minecraft #shorts #mogswamp",PT47S,360958,19201,168
Minecraft,2K_IJomAgjo,Minecraft BUILD HACK! #shorts #minecraft #buildhack,UC88RTCMWPZIHyp76raxR3Rw,Neblo09,2026-06-24T13:22:20Z,"Dit is hoe je een mooi samoerei zwaard maakt in minecraft met deze build hack!

#shorts #minecraft #feed #buildhack #minecraftshorts #Minecraftshort #games #gaming #nedederlands",PT30S,31285,641,11
Minecraft,7XCDlu81Nhc,Tic Tac Toe in Minecraft gegen @platin2 #minecraft,UChn_9ATQXkQ7BoWCiPkNGuQ,wichtig,2026-06-24T13:00:04Z,"💯 ABONNIERT BITTE DEN KANAL !!!
🥰 HIER GEHTS ZU  @Wichtiger  ,  @AmWichtigsten  & @Wichtigster-Channel

🎷 MUSIK
↪ EpidemicSounds 🌈",PT1M34S,210335,4993,42
Minecraft,hoMMvr_XfQI,KEREM KEMAL ZENGİN VE FAKİR ŞEHRE YENİ GELEN KADINA AYNI ANDA AŞIK OLDU! 😱 - Minecraft,UCrKw3itf6oZ8RUX8Dw57w1g,Emrecraft,2026-06-24T13:00:02Z,"Videoyu sonuna kadar izleyip abone olup like atarsanız çok sevinirim :)

►Merhaba Ben Emrecraft, Bu kanalda tamamen Türkçe ve herkesin izleyebileceği tarzda eğlenceli #minecraft  videoları, eğlenceli #zenginfakir videoları bulunuyor.
Eğlenmek hepimizin hakkı bu yüzden yeni videolarımı kesinlikle kaçırma!

►Önceki Video ;
https://www.youtube.com/watch?v=ckbjf-l7RTI

►İletişim: emrecraft0@gmail.com",PT11M16S,6585,77,13
Minecraft,SpJAvfkbOeY,My GIRLFRIEND become FAT and tried to EAT ME in Minecraft!,UCW3Ms3ZxVaZUniP-HifWCDg,Karry Kraft,2026-06-24T12:08:30Z,"in this video mennu become fat in minecraft..

#minecraft 
#karrykraft",PT11M35S,465753,7979,398
Minecraft,qGv9sZyWu5c,Szybkość 3 na Zawsze w Minecraft?! ⚔️💎,UCmQalkLOuzNSXQ7l7SX3iCQ,MakeRr,2026-06-24T13:00:02Z,"Wiesz, że w Minecraft możesz zdobyć efekt Szybkości 3, mimo że normalnie maksymalny poziom mikstury to tylko Szybkość 2?

Wszystko dzięki enchantowi Soul Speed, który potrafi znacząco zwiększyć prędkość poruszania się po soulsandzie. Co ciekawe, istnieje również nietypowy bug pozwalający zachować ten efekt nawet po zejściu z odpowiedniego bloku.

To jedna z najciekawszych mechanik związanych z Soul Speedem, którą większość graczy Minecraft nigdy nie miała okazji zobaczyć.

Jeśli lubisz minecraftowe bugi, triki, sekrety, ciekawostki i ukryte mechaniki, koniecznie sprawdź pozostałe shortsy na kanale.",PT29S,93105,2359,12
Minecraft,zYwCFh3gViw,MİNECRAFT'TA KAKTÜS FARMIMI BOZAN ADMİNİ YAKALADIM?! ⛏💎,UCkkfwrYLRmLjSVUeGEhZ7iQ,MiracBt,2026-06-24T12:19:27Z,"Bu videoda Minecraft'ta Kaktüs Farmımı Bozan Admini Suçüstü Yakaladığımdan Bahsettim.

Sosyal Medya:
➽ Discord - https://discord.gg/y5Yt6vBcPk
➽ Instagram - @btmirac
➽ TikTok - @btmirac2

Reklam ve Sponsorluk İçin İletişim:
(miracbtsp@gmail.com)

Etiketler: minecraft, minecraft ama, minecraft türkçe, minecraft türkiye, türkçe minecraft, minecraft oynuyorum, minecraft prison, minecraft hapishane, minecraft videoları, minecraft parodileri, minecraft slime, minecraft ama lav yükseliyor, minecraft ama yeşil, minecraft but, minecraft speedrun, minecraft evi, minecraft sunucu, minecraft miracbt, miracbt, minecraft sunucuları, minecraft ama, minecraft hileleri, minecraft bulmaca, minecraft gizemleri, minecraft gizemi,",PT39S,116137,2002,26
Minecraft,5Xub75zJ4F8,JJ and Mikey found a SECRET RICH VILLAGE in Minecraft!,UChqkRt5OTFGwbv8bBKqaF8w,Maizen Shorts,2026-06-24T12:00:30Z,"JJ and Mikey found a SECRET RICH VILLAGE in Minecraft!

Our channel is exclusively for fans of Maizen. We are not trying to impersonate his personality, we just want to add new and interesting stories to his characters. 

We hope you enjoy our videos. Have a great day!

Original Maizen Channel - @maizenofficial

Produced by a creative studio team exceeding 20 professionals, this is wholly original Minecraft entertainment. Dialogue, scenarios, world design, and narrative structure are conceived and executed in-house. Familiar characters, where included, are reimagined within new original storylines as audience-friendly visual anchors — a practice deeply rooted in modern media traditions across multiple formats. The content is built for entertainment within a healthy media mix for Minecraft viewers. It occupies a different space than educational content and merits evaluation within its own category. Its format supports age-appropriate engagement via consistent story patterns, cooperative character behavior, and transparent narrative logic. Original creative work from a professional production environment.",PT22M18S,161508,1188,54
Minecraft,rqRxpYPM6-M,Minecraft Truth or Lie #Minecraft #mc #minecraftmemes @kiqorl | cr: @Tuff1ngton @BuflyYT,UCQfYAuIIXiZLexn4WGioxFA,c0by,2026-06-24T12:00:31Z,,PT2M47S,101313,3929,14
Minecraft,PacRhg8yDQg,PICI vs ÓRIÁS - Minecraft Bújócska,UC-4kpl1DLewe0IB7TYLqXxg,Black1200,2026-06-24T11:33:06Z,"😎Blackes Pólók,Pulcsik Figurák🤙► https://trollshop.hu/Black1200_
📂Email ► s1.blackcraft@gmail.com 
📓itsBlackPlayz ► https://bit.ly/3r2h0rs",PT18M10S,20018,649,53
Minecraft,ModZCbIetwM,Minecraft Ka Dark Secret 😱 Villagers vs Pillagers!,UCy3GQa_goYuDvPmVxV4YcnA,AsalRushi,2026-06-24T11:20:29Z,"Minecraft mein Villagers aur Pillagers ke beech ek aisa dark secret chupta hai jo shayad aapne kabhi nahi socha hoga! 😱

🔥 Kya Villagers wakai safe hain? Ya unka ek aur chehra hai?

✅ Like karo agar yeh secret tumhe surprise kiya!
✅ Subscribe karo aur miss mat karo aage ke secrets!

#Minecraft #MinecraftHindi #MinecraftShorts #VillagersVsPillagers #MinecraftSecrets #MinecraftFacts #shorts",PT33S,599,6,0
Minecraft,YamEPW_ulyc,Das Minecraft HERBST UPDATE ist da!,UCqQ7G13ePHxSlmesNgse_bA,gamingguidesde,2026-06-24T11:08:46Z,"✦ ALLE Links im Überblick:
https://mee.bio/gamingguidesde

× Mein Server Hosting: https://www.ggdehosting.com ᵂᴱᴿᴮᵁᴺᴳ
× Minecraft Marketplace Link von Schleimi: https://minecraft.sjv.io/schleimi ᵂᴱᴿᴮᵁᴺᴳ
× Discord: https://discord.com/invite/primeblocks
× Merch: https://www.lunymerch.de/collections/gamingguides ᵂᴱᴿᴮᵁᴺᴳ
× LabyMod -10%: https://labymod.net/shop/ref/SCHLEIMI ᵂᴱᴿᴮᵁᴺᴳ
× Schleimi Kissen: https://moodrush.com/ggde ᵂᴱᴿᴮᵁᴺᴳ
× Mein WhatsApp Kanal (neu):
https://whatsapp.com/channel/0029Vaqey4ZE50UjHNJzbk0K

🎮 Twitch https://www.twitch.tv/gamingguidesde
📷 Instagram https://www.instagram.com/gamingguidesde/
🐦 Twitter https://twitter.com/gamingguidesde
🎼 TikTok @sirggde

📧 Meine E-Mail für Anfragen o.Ä.
gamingguides@lunyone.de",PT55S,16441,1315,36
Minecraft,0YDk5hdI1j0,🔥 Mojo Launcher vs MJ Launcher 🤯 | Which is the Best Minecraft Java Launcher?,UC_SQQQEt7XYRo9nKhktLhRQ,Ashish Gaming,2026-06-24T11:00:03Z,"🔥 Mojo Launcher vs MJ Launcher 🤯 | Which is the Best Minecraft Java Launcher?









(Discord Server Join)
https://discord.gg/8abeqxhtc







🔥 Mojo Launcher vs MJ Launcher! Which is the best Minecraft Java Launcher for Android in 2026? In this video, I compare both launchers with real tests including world loading speed, mod support, FPS performance, and shader compatibility.
✅ World Creation Test
✅ World Loading Test
✅ Mod Support Test
✅ FPS Comparison
✅ Shader Comparison
✅ Final Winner
📌 All Mods Links in Pinned Comment!
👍 Like, Share & Subscribe for more Minecraft Java Android videos.







Your Queries :-
mojo launcher vs mj launcher,mj launcher vs mojo launcher,mojo launcher,mj launcher,best minecraft java launcher,minecraft java launcher android,minecraft java android,minecraft java mobile,minecraft launcher android,minecraft java edition,minecraft android,pojav launcher,minecraft fps boost,minecraft mods,minecraft shaders,launcher comparison,fps test,shader test,world loading test,mod support,best minecraft launcher 2026,minecraft performance










#MinecraftJava #MJLauncher #MojoLauncher #MinecraftAndroid #MinecraftLauncher #FPSBoost 








Copyright Disclaimer: - Under section 107 of the copyright Act 1976, allowance is mad for FAIR USE for purpose such a as criticism, comment, news reporting, teaching, scholarship and research. Fair use is a use permitted by copyright statues that might otherwise be infringing. Non- Profit, educational or personal use tips the balance in favor of FAIR USE.







Thanks For Watching ❤️❤️🥰🥰",PT6M56S,6566,303,226
Minecraft,C_SpkqPhFUU,Minecraft Players Never Tried This 💀,UCWZ9jzUPcs2FIJ-F8W1Dg6Q,RTX Kuldeep Gamer,2026-06-24T10:30:00Z,"📣 Join Discord: https://discord.gg/GDEqZQ38pN

🤳 Follow Me:
► Instagram: https://www.instagram.com/justrtxrajat/
► Twitter/X: https://x.com/RTXKuldeepGamer
► RTX Flash: https://www.youtube.com/@RTXFlash

#minecraft #minecrafttips #minecraftfacts #minecraftmemes #minecraftpvp #minecraftshorts #minecraftjava #minecraftpe #minecraftsurvival #viral #shorts #trending #2026",PT16S,28453,229,3
Minecraft,VvB_Q4dG68E,Viele NEUE SACHEN im Minecraft Herbst Update! #minecraft #minecraftshorts #maggus,UCQcy4sBF61vcPXLiFnRTf_g,Maggus,2026-06-24T10:13:21Z,,PT38S,160552,9741,109
Minecraft,N00Kr5visoQ,Every Dad Has This Superpower 😂 | Minecraft Animation #minecraft,UClyPU11nm2YBr2-ylTrEplQ,JINUCRAFT,2026-06-24T10:00:32Z,Every Dad Has This Superpower 😂 | Minecraft Animation #minecraft,PT17S,60297,525,3
Minecraft,IB1-tyt_XQo,WER bekommt ZUERST 5 PUNKTE...? ⚽💚 #minecraft #shorts #platinumdot,UC3xf61v4ogvrc0_KiVxXVdA,Platin,2026-06-24T10:00:14Z,"Ich habe in diesem Minecraft Short mit Tordi wie in der Fußball WM 2026 mit Sulfur Cubes Fußball in Minecraft gespielt! Heute spielen Curacao gegen Deutschland :D

Mein Hauptkanal ► @platin2 
Mein Extra-Kanal ►  @platin6 
Mein Shorts-Kanal ► @platinshorts 

Meine Socials: 
Twitter: https://twitter.com/PlatinumdotT
Instagram: https://www.instagram.com/platinumdotyt/
TikTok: https://www.tiktok.com/@platinumdot
Discord: https://discord.gg/platin-s-community-discord-540543696899407872

Schaut auch bei Tordi vorbei!
Tordi ► @tordishorts 

Tags:
Minecraft, Shorts, Minecraftshorts, Gaming, Lustig, Funny, Memes, Meme, PlatinumDot, Platin, Fakten, Challenge, Forge, Fabric, Java, Bedrock, Minecraftdeutsch, Risiko, Minecraft Risiko, MysticSMP, mysticsmp, toobad, lukeucraft, arikate, EinfachGustaf, Paluten, BastiGHG, Wichtiger, Benx, Tordi, gamingguides, Minecraft Java, Minecraft Bedrock, iCrimax, Minecraft Insel, youtuber insel, hardcore, einholzkopf, spacemitx, thejocraft, 100 players, 100 spieler, minecraft players recreate civilisation, minecraft deutsch, minecraft helden 2, craft attack 13

Hoffe euch gefällt das Short! :)",PT1M30S,211238,5962,60
Minecraft,j43A1TIpU1A,Ga nyangka Aku Bisa Pergi Ke bulan Di Minecraft,UCiK16OtSksO7Mt6iTCGYqWw,Pastaz ID,2026-06-24T09:56:39Z,"Terimakasih buat kalian semua yang sudah menonton video aku jangan lupa like dan subscribe YouTube aku yah,


Addon :
https://www.curseforge.com/minecraft-bedrock/addons/wans-moon-dimension

minecraft funny
Minecraft texture
Minecraft mod
minecraft funny moment
minecraft meme
fakta menarik minecraft

#minecraft #shorts",PT34S,66549,0,28
Minecraft,9vWfixuSkyI,Nejlepší Minecraft UPDATE pro Buildery,UCggdHIILKfXpdB_0KI0Nmeg,SirYakari,2026-06-24T09:25:43Z,"Dejte like!

🐟 Můj Minecraft server MCRybář - https://mcrybar.cz/
💻 IP adresa: play.mcrybar.cz (Java Edice, verze 1.21.11 i pro warez hráče)

⭐️ SirYakari Merch - http://siryakari.store/
🎁 MILIONOVÁ SirYakari figurka - https://www.coolectibles.cz/figurky/siryakari-million.html

📕 Můj druhý kanál - @SyrYakari 
📘 Můj třetí kanál - @SirkaYakari 
🎮 Roblox kanál - @SirYakariRoblox 
📷 Instagram - https://www.instagram.com/sir_yakari/

🎵 Hudba ve videu:
Kevin MacLeod (https://incompetech.com/)
Epidemic Sound (https://www.epidemicsound.com/referral/fjc6tz/)
Ze starých video her

#Minecraft #shorts #minecraftshort",PT50S,150736,7551,80
Minecraft,cubccGwFfU8,DEV KASIRGA ŞEHRİ YOK EDİYOR! 😱 #minecraft #shortvideo #shorts,UCBaYSqnXbF0AxYOzCuunnZA,Kare Kafa,2026-06-24T08:30:11Z,"Mısırlarınızı patlatın ve arkanıza yaslanın! 🍿 Kare Kafa evreninin en efsanevi ""sıfırdan zirveye"" hikayesi şimdi 2 saatlik kesintisiz tek bir dev filmde birleşti! 🎬 Fakirlikten milyonerliğe giden yolda, YouTuber Efekan'ın inanılmaz hayat filmi başlıyor! 🎥💥

Hiçbir şeyi olmayan, döküntü eşyalarla hayata tutunmaya çalışan fakir Efekan'ın, azmi ve inancıyla en zirveye tırmanışına baştan sona şahit olacaksınız. Karşısına çıkan tüm zorluklara, acımasız zorbalıklara ve imkansızlıklara rağmen asla pes etmeyen Efekan, nasıl milyonların sevdiği efsanevi bir YouTuber'a dönüştü? 🌟

Eski günlerdeki o zorlu başlangıçlardan; lüks arabalara, devasa yayıncı stüdyolarına ve milyonlarca aboneye uzanan bu 2 saatlik serüvende hem çok duygulanacak hem de aksiyona doyacaksınız! Gözyaşının, mücadelenin ve kahkahanın bir an bile eksik olmadığı bu destansı Minecraft filmini tek solukta izleyeceksiniz! 🍿✨

Efekan'ın bu ilham verici ""YouTuber olma"" serüvenini kesintisiz yaşamak için videonun son saniyesine kadar bizimle kalmayı unutmayın! İyi seyirler!

👇 BUNLARI YAPMAYI UNUTMAYIN! 👇
👍 Videoyu Beğen!
🔔 Kanala Abone Ol ve Bildirimleri Aç!
💬 Yorumlara yaz: ""Sizce Efekan'ın YouTuber olma yolculuğundaki en unutulmaz ve en havalı an hangisiydi?""

İnstagram: https://www.instagram.com/karekafaofficial?igsh=MWk2dW42NjF4ZW9zbA%3D%3D&utm_source=qr

TİKTOK: https://www.tiktok.com/@karekafaofficial?is_from_webapp=1&sender_device=pc

#Minecraft #KareKafa #EfekanınHayatı #FakirliktenZenginliğe #MinecraftTürkçe #MinecraftParodileri #MinecraftAnimasyon  #EğlenceliVideo #ZenginVsFakir #Roleplay #minecraftfilm",PT54S,11929,144,4
Minecraft,i7lr-kxYudQ,Dieses Minecraft Dorf hatte ANGST vor mir… 😭💀,UC7ulqQ-vGirhVNwZE57cDxA,NiroX,2026-06-24T08:08:39Z,"Ich habe in Minecraft ein Village gefunden… aber irgendwas war komplett falsch 😭

Der erste Villager versteckt sich unter dem Bett, der zweite bekommt Panik und springt aus dem Fenster, der dritte hängt einfach an der Decke…

Und am Ende kommt der Iron Golem von oben und zerstört mich komplett 💀





#minecraft #minecraftshorts #shorts #minecraftdeutsch #villager #village #irongolem #minecraftmeme #lustig #gaming #deutsch #meme #fürdich #viral #minecraftfunny",PT49S,1469,34,0
Minecraft,6Kl1aZXxaSg,怖すぎる化け物The Locustがいるマインクラフト【 マイクラ / マインクラフト 】,UCHazKLThRbMyMFu2bVAKhng,ウォーターチャレンジ,2026-06-24T07:25:14Z,"▼公式ファンブック
Amazon
https://amzn.asia/d/3LNByiM

KADOKAWA
https://store.kadokawa.co.jp/shop/g/g322504000161/

〈マイクラ本〉
Amazon
https://www.amazon.co.jp/dp/4049155117
KADOKAWA
https://www.kadokawa.co.jp/product/322309001246/

〈スペシャルブック〉
Amazon　
https://www.amazon.co.jp/dp/4046067683
KADOKAWA　
https://www.kadokawa.co.jp/product/322311000473/

★おすすめ再生リスト
大人気シリーズ100日ハードコア生活
https://www.youtube.com/watch?v=fmFZtUU3C80&list=PLVAJ9rXS9PH-KWCGjUL-GncmJYKmhjQkA&index=1&t=93s

ハードコアサバイバル
https://www.youtube.com/watch?v=cvJh4fMeCU4&list=PLVAJ9rXS9PH82KeQylT55eZdeqGIjByBX&index=1&t

1000MODシリーズ
https://www.youtube.com/playlist?list=PLVAJ9rXS9PH80YD0rA4WiqSkVNBORB0h1

裏ワザ検証シリーズ
https://www.youtube.com/playlist?list=PLVAJ9rXS9PH-kH-E7vl23O6mnlxgQVgnE

チャンネル登録はこちら
https://www.youtube.com/channel/UCHazKLThRbMyMFu2bVAKhng

★ツイッター
https://twitter.com/yuguro1?lang=ja

★TikTok
http://vt.tiktok.com/d6XV8f/ 



#サバイバル#マインクラフト＃マイクラ",PT12M33S,144046,2077,53
Minecraft,cPzoI1Ln0mU,"Swimming 4,281,967 Laps to become Rich in Minecraft (Tagalog)",UC89yB-wIAc8kPJEDwDcv9hw,Kobbi TV,2026-06-24T06:30:26Z,"#minecraftgameplay#tagalog #lodicraft 
Maizen Parody - Nico Parody - Funny Mob Battle - TapL Parody - Aphmau RP Parody - Cash Parody - Bionic Parody - EYstreem Parody

WATCH NYO DIN SILA 🡇
pepesan habitat olip astraeaa micole azen esoni clyde shannel vic kat jeyjey kimmie jungkurt moira jeeek namnam etutz Deeek Zebiii Motong Ace TV Huajow Plays 

MINECRAFT TAGALOG
LODI ISLAND
LODICRAFT
Minecraft,
Minecraft Pocket Edition,
Minecraft Bedrock,
Minecraft Tagalog,
Oneblock,
Minecraft but,
Minecraft Pinoy,
Minecraft Java,
Minecraft Filipino,
Minecraft RP,
Minecraft SMP,
Minecraft hardcore,
Minecraft 100 days
Best Of Minecraft
I Became, Herobrine",PT18M41S,5915,112,10
Minecraft,TYD-97BaTnY,"🎮 Minecraft, aber Pomni steuert mein Spiel! 🚀🟢",UCjNzpEd7zlpSlf0cp3bGVlg,Dumb Germany,2026-06-24T06:00:25Z,"Hey, ich bin Dumb, einfach ein Typ, der Minecraft liebt! Ich bin hier, um dir täglich den besten Content zu bringen. Abonniere den Kanal und werde Teil der #DUMBGANG für Tipps, Tricks, epische Builds und vieles mehr. Lass uns gemeinsam die Welt der Blöcke erkunden und Spaß haben!

📩 media@protagames.com

#Minecraft #minecraftedit #minecraftmemes #minecraftbuilding",PT1M1S,24305,707,2
Minecraft,dWEROkTXu3M,Momen Block Minecraft,UCHugk6U_Ty9nOx2DjD_P3WQ,Clementdav,2026-06-24T06:00:37Z,"Minecraft, Tapi Momen Lucu Meme

Inspired by: Pitargamers
Instagram: https://instagram.com/clementdavv
TikTok: https://www.tiktok.com/@clementdavtok
Discord: https://discord.gg/UHFEDAW
Business Email: clementdavbiz@gmail.com

Server Minecraft Aku Visantara
IP: play.visantara.com
IP Bedrock: be.visantara.com & Port: 19132
Versi: 1.21+
Platform: Java & Bedrock (bisa crack)
Discord: https://discord.gg/kE7E5nx6HG

Video ini bukan BeaconCream, NightD, atau ElestialHD livestream Brutal Legends, Viva Fantasy, atau Bakwan Fight Back, bukan Jundy Juns creepypasta teraneh Minecraft, bukan RemanRHN 1000 villager brudal, bukan Clementdav rekor dunia speedrun tamatin Minecraft 1 menit, dan juga bukan ItsSandwich atau Baww 100 hari di Minecraft hardcore, tapi ini adalah video aku main Minecraft. #shorts #minecraft",PT22S,590894,6529,184
Minecraft,3do4AIT6klg,Momen Diamond Golem Minecraft,UCHugk6U_Ty9nOx2DjD_P3WQ,Clementdav,2026-06-24T05:00:00Z,"Minecraft, Tapi Momen Lucu Meme

Mod: Extra Golems
Inspired by: MineLand
Instagram: https://instagram.com/clementdavv
TikTok: https://www.tiktok.com/@clementdavtok
Discord: https://discord.gg/UHFEDAW
Business Email: clementdavbiz@gmail.com

Server Minecraft Aku Visantara
IP: play.visantara.com
IP Bedrock: be.visantara.com & Port: 19132
Versi: 1.21+
Platform: Java & Bedrock (bisa crack)
Discord: https://discord.gg/kE7E5nx6HG

Video ini bukan BeaconCream, NightD, atau ElestialHD livestream Brutal Legends, Viva Fantasy, atau Bakwan Fight Back, bukan Jundy Juns creepypasta teraneh Minecraft, bukan RemanRHN 1000 villager brudal, bukan Clementdav rekor dunia speedrun tamatin Minecraft 1 menit, dan juga bukan ItsSandwich atau Baww 100 hari di Minecraft hardcore, tapi ini adalah video aku main Minecraft. #shorts #minecraft",PT18S,325620,5869,183
Minecraft,Vbcmngfr9fw,AMETYSTOWE GEODY W MINECRAFT?! 🪻🤯,UC1Dbf7nAlqeZKKSEsidcq7g,LumoMC,2026-06-24T05:00:38Z,"Geoda ametystowa jest naprawdę bardzo przydatna w Minecraft. Możesz zdobywać z niej odłamki ametystu, które wyrastają na pączkującym ametyscie. Odłamki te mają wiele różnych zastosowań. Możesz stworzyć lunetę, dzięki której zobaczysz odległe obiekty. Możesz również wytwarzać przyciemniane szkło, rozmnażać allaye oraz dodawać do zbroi efektowne fioletowe zdobienia.

Ten filmik jest inspirowany formatem tworzonym przez CheezyChez.

Widziałem, że podobne filmiki robili również: Palion, Wojan, Dexsi, Divi, Kapilot, Dravius, Wilo Hozot. I wiele innych!
Jest to shorts, krótka forma video - short.
Film się kończy kiedy przegram. Film jest po polsku, przeznaczony dla dzieci i nie tylko. LumoMC, Lumo, Lumosiek to różne nicki pod którymi działam w internecie. Film jest zrobiony w podobnym stylu jak robią to twórcy tacy jak: Dexsi, Sagi, Bluker, Utopik, Dranhis, Felt, Utopik, Palion, Wojan, Wojanowice, Admiros, Genzie. Najlepszy gracz w minecraft to nie ja niestety. Fajne serwery w minecraft to Anarchia, Anarchiagg, rapy, minestar, kokscraft.

#fyp #dc #dlaciebie #wojan #wojanowice #palion #palionowo #dexsi #shorts",PT41S,74278,1538,3
Minecraft,BQ8XQ1THS78,"JJ Vs Sonic, Which is Heavier 🤣Complete Prank Parody - Maizen Minecraft x Hytale #minecraft #jj",UCZ3diqZ9QHXODBpdz0O5KkQ,JJ & MIKEY ANIMATION,2026-06-24T04:00:36Z,"Hi everyone. For my biggest fans, here’s my Patreon—you’ll find plenty of exclusive content there for all ages and tastes - 

https://patreon.com/JJMikeyAnimations?utm_medium=unknown&utm_source=join_link&utm_campaign=creatorshare_creator&utm_content=copyLink

JJ Vs Sonic, Which is Heavier 🤣Complete Prank Parody - Maizen Minecraft x Hytale #minecraft #jj",PT15S,3907124,30693,36
Minecraft,E_Rz7QipUhs,Patch Repair Mod vs Diverse Emoji Reaction #shorts #minecraft #meme,UCTxlf0-0gN2vLCpiyr_NTSw,Beeevids,2026-06-24T04:00:39Z,#meme #memes #minecraft #shorts #tiktok #gaming #viral,PT38S,1012007,9252,75
Minecraft,-Vj9n9e27MQ,Tham Quan Phòng Thí Nghiệm Quái Vật Bất Ổn Nhất Minecraft 🤣 #shorts,UC11oTbX26gLAK2lAxfwj2OA,Hoàng ACC,2026-06-24T01:25:25Z,"Tham Quan Phòng Thí Nghiệm Quái Vật Bất Ổn Nhất Minecraft 🤣 | Minecraft in ohio | Hoàng ACC
✅Anh Đen Xì Xì Và 1001 Điều Bất Ổn 🤣 Thánh Troll Bình Dương
Các bạn thấy video hay thì hãy Đăng ký kênh ủng hộ mình nhé !!!
Videos chỉ mang tính chất giải trí, không khịa bất kỳ ai ahihi !!!
✅ Editer:  @hoangacc 
-------------------------------------------
✅ Xin chào! Mình là Hoàng ACC, kênh mình làm về Minecraft hài hước, meme...Kinh dị Minecraft...Minecraft Animation
------------------------------------------------------------- 
#hoangacc #minecraft #minecraftmeme #anhdenxixi #minecraftshorts  #grox #groxmc #minecraftinohio",PT31S,757486,6935,49
Rocket League,QnBS9CfiXy8,Rocket League Live met Red Danger,UCVKTENLFbXAEfVGw3XCcnBA,Abelatty Juggler,2026-06-25T06:30:26Z,"Welkome to my channel
Here I will post juggling  video’s and more cool skill stuff.
Also Follow me on Instagram:

https://www.instagram.com/abel_dijkstra/",PT1H23M27S,22,1,0
Rocket League,z8WYibP9CdY,HALF PIPE Rocket League is INSANE! #rocketleague #rl #leth #lethamyr,UCkNYoWK1LqjFhxYI6BM_kOA,Lethamyr,2026-06-25T06:25:56Z,"My Support-A-Creator Code: LETHAMYR
Apply the code it in the Rocket League store to support me! (top right of the store)

Check out my variety channel! https://www.youtube.com/channel/UC_Iuik2OtyDut_SFwSqhTSQ

Socials:
Twitter: https://twitter.com/Lethamyr_RL
Twitch: https://twitch.tv/Lethamyr_RL
Instagram: https://www.instagram.com/lethamyr_rl/
Spotify: https://open.spotify.com/show/033diitDkvoL7MalVoTtxt
TikTok: https://www.tiktok.com/@reallethamyr
Discord: https://discord.gg/C44vz2K
Patreon: https://www.patreon.com/Lethamyr

Custom maps for Steam & Epic Games + projects: https://www.lethamyr.com

Want to easily learn how to make custom maps? Check out my mapmaking course: https://learn.skillquest.io/landing/1699993747535x796931164922708000

Play my Custom Maps on Epic Games or Steam clients on my NEW website here! https://lethamyr.com

How to Play Custom Maps with Friends: https://www.youtube.com/watch?v=vfIIa2cUZSE

Camera Settings:
FOV: 110
Distance: 270
Height: 110
Angle: -4
Stiffness: 0.75

Music from EpidemicSound.

Edited by: patvfx_

#Lethamyr #Leth #RocketLeague",PT58S,227,9,2
Rocket League,cO8HP2jVIhg,COMO SABER SI UN JUGADOR ES CARREADO EN ROCKET LEAGUE,UCMZGkzKRiAbCWKZ8pSKE7Dg,N3MONA10,2026-06-25T06:06:22Z,#rocketleague #rlcompetitivo #n3mona10 #rocketleaguevideos,PT2M56S,302,12,0
Rocket League,sUrfr4K7Oxg,Rocket league,UCua2g5rWSzaFRahbS_BoVqw,ZENOX_NODA,2026-06-25T05:39:19Z,Abonner vous!!!!!!,PT1H21M40S,17,2,0
Rocket League,vbC771y0SI0,Rocket League avec Pierrot,UCVSro2lJ_LPnB_t2FWIIVJw,ByBy,2026-06-25T05:00:35Z,,PT22S,462,12,0
Rocket League,DZR_yXicl5c,Jugando Rocket League,UCP2R0c_kNQSDn2WNgqIOqHw,Bartolo_mio23,2026-06-25T04:36:08Z,Rocket League,PT37M54S,7,1,0
Rocket League,dUOQ7mz6FJE,Funniest Slow Moments In Rocket League.. (2) #rocketleague #peanutrl #rl #rocketleagueclips #gaming,UCnl3vw_GduEID6sq-VuMUKw,Peanut._RL,2026-06-25T04:11:37Z,,PT52S,1574,62,4
Rocket League,5xVJq7725Fg,#jonsandman Plays Rocket league in 2026 and it crashed his PC,UCnUuppv1aZEgiXgtkxl2xEw,Jon SandMan Vods,2026-06-25T04:11:15Z,,PT38S,1026,21,0
Rocket League,2WVDuLZkUt4,Why is everything dying? Our last hope is Minecraft and Rocket League.,UC_w9GMAUM9S-lH2thEF-ezQ,Official Rocket League Gaming clips,2026-06-25T04:00:09Z,,PT13S,1117,26,8
Rocket League,ACEjGmxUxFc,🔴 ROCKET LEAGUE EN DIRECTO ⚽ | JUGANDO CON SUBS 🚀 RUMBO A LOS 10K #rocketleague #shorts,UC4N07KDv7RFHsTtMXoqJvvQ,Jhona12,2026-06-25T03:51:52Z,"🔴 ROCKET LEAGUE EN DIRECTO ⚽ | JUGANDO CON SUBS 🚀 RUMBO A LOS 10K #rocketleague #shorts 

#rocketleague  #rocketleaguelive  #rocketleagueespañol #gaming  #envivo  #videojuegos  #directo  #streamer #ranked #jugandoconsubs  

💚Conviértete en miembro del canal → https://www.youtube.com/channel/UC4N07KDv7RFHsTtMXoqJvvQ/join
💎Mi Discord  → https://discord.gg/ExtQdb4b
🎵TikTok → https://www.tiktok.com/@jjhona12

rocket league
rocket league en vivo
rocket league live
rocket league español
rocket league gameplay
rocket league rankeds
rocket league competitivo
rocket league 2026
rocket league latino
rocket league latinoamerica
gaming
directo
en vivo
road to 10k
rumbo a los 10k
suscribete
rocket league ranked
rocket league clips
rocket league stream
rocket league
rocket league en vivo
rocket league directo
rocket league live
rocket league español
rocket league latino
rocket league rankeds
rocket league competitivo
rocket league gameplay
rocket league online
jugando con subs
rocket league con suscriptores
rocket league 2026
gaming
directo
en vivo
road to 10k
rumbo a los 10k
suscribete
rocket league clips
rocket league goals
rocket league funny moments
rocket league stream
rocket league ranked
 

Lα cσpiα dε εstε vidεσ sεяα dεnunciαdα. Tσdσs lσs Dεяεcнσs Rεsεяvαdσs. cσρчяιgнτ © Jhona12",PT2H53M17S,263,15,0
Rocket League,H2Ywrp5ZYLA,2026 AEL High Schools Term 2 - Rocket League - Phoenix vs Moriah Highlights,UCeC4La9l-fWUD_FY9nZ8X0Q,AUesportsleague,2026-06-25T03:15:23Z,"Our highlights from the Playoff Stage of Term 2 Rocket League in the AEL High Schools Competition!

Featuring Phoenix P-12 Community College and Moirah College

Interested in joining the AEL? Check out ael.org.au/school

The AEL is proudly sponsored by
AGON by AOC the Gaming Monitor partner
HyperX | Officeworks the Peripheral partner
Indomie Australia the Noodle partner

#schoolsports #esports #gaming #AustralianEducation",PT2M38S,152,3,0
Rocket League,QGQIa1YNBp4,Wins Day!  - Rocket League LIVE!,UCzoxldw2m51a7Na8yS-bUiA,Dirty Baker,2026-06-25T01:26:35Z,"Let's hit C3!

#rocketleague  #rocketleaguelive #dirtybaker #dirtybakerlive 

Memberships are NOW available! Help support the channel:
https://www.youtube.com/channel/UCzoxldw2m51a7Na8yS-bUiA/join",PT4H17M,260,15,0
Rocket League,2_dBqe5FZhs,jugue con el peor coche de rocket league 8,UCfS7v_Y1EJQJiMkP1WUjMMg,nefty,2026-06-25T01:00:05Z,,PT34S,696,23,2
Rocket League,BqHWRjPsFRY,How I BEAT ROCKET LEAGUE LEGEND AYYJAYY with FIVEUP in TOP 100 SSL 2v2,UCXUqS2qdSNCoH1fZrTSDVSw,jerbear_rl,2026-06-25T00:52:25Z,"#rocketleague #rocketleague #rocketleagueclips #gaming #shorts #rl #settings #rlclips #rlclip 

rocket league best goals,rocket league freestyle,rocket league fx,rocket league epic moments,montage rocket league,rocket league moments,rocket league mechanics,rocket league best of,rocket league tips,rocket league,rocket league pc,rocket league guide,rocket league funny,rocket league tutorial,rocket league montage,funny rocket league videos,jerbear_rl,zenrl,ssl,rlfx,pop reset,jerbear_rl settings,jerbear_rl pop reset",PT2M2S,2417,271,11
Rocket League,J6b6EFCv62g,🔴 LIVE |Chill Rocket League 🚗⚽ Grinding Ranked & Vibing | Simply Sythe,UCfQf04u6dJBWCu8BscE9hNw,Simply Sythe,2026-06-25T00:52:47Z,"🔴 Welcome to the stream!

Tonight we're kicking back with some Rocket League—playing ranked, hitting clips (hopefully 😅), and hanging out with chat.

Whether you're here to relax, talk games, or watch some chaotic Rocket League moments, you're in the right place.

🎮 Simply Sythe is all about:

AAA Story Games
Variety Gaming
Chill Livestreams
Funny Moments & Community Vibes

💬 Feel free to say hi in chat!

👍 If you enjoy the stream, don't forget to Like, Subscribe, and turn on notifications so you never miss a live session.

🚗⚽ Let's score some goals!",PT3H46M30S,13,3,0
Rocket League,J5_CRaxH3RY,Rocket League Could you Make This #336,UCq8mwriWSfkHO2LG8ZLP1yA,RVA Esports Moxxi33,2026-06-24T23:00:15Z,"🚀 What You’ll Find Here:
✔️ High-level competitive Rocket League gameplay
✔️ Freestyling, air dribbles, and mechanics mastery
✔️ Tournaments, live streams, and community events
✔️ Tips, tricks, and strategies to rank up faster
✔️ Funny moments, challenges, and highlights

💥 Join the Squad! 💥
Be part of the RVA Esports community and let’s dominate the pitch together! Subscribe, turn on notifications, and drop a GG in the comments!

⚡ Follow for more Rocket League content! ⚡
🎮 Epic Moments | Competitive Gameplay | Pro-Level Skills 🎮
#moxxi33showrl #moxxi33showlive",PT16S,1057,9,0
Rocket League,gV80-EzCF4k,Minecraft|Rocket League| Gaming| Reading Chat| Good Vibes | Chat chill n vibe | ROAD TO 5K,UCUOONkCdvqJyXU_9cYrANcA,Haze Frosty zHDz,2026-06-24T22:53:17Z,"If you would like to show support, likes subs and donations are always appreciated!",PT2H55M7S,138,15,0
Rocket League,8qLJa1NUjKQ,Fortnite Train + Win and Rocket League out of minus again!,UC3mi6XiDzccRwQqMoF5Cf2A,Mr Peeky Gaming,2026-06-24T22:31:21Z,Support the stream: https://streamlabs.com/sl_id_a9a85924-763d-3552-9bf3-049895473041,PT3H18M56S,753,32,0
Rocket League,TxLKhILzKsI,THIS IS ROCKET LEAGUE,UC4HtKAmW8X9NnSLknq9x1yw,Jiggy,2026-06-24T22:24:28Z,,PT3H16M20S,1689,70,0
Rocket League,bQVUBDHerZ8,HYDRATION BREAK IN ROCKET LEAGUE 💀🥀,UCW2oq8wEN7sDTd1OoP2HE7g,Tyler Ham,2026-06-24T21:49:02Z,"Bros doing HYDRATION BREAKS IN ROCKET LEAGUE 💀🥀

world cup, world cup hydration break, hydration break world cup, rocket league, rocket league clips, rocket league shorts, world cup shorts, memes

#youtubeshorts #worldcup #worldcup2026 #football #shorts #short #rocketleague #rl #rlclips",PT28S,2398,38,3
Rocket League,tYb9RuftpRw,ROCKET LEAGUE LIVE | 1v1s VS VIEWERS | #shorts #live,UCW2oq8wEN7sDTd1OoP2HE7g,Tyler Ham,2026-06-24T21:10:35Z,"#live #shorts #vertical #verticallive #verticallivefeed #verticallivestream #shortsfeed #rocketleague #rl #rocketleagueclip #livegaming #livestream 

Like the stream?? Check out my videos for more content - https://youtube.com/@TylerHam

Add me on epic - TylerHamYT

Join my discord - https://discord.gg/rEeAp9WF2d

Tags
RocketLeagueLive, Liverocketleague, Liverocketleaguetrading, Liverocketleaguegiveaway, liverocketleaguewithfans, RocketLeague fennecGiveaway, Live, freefennec, rocketleagueseason9, Rocket League - topic

#rocketleague #rocketleaguelive #shortsfeed #shorts #youtubeshorts",PT2H28M8S,1385,48,2
Rocket League,T-c-H2zwPlg,😎¡No Necesitamos EQUIPO! | Rocket League [LeonidasGames],UCe_LWdqSEayaa8QIxbg4fXg,LeonidasGames,2026-06-24T21:00:30Z,"Juego:
     -- https://www.rocketleague.com/

-----
💎 Redes: https://bit.ly/m/LeonidasGames
 ✉ Contacto: leonidas.contacto@gmail.com

#leonidasgames #gameplay #rocketleague",PT31S,1869,24,3
Rocket League,F-U9M7u6bCs,"Rocket League ITEM SHOP JUNE 24, 2026",UCIn54hsb_0nUaSmR-xPbcJQ,Chip Champ ,2026-06-24T19:14:17Z,"Rocket League ITEM SHOP JUNE 24, 2026



📌 Daily updates on the Rocket League Item Shop! See what's new and available today. 📌

Get your daily Rocket League Item Shop updates! Explore the latest skins, decals, wheels, and more available today. 
⌛ Don't miss out on limited-time items! ⌛

Support this channel to get access to the following benefits:
https://www.youtube.com/channel/UCIn54hsb_0nUaSmR-xPbcJQ/join

Like 👍, Subscribe 🤝, and Hit the Bell 🔔for More Rocket League Content! 🤝👍🔔

Socials  👉👉 https://linktr.ee/ChipChamp  👈👈


#rocketleague 
#itemshop 
#rocketleaguevideos 



Extra tags (ignore)

ITEM SHOP TODAY ON ROCKET LEAGUE
ROCKET LEAGUE ITEM SHOP
ROCKET LEAGUE ITEM SHOP TODAY
ITEM SHOP TODAY ON ROCKET LEAGUE
Item shop rocket league
rl item shop today
rocket league today item shop 
Loja de itens rocket league
Rocket league loj ade itens
tienda rocket league
rocket league tienda
Rocket League item shop 2026
Rocket League shop update
Rocket League new items
Rocket League best bundles
Rocket League bundle review
Rocket League updates 2026
Loja de Itens do Rocket League Hoje, Tienda de Objetos de Rocket League Hoy, Boutique d’Objets Rocket League Aujourd’hui, Rocket League Item-Shop Heute, Negozio di Oggetti Rocket League Oggi, 火箭联盟物品商店 今日, 火箭聯盟物品商店 今日, ロケットリーグアイテムショップ 今日, 로켓 리그 아이템 상점 오늘, Магазин предметов Rocket League Сегодня, متجر عناصر Rocket League اليوم, रॉकेट लीग आइटम शॉप आज, রকেট লিগ আইটেম শপ আজ, Rocket League Eşya Mağazası Bugün, Toko Item Rocket League Hari In
rl
rl item shop
item shop
item shop today 
item shop today rocket league
rocket league, rocket league opening, gaming, rl, clip, compilation, rocket league compilation, rocket league funny moments, rocket league clip, trending, crazy, insane, rocket league crazy moments, rlcs, rocket league clips, gaming clips, gamer, rocket league insane moments, gamer clips, viral, recommended, subscribe, car, like, cars, football, soccer, car soccer, car football, trend, wheels, cool, game, car game, cool game, crazy clips, insane clips, wow, amazing, rocket league tournament opening, rocket league cup opening, new, event, newest, trade,rocket league opening,rocket league edit,clips,rocket league compilation,rocket league drops,trend,trending,gaming,rl,rocket league tournament cups opening,youtube trending,recommended,rocket league tournament,rocket league tournament rewards,rocket league item shop,rocket league item shop today,rocket league bundle,item shop,item shop today, season 23, rocket league season 23",PT2M16S,471,25,4
Rocket League,TekOua-r684,Así llegarás a GC por fin en Rocket League. #Rocketleagueclips #rocketleague #highlight #rl,UCkY1fRZb9L-kBGAt2BSYTQA,Albereli,2026-06-24T18:28:15Z,,PT31S,8239,364,9
Rocket League,Habw-PusItc,NEW *SECRET* ROCKET LEAGUE CODES 2026 🎁 GET FREE CARS & EXOTIC ITEMS! WORKING REDEEM CODES FOR RL,UCR5GHolne1MBqPrURBzahvw,DirtLabel,2026-06-24T18:06:18Z,"NEW *SECRET* ROCKET LEAGUE CODES 2026 🎁 GET FREE CARS & EXOTIC ITEMS! WORKING REDEEM CODES FOR RL

Yoo guys what is going on!!

today im showing the new secret rocket league codes for 2026 and checking the working rl redeem codes for free cars, exotic items and other rewards

loads of people keep asking me for updated rocket league codes because some of the old ones are expired now and half the codes online dont give anything when you try them 😭

so in this video i went through the newest codes i could find and put them together so you can test them before they stop working

ill show where to redeem the codes, what rewards they can give and what to do if one says invalid, expired or already redeemed

some codes can give free decals, wheels, boosts, banners, cars, cosmetics, exotic items or other rocket league rewards depending on what is active right now

make sure you watch the whole video because rocket league codes can be easy to type wrong and one small mistake can make it look like the code doesnt work

if this helped please like the video and subscribe because ill keep posting more rocket league codes, free item updates and working redeem code videos

comment below what exotic item or car you want the most

enjoy guys :)

#RocketLeague #RocketLeagueCodes #RLCodes #FreeItems",PT3M37S,7186,162,54
Rocket League,IDG82eYsXk8,LAS RANK 1VS1 EN ROCKET LEAGUE ES UNA PESADILLA!,UCgTyDpc6dCD0I33D4diwirw,Rale11,2026-06-24T18:00:38Z,"Esta vez decidí meterme en las rankeds de 1vs1 en Rocket League… y no estaba preparado para lo que me esperaba 😭

En este modo no hay compañeros que te salven ni excusas para los errores. Cada decisión cuenta, cada fallo se paga caro y la presión se siente en cada segundo 🚗🔥

Hubo momentos de tensión, goles inesperados y situaciones donde pasé de sentirme un genio… a preguntarme qué estaba haciendo 💀

Sin duda, el 1vs1 ranked es una experiencia completamente diferente y uno de los modos más desafiantes de Rocket League.

👉 Decime en los comentarios:
¿Cuál es tu rango en 1vs1 y qué consejo me darías para mejorar?

🎮 Únete a mi canal de WhatsApp:
https://www.whatsapp.com/channel/0029VaEiDTp9MF97E63op32d

🔥 PROBÁ MI MAPA: 0740-6092-9999

💙 Usa el CÓDIGO rale11play en la tienda de Fortnite para apoyar el canal! #EpicPartner

📺 Twitch: https://www.twitch.tv/rale11play

🐦 Twitter/X: https://x.com/Rale11play

📸 Instagram: https://www.instagram.com/rale11_play



ignore tags:

rocket league,rocket league gameplay,rocket league ranked,rocket league 1v1,rocket league duel,rocket league español,rocket league latino,rocket league competitivo,rocket league highlights,rocket league partidas,rocket league divertido,rocket league online,rocket league 2026,rale11play",PT19M15S,3584,145,21
Rocket League,xEyFlXC0eEs,X1 CONTRA TODOS JOGADORES NO ROCKET LEAGUE!,UCLdxtIeLwCTdafdIVzV21IQ,Strelau,2026-06-24T18:00:14Z,X1 CONTRA TODOS JOGADORES NO ROCKET LEAGUE!,PT1M42S,1667,102,29
Rocket League,KSMZ6xIky94,Is this good for plat? #rocketleague #rocket #league #rl,UCWXRodnD9g8zE6-i3024nLw,OmarRL,2026-06-24T17:16:40Z,,PT8S,1170,14,16
Rocket League,KV93sJ_KCFs,Ranking The funniest Rocket League moments,UC1swUPFAFKPVHzI7on2XjIA,KamoZizto,2026-06-24T16:50:18Z,"Ranking The funniest Rocket League moments

#shorts #viralshorts #rocketleague  #fyp #funny #ranking",PT32S,11041,322,2
Rocket League,o0MAImnsN-M,It's 2's Day!  - Rocket League LIVE!,UCzoxldw2m51a7Na8yS-bUiA,Dirty Baker,2026-06-24T16:48:24Z,"Let's hit C3!

#rocketleague  #rocketleaguelive #dirtybaker #dirtybakerlive 

Memberships are NOW available! Help support the channel:
https://www.youtube.com/channel/UCzoxldw2m51a7Na8yS-bUiA/join",PT3H58M17S,352,19,1
Rocket League,NCXs0AWRwNM,ASI LLEGUE al TOP 5 del MUNDO en ROCKET LEAGUE,UCfiGhTqjcjvIwyMdTVFeEVQ,Rxii,2026-06-24T16:42:06Z,"★ MIS REDES ★

• DESCARGA OPERAGX GRATIS AQUI:  https://operagx.gg/RxiiRL4aff

• Instagram: https://www.instagram.com/rxiirl/?hl=es
• Canal Secundario: https://www.youtube.com/@RxiiTV
• Contacto: rxiirl300504@gmail.com
• Mi discord: -  https://discord.gg/TMCAW8Ya5M
• Twitch: https://www.twitch.tv/rxiirl
• Twitter:  https://x.com/RxiiRL
• Tik Tok: https://www.tiktok.com/@rxii_rl
Gestionado por Emi:
https://www.instagram.com/emi_scapes/

#rlcs #rocketleagueclips #rxii #rl #rocketleague",PT19M30S,14644,789,45
Rocket League,0xqE4yjVtQU,¿Qué objetos de Rocket League valen la pena?,UCx5bPrl5M8kEhArg1P6q3aQ,AdrigamesG,2026-06-24T16:28:26Z,¿Qué objetos de Rocket League valen la pena? #rocketleague #tradingrl #adrigamesg #consejosgaming,PT34S,878,8,0
Rocket League,M7I3G58-KGQ,Rocket League BUT… I’m a horse?,UCK4y2zJZ1qJvqsOjwOTPlVA,Faith,2026-06-24T16:00:16Z,,PT14S,11299,264,11
Rocket League,9fMVSFJo96c,"DOPO QUESTO VIDEO SPACCHIAMO, PER ORA SCUSATE - ROAD TO CHAMPIONS Rocket League",UCTDL2esdT8td1RUtuC07mWQ,MarcyGames,2026-06-24T15:06:18Z,"Giochi scontati: https://www.instant-gaming.com/?igr=zMarcy95
Oggi nuovo video di Rocket League con @locolochis 

🚀 Primo Canale: https://www.youtube.com/user/zMarcy95
🚀 Instagram: https://goo.gl/MPVpME
🚀 Compra le mie Magliette! https://www.tubeshopitalia.it/categoria-prodotto/marcy/
🚀 Telegram: https://t.me/burlonidimarcy

Per richieste commerciali / Business inquiries
🚀 marcygames.business@gmail.com

Iscriviti anche ai miei amici!
🚀 Iscriviti a Marco: https://www.youtube.com/c/themarkk
🚀 Iscriviti ai TwoPlayersOneconsole: https://www.youtube.com/channel/UCpyDd4YbikHZE-DtNGfpdjQ

#VeroBurlone #Marcygames #Marcy",PT13M47S,1221,120,13
Rocket League,fPjWGPX6Ni0,Vs Italiani e Spagnoli - ROCKET LEAGUE,UC4xK0Yhlr5dM4fanvtV6fIw,CiccioGameplay89,2026-06-24T15:00:05Z,"CLICCA qui: https://linktr.ee/Cicciogamer_89 per rimare aggiornato su tutte le mie collaborazioni e i miei social , e grazie mille come sempre per il tuo supporto!

#rocketleaguevideo  #cicciogamer89 #rocketleague",PT14M,3815,305,33
Rocket League,gdpadTWsoGo,THIS IS ROCKET LEAGUE SUPER GOLF,UCkNYoWK1LqjFhxYI6BM_kOA,Lethamyr,2026-06-24T15:00:38Z,"My Support-A-Creator Code: LETHAMYR
Apply the code it in the Rocket League store to support me! (top right of the store)

Check out my variety channel! https://www.youtube.com/channel/UC_Iuik2OtyDut_SFwSqhTSQ

Socials:
Twitter: https://twitter.com/Lethamyr_RL
Twitch: https://twitch.tv/Lethamyr_RL
Instagram: https://www.instagram.com/lethamyr_rl/
Spotify: https://open.spotify.com/show/033diitDkvoL7MalVoTtxt
TikTok: https://www.tiktok.com/@reallethamyr
Discord: https://discord.gg/C44vz2K
Patreon: https://www.patreon.com/Lethamyr

Custom maps for Steam & Epic Games + projects: https://www.lethamyr.com

Want to easily learn how to make custom maps? Check out my mapmaking course: https://learn.skillquest.io/landing/1699993747535x796931164922708000

Play my Custom Maps on Epic Games or Steam clients on my NEW website here! https://lethamyr.com

How to Play Custom Maps with Friends: https://www.youtube.com/watch?v=vfIIa2cUZSE

Camera Settings:
FOV: 110
Distance: 270
Height: 110
Angle: -4
Stiffness: 0.75

Music from EpidemicSound.

Edited by: @DannyLotus

#Lethamyr #Leth #RocketLeague",PT39M47S,18318,1579,128
Rocket League,xyhbe1PDyi8,TOP 5 Rocket League Moments ☠️😭#rocketleague #usa,UCdJUNuYKbmDdwdhDJBkJBNQ,YodaRL,2026-06-24T15:00:18Z,,PT38S,24976,0,12
Rocket League,sDx--3HoDZs,Hoever kan je RANKUPPEN met 0 MECHANICS in Rocket League,UCwxrrK3jwoRRlSq6IXZt-RQ,Twisty,2026-06-24T14:47:09Z,"➡️ Like en abonneer voor meer content!
🔊 Twisty Discord:  http://twisty.nl/discord

Volg me ook op andere sociale media!
🎵 Tiktok: https://www.tiktok.com/@twistyrl
🎥 Instagram: https://www.instagram.com/rltwisty/

Als jullie genoten hebben van de video, vergeet dan niet om een duimpje omhoog te geven en te abonneren op mijn kanaal voor meer Rocket League content.",PT15M34S,10086,380,25
Rocket League,0-5zl__U7sc,PRECISAMOS DE MAS PESSOAS COMO AFALGAMIR  ROCKET LEAGUE#alanzoka #alanzokavideos #shorts,UCGSO3Nhy1Av92o3Sp0tHDlA,AlanVerse Clips,2026-06-24T14:30:10Z,"👉 Não esquece de se inscrever para mais cortes diários!
👉 Ative o sininho para não perder nenhum momento épico!

(Canal não oficial)

#Alanzoka #CortesDoAlanzoka #shortsfeed #alanzoka
#alanzoka#cortesdoalanzoka#alanzokaclips#alanzokacorte#streamerbr#streambrasil#gameplaybr#clipsbr#melhoresmomentos#momentosengraçados#humorgamer#reactbr#shortsbr#shortsgaming#viralbr#fyp#viral#tiktokbr#gamesbr#gamingbr#livebr#streamclips#youtubeshorts#youtubeviral#shorts",PT1M58S,1100,0,1
Rocket League,JSnSwwPuk8c,Unemployed Broadcaster Tries Rocket League 😂 | Rocket League,UC_B9M5zBIlzj41xX2L4qAsg,MrDapperSam,2026-06-24T14:06:33Z,#rocketleague #rocketleagueclips #esports #gaming #shorts,PT1M50S,2609,296,27
Rocket League,R2xm9kbz7dQ,#music #rocket League,UC6QoTqdbRdz2bQpCzoZlhEg,Samyyyy💛,2026-06-24T13:06:20Z,,PT18S,1295,21,4
Rocket League,XVCGrNSfoac,"Goals, Misses & Whiffs... The Full Rocket League Experience | LIVE  #yt #ytshorts #live #RL",UCTl9nbH2a_dymdzl9KFXsUQ,315 Gamer,2026-06-24T13:04:55Z,"♦️Merch shop is Avaliable at https://315gamer.myspreadshop.com/
♦️Memberships r avaliable for .99 1.99 2.99     / @315gamer5   
♦️Also can find me on tiktok aswell at   / 315gamer5  
  
Small streamer who is trying to have some fun on youtube and make  a community and have ups and downs   if that sounds like u then make sure to hit the sub button and smash the share and hit the like for ya boi  #RocketLeague #RocketLeagueLive #RocketLeagueFails #GamingLive #RocketLeagueMoments #WhiffNation #RL #FunnyGaming #RoadToChamp #LiveStream",PT1H26S,127,16,0
Rocket League,VfsxXtLXTC0,3 Errori da Evitare Assolutamente su Rocket League 🚗💨 #rocketleague #rocketleaguetips #rl,UCoiEl1WdRxJtFyMTiXdrZ8g,KeyStar,2026-06-24T11:00:32Z,,PT33S,11718,414,16
Rocket League,oEqazttB5tw,🏆🔥SCHAFFEN WIR MIT MEXIFY EIN SSL TURNIER | Rezears | Rocket League | deutsch,UCK3kkfXQVvBPjk2VNcz4wng,Rezears,2026-06-24T11:00:27Z,"#rezears  #rocketleague  #supersoniclegend #rl #rl2 #rocketleague2
Wenn euch etwas besonders gefallen hat oder euch etwas aufgefallen ist was ich verbessern könnte, schreibt es gern in die Kommentare. 
Bis zum nächsten Video!

Checkt gerne Mexify und Tox ab:

https://www.youtube.com/@MexifyGames

https://www.youtube.com/@ToxRL_

(Meine Settings und Binds findet ihr in meinen Youtube-Shorts)

Schaut gerne auch auf meinen anderen Socials vorbei:

Twitter: https://twitter.com/rezears

Twitch: https://www.twitch.tv/rezears

Instagram: https://www.instagram.com/rezears_rl

Meine anderen Kanäle findet ihr hier:

Rezreact:
https://www.youtube.com/@UC4PmYuMSJVqh-5sFypDFV3w 

Rezuncut:
https://www.youtube.com/@UCU7yrAxmxXdBgQTk5TFa7ag",PT46M32S,19566,1107,44
Rocket League,VEhsNibxWdo,Top 5 Best Rocket League Moments 💀🥀 #rocketleague #rl #usa,UCV1vSXHoeiHHdvwnZQjo4hA,FrenzyRL,2026-06-24T09:29:39Z,,PT39S,451240,10479,53
Rocket League,ModaidnlwWI,Rocket League LIVE – Insane Goals & Viewer Chaos!,UCD0CYiRS9ARP9PY1ANgPdhw,LeapingCobra,2026-06-24T06:14:44Z,"🚗 ROCKET LEAGUE LIVE! 🚗

Jump into the stream as we hit the pitch, score some bangers, and try not to completely throw the match.

🎮 What's happening today?

Playing with viewers
Ranked and casual matches
Insane goals
Funny moments
Unexpected chaos

💬 Want to play?
Drop your Epic ID in chat and join the games when spots open up!

🔥 Whether you're here for the clips, the laughs, or the whiffs, there's something for everyone.

⚽ Expect:

Crazy saves
Aerial attempts
Last-second goals
Questionable decision-making
Maximum Rocket League chaos

👍 If you enjoy the stream, don't forget to like, subscribe, and join the community!

Let's hit some clips and have some fun!

#RocketLeague #RocketLeagueLive #Gaming #LiveStream #ViewerGames #RL #RocketLeagueCommunity #EpicGames #Ranked #GamingCommunity #FunnyMoments #RoadToChamp",PT1H59M13S,40,4,0
Rocket League,Wu35HJjBehQ,Rocket League,UCHewDdgC_tNsRc7ymqoFVeg,Deckht,2026-06-24T03:55:38Z,Deckht live stream,PT3H30M43S,306,13,0
Rocket League,sz2-64oUj4E,Funniest Slow Moments In Rocket League.. #rocketleague #peanutrl #rl #rocketleagueclips #gaming,UCnl3vw_GduEID6sq-VuMUKw,Peanut._RL,2026-06-24T01:28:07Z,,PT1M,240755,9637,140
Rocket League,-JYGiqWOODI,I Co-Casted Jynxzi's 24-Streamer Rocket League Tournament ft. SquishyMuffinz,UC77AGuQeA8xVHYvotsfLbbQ,Dantes LIVE,2026-06-23T22:43:54Z,"i am live every day here: https://www.twitch.tv/dantes

⮯ More Info Below ⮯

twitter: https://www.twitter.com/doaenel
instagram: https://www.instagram.com/doaenel
discord: https://discord.gg/doaenel
main channel: https://www.youtube.com/@DoaenelYT

✂️ Editor - enigmaxoxoxo on discord
✂️ Editor - Yan",PT1H38M28S,4951,190,22
Rocket League,LJMzMC3J1qc,Sabías que 300.000 personas han cambiado mi Rocket League para siempre? 🤯❤️,UCJ8CreU7_GclSngjDcN5rfA,Adriantors,2026-06-23T21:32:09Z,"Hey! Soy Adriantors el del ""Te lo cuento!""

Suscribete para poder ver más videos! #shorts 

🔻¡Redes sociales!

🎬Tiktok: https://www.tiktok.com/@adriantors
💌Discord: https://discord.gg/YhQDz8raf2
🎮Twitch: https://www.twitch.tv/adriantors
🐦Twitter: https://twitter.com/Adriantors

📧 Contacto: contactoadriantors@gmail.com

💙¡Suscríbete! https://www.youtube.com/channel/UCJ8CreU7_GclSngjDcN5rfA",PT36S,431394,18655,89
Valorant,rZmjZ8AHCBY,발로란트 드디어 없어진 프로들의 비매너 행동? #발로란트 #valorant,UCDhxNmcXycyzgurPmu-UwCg,이남이,2026-06-25T06:30:38Z,시청해주셔서 감사합니다,PT21S,342,12,0
Valorant,BbVysokNzh0,TenZ: Get your Arcane Sheriff right now! Streaming with subs in Valorant!,UCZ0lCfM7tWA9AgRTzX5A0RQ,Tenz live,2026-06-25T06:23:34Z,"🔥 TenZ is back on Valorant, this time with the iconic Arcane Sheriff in hand. Watch as he tears through ranked with crisp one taps and icy precision.
No fluff, no warmups — just raw mechanics, highlight-worthy plays, and that signature TenZ finesse.
Whether you're a Jett main or just here for the gunplay masterclass, you're in for a treat.

#TenZ #Valorant #ArcaneSheriff #Jett #Sentinels",P0D,674,36,0
Valorant,f83jzrDp8qg,振り分け戦1戦目で暴言【VALORANT】#shorts,UC6Mf30bTZj2cXH9wmlcOCkw,きょうき,2026-06-25T06:00:26Z,"#valorant #ヴァロラント #きょうき

ツイッター : https://x.com/kyouki1021
Twitch : https://www.twitch.tv/kyouki_1021
使用BGM : https://dova-s.jp/",PT33S,1058,0,0
Valorant,VJwODscZr6c,발로란트 로터스 C 스파이크 설치 강의!,UCrg1HwU8wAT82C5PBi4j-wg,에임 스튜디오,2026-06-25T06:00:31Z,"#발로란트 #발로란트유튜브 #에임스튜디오 #로터스 #스파이크
🎈궁금하신 요원이나 맵이 있다면 댓글 남겨주세요👇

코치님께 직접 피드백을 받고싶다면??
🔗 https://bit.ly/4enpYdC",PT58S,2014,9,0
Valorant,F6Umz7OWDIM,TenZ: This Arcane Sheriff clip is actually impossible!!,UCvBvVSYlQGddCY8UG21U_9g,Kuran tilaveti,2026-06-25T05:53:58Z,"TenZ proves once again why he's the mechanical king. 🎯 Zero overlays, just raw, high-speed flick shots with the limited-edition Arcane Sheriff. That mid-round knife snatch? Pure disrespect. 🤯 Secure the exclusive Arcane collection before it leaves the shop!

#valorant #valorantgame #valorantlive",P0D,1531,214,0
Valorant,TbIrPSw6hRE,What is this neon bug? #valorant #valorantbug #valorantgaming,UCga4mBRdCmWC2LJr0Pqe5MA,Hes,2026-06-25T05:09:12Z,,PT37S,901,14,0
Valorant,VTnfRUjYD-w,TRẬN RANK RADIANT ĐẦU MÙA RA NGAY MAP MỚI SUMMIT !!???,UCkqWSqRGdLL5bpGbQbhgoDg,Damit2k,2026-06-25T04:00:23Z,"Link Gearup:
https://gearup.onelink.me/Zmq0/damit2k

Anh em hãy subcribe để ủng hộ mình nha !
--------------------------------------
#valorant #damit2k #valorantvn #valorantvietnam #games

Các trang mạng xã hội khác của Damit2k:
➤ Tiktok: https://www.tiktok.com/@damit2k
➤ Group giao lưu  : https://www.facebook.com/groups/5911685928961031
➤ Fanpage : https://www.facebook.com/damit2k/
➤ Facebook cá nhân : https://www.facebook.com/damitnguyen
➤ Discord :https://discord.gg/p3JEZD6gfs",PT17M48S,3989,203,20
Valorant,dWbC_qp8FPs,New Music Spray #valorant #summit,UCOri0zqQh1uPwSOE2Pih9KQ,urnotjustin,2026-06-25T03:22:04Z,"LIKE AND SUBSCRIBE - New valorant capsule the Matchday Capsule showcase. What does Matchday spray do? Matchday music spray valorant 

#urnot 

Miss ya Autumn",PT12S,8574,325,11
Valorant,lmVP5wG3tj4,발로란트 다음 요원 유출?!?!,UCtWnv62Bg8jx5p2weqWMxhQ,김버블,2026-06-25T03:00:38Z,"#발로 #발로란트 #쇼츠 #유출 

네 안녕하세요!! 대학교와서 하고 싶은거 다하는 김버블입니다!!
제 채널에 오신걸 환영하고 구독과 좋아요 한번만 눌러주시면... 저에게 큰 행복이!!",PT42S,1353,25,5
Valorant,39ELGgXqvk0,초특급 발로란트 미녀 등장ㅋㅋㅋㅋ,UCjOtzpfj5lF9erwTEQYkxtQ,t3xture 텍스쳐 ,2026-06-25T03:00:15Z,"💬 Please use YouTube’s auto-translate feature to watch in English!💬 

[팬카페] https://cafe.naver.com/t3xture
[생방송] https://www.sooplive.co.kr/t3xturekr

스트리밍 날짜 ✔ 2026년 06월 22일 
다시보기 채널 ✔ https://www.youtube.com/@t3xture_full
텍스쳐 세팅  ✔ 감도: 800 0.45 / 해상도 1920X1080 / 조준선 안쪽선 1/3/2/2
세팅 (자세히보기) ✔ https://ch.sooplive.co.kr/t3xturekr/post/139059295

#발로란트 #발로란트 #valorant 

 ▬▬▬▬▬▬▬▬▬▬▬▬▬▬▬▬▬▬▬▬▬▬▬▬▬▬▬▬▬▬▬▬
🎵Music provided by 브금대통령 
🎵Track : Une Petite Dispute - https://www.youtube.com/watch?v=NWITLjXsBj4
🎵Track : 참나 어이가없어서 - https://www.youtube.com/watch?v=sjMoahChxZo
🎵Track : 쳇바퀴 인생 - https://www.youtube.com/watch?v=jpo3kYQpTZs
🎵Track : I WANNA BE A ROCKSTAR - https://www.youtube.com/watch?v=ol7L7gNWfes
🎵Track : 햄스터의 모험 - https://www.youtube.com/watch?v=xfFzi-ryDVQ
🎵Track : Piggy Cake - https://www.youtube.com/watch?v=BOsYmetTil0
 ▬▬▬▬▬▬▬▬▬▬▬▬▬▬▬▬▬▬▬▬▬▬▬▬▬▬▬▬▬▬▬▬",PT11M57S,10344,520,54
Valorant,o7suMADRaqY,f0rsakeNを彷彿とさせるトルネード解除 #valorant,UCISWk92AMJLF59sb8bbR67g,ヴァヴァヴァ【VALORANT CLIP】,2026-06-25T03:00:05Z,"是非コメント、高評価、そしてチャンネル登録の方よろしくお願いします！

◇Credits
https://www.twitch.tv/valorant_jpn",PT13S,12230,242,6
Valorant,ZVoQ7xZD6M8,LESS EXPLICA PORQUE KIKARAM SILENTZ! #valorant #shorts #lessvlr,UCEuOLYqiHuOPB6IYCykj2VQ,NesKy,2026-06-25T02:45:11Z,"Se você considera me ajudar no meu ""trabalho"", irei ficar grato!! Qual quer valor já é bem vindo!! PIX:
https://livepix.gg/nesky
 
SOCIAIS:Twitch: https://www.twitch.tv/neskygg
Instagram: https://www.instagram.com/neskygg/
Twitter: https://twitter.com/neskygg
Tiktok: https://www.tiktok.com/neskygg
Discord: NesKy_

LESS EXPLICA PORQUE KIKARAM SILENTZ! #valorant #shorts #lessvlr",PT1M6S,2021,0,9
Valorant,nSxyw1YOX4I,oman in breeza #oman #valorant #breeze  #gameplay #valorantclips #tips #gaming,UCXrTJSAHmOvqO1EJVtdd26Q,Gaming Hell,2026-06-25T02:06:17Z,"valorant breeze, breeze valorant, valorant breeze meta, valorant breeze tips, valorant breeze changes, valorant breeze map changes, valorant breeze guide, valorant new breeze, valorant new map breeze, valorant breeze update, valorant breeze tricks, breeze changes valorant, breeze guide valorant, valorant breeze gameplay, valorant breeze tips and tricks, how to play breeze in valorant, valorant best agents on breeze, valorant ranking every agent on breeze, omen valorant, som valorant, valorant, pokimane valorant, kanga valorant",PT1M11S,399,4,0
Valorant,dpmicsp9u8w,ADG vs AXG | FLY vs D1 | VALORANT Challengers NA | W4 D1 | Regular Phase | Stage 3,UC_l3b2l822SSWaoA7DLXTiQ,VALORANT Challengers Americas,2026-06-25T01:36:10Z,"Games of the Day
ADG vs AXG
FLY vs D1

The race for Playoffs is heating up.


Connect with Challengers NA Esports:
X/Twitter: http://x.com/valesportsna 
Tik Tok: http://tiktok.com/@valesportsna 
Instagram: http://instagram.com/valesportsna 
Twitch: http://twitch.tv/valorant_northamerica 
YouTube: http://youtube.com/@VALORANTChallengersAmericas 
Official VALORANT Esports News: http://valorantesports.com/news 
Web: http://valorantesports.com
#vct 
#VALORANT",PT5H43M34S,10994,87,0
Valorant,UcuIRSrQSao,from mooda clone to adildo 😭💔 #valorant #valorantfunny #gaming #adilswrld,UCIGdEoFOsZsjoqpMl0vhvHA,Adilswrld,2026-06-25T00:17:43Z,,PT19S,5479,323,13
Valorant,VQHOWlpZk7k,【VALORANT】邊陲紀元神射的魅力所在就在這裡 #八雨ナギLIVE #台灣vtuber  #台v #valorant #vtuber #valorantclips #特戰英豪,UCZlXOOS3RIUV7Eg5StSpUig,Nagi Ch. 八雨ナギ,2026-06-24T23:50:16Z,"如果喜歡我的影片不要忘記按讚訂閱喔!
八雨平時會在YT或者Twitch直播
謝謝你們啦!",PT43S,1063,19,1
Valorant,zcRCqVZk1Ns,Insane Valorant Play #amgbutter #valorantclips #valorant #CLUTCH #tenz  #Shorts #ytshorts  #toxicrp,UCW9kHEzkD_kXmD2IXRkiV4A,AMG_BUTTER,2026-06-24T23:30:29Z,Insane Valorant Play #amgbutter #valorantclips #valorant #CLUTCH #tenz  #Shorts #ytshorts  #toxicrp,PT27S,1017,18,1
Valorant,kfnyOY1iv_0,Checking Out These VALORANT Models – Unboxing 🎨 #valorant #rgx11zpro #kuronami #champion2025 #vct,UC6-MknxRm8MfOkg3LFtHApw,Leone Craft Making Store,2026-06-24T22:30:17Z,,PT24S,3493,244,3
Valorant,_uUsfTGnWGA,オペで敵を順番に消していくHals #valorant,UCISWk92AMJLF59sb8bbR67g,ヴァヴァヴァ【VALORANT CLIP】,2026-06-24T22:00:03Z,"是非コメント、高評価、そしてチャンネル登録の方よろしくお願いします！

◇Credits
https://www.twitch.tv/valorant_jpn",PT14S,5735,79,9
Valorant,Xbef9KvEWxw,TRYHARD MÁXIMO - TROCAR TIRO É MEU ÚNICO OBJETIVO HOJE - SPEEDRUN ELO NOVO ATO 🏆 !Growth | 🏆 !Bonoxs,UCRm3UqpwcxDmoPT9PKn4qPw,TcK10,2026-06-24T21:47:27Z,ABSOLUTAMENTE O MELHOR RADIANTE DO VALORANT BRASILEIRO. LIVE TODOS OS DIAS A PARTIR DAS 16:00 DA TARDE. #valorant #valorantbrasil #tck,PT5H12M29S,47483,2546,0
Valorant,IaTmneN1KVw,UN BUG A 300 DE PING !  #valorant #valorantfr #valorantgaming #gaming #valo,UCnC9-6o_LA_NPtvyaeVCHhA,ZEN,2026-06-24T21:22:24Z,,PT1M11S,1074,0,13
Valorant,Y4nqIn0UnP0,lets get some construction equipments in the chats guys  #majski227 #valorant,UCtpIsUHYKjcMYwreZYLXhUw,Majski227,2026-06-24T21:17:23Z,,PT25S,4265,310,4
Valorant,J3XvY1yuUr0,how does bro even know this information 😭🥀 #valorant #valorantfunny #gaming #adilswrld,UCIGdEoFOsZsjoqpMl0vhvHA,Adilswrld,2026-06-24T20:48:06Z,,PT30S,6327,361,18
Valorant,PqXzywNT9Gg,🔴 UCAM vs MIR | EMEA Challengers 2026 Stage 3 | Valorant Tiếng Việt,UCOEZS-44dq2a4TMk3UWVeng,VLR Tiếng Việt,2026-06-24T20:40:18Z,"🔴 Challengers 2026: EMEA Stage 3 | Trực Tiếp Tiếng Việt

Challengers 2026: EMEA Stage 3 là giải đấu cấp độ Challengers hàng đầu khu vực Châu Âu, Trung Đông và Châu Phi (EMEA), quy tụ 16 đội tuyển xuất sắc nhất từ các giải đấu khu vực. Đây là cơ hội cuối cùng để các đội cạnh tranh suất tham dự VCT EMEA Stage 2 Play-Ins và tiến gần hơn tới đấu trường VALORANT đỉnh cao. Giải đấu diễn ra từ ngày 22/06 đến 05/07/2026 với vòng bảng GSL và vòng Playoffs nhánh thắng thua hấp dẫn.

📺 Valorant Tiếng Việt mang đến các trận đấu Challengers EMEA Stage 3 với bình luận tiếng Việt, cập nhật tỷ số, lịch thi đấu và những diễn biến mới nhất của giải đấu.

👉 Đừng quên Like, Subscribe và bật chuông thông báo để không bỏ lỡ những trận đấu VALORANT hấp dẫn nhất

 #livestream #ChallengersEMEA #valorant #valorantemea #vctemea #valorantvn #valoranttiengviet #tructiepvalorant  #valorantlive",PT5H25M12S,4972,42,0
Valorant,vBSuPaDfnSc,Last chance to get Champions 2021 skins! Valorant Premier with subscribers!,UCqa9qZ3dUGzohy4BPGil36g,TenZ's Lives,2026-06-24T20:17:34Z,"Yo everyone, TenZ here! Chat is off right now. I just came out of a tournament and will talk about it soon!

#valorant #valoranthighlights #valorantlive",P0D,537,311,0
Valorant,lzB6rhwsajY,TenZ: The exclusive Arcane Sheriff skins are back — but not for long,UCqa9qZ3dUGzohy4BPGil36g,TenZ's Lives,2026-06-24T20:03:05Z,"Hello everyone! TenZ here. Chat is currently unavailable. I had a busy tournament day and will update you all soon.

#valorant #valoranthighlights #valorantlive",P0D,606,324,0
Valorant,kxHVjP4d0t0,TenZ: The exclusive Arcane Sheriff skins are back — but not for long,UCqa9qZ3dUGzohy4BPGil36g,TenZ's Lives,2026-06-24T19:43:15Z,"Hello everyone! TenZ here. Chat is currently unavailable. I had a busy tournament day and will update you all soon.

#valorant #valoranthighlights #valorantlive",P0D,612,317,0
Valorant,t-tUIssI8WQ,Ranking Every Agent on Summit | VALORANT,UCrfyyS0SKv_HAeP7v9qkFYA,Kanga,2026-06-24T19:27:16Z,"Summit went live today for everyone in VALORANT, so I wanted to rank every agent in the game in terms of how good they are on this new map! This list is for regular ranked rather than premier / pro play, and is more focused on how each agent's abilities fit this map, rather than the meta right now!

Best Agents to Play on Summit 
Ranking Every Agent on Summit 
VALORANT Summit New Map
#Valorant #Summit #Meta 
-
Tags: valorant,summit,valorant summit,new map,valorant new map,new map valorant,valorant new map summit,meta,valorant meta,kanga,kanga valorant,ranking every agent on summit,best agents to play on summit,valorant best agents on summit,valorant ranking every agent on summit,valorant summitmeta,meta on summit
-
Timestamps
Intro - 00:00
Clove - 00:17
Miks - 00:51
Brimstone - 01:20
Viper - 01:55
Astra - 02:26
Omen - 02:49
Harbor - 03:21
Breach - 04:07
Tejo - 04:46
KAY/0 - 05:07
Skye - 05:33
Gekko - 05:59
Fade - 06:40
Sova - 07:08
Deadlock - 08:13
Veto - 08:38
Chamber - 09:03
Sage - 09:36
Vyse - 09:56
Killjoy - 10:18
Cypher - 10:38
Reyna - 11:22
Yoru - 11:33
Waylay - 12:04
Iso - 12:25
Raze - 12:45
Phoenix 13:08
Jett - 13:35
Neon - 13:59",PT15M,36458,1287,116
Valorant,1A35CBNA-eg,TenZ: Get your Arcane Sheriff right now! Streaming with subs in Valorant!,UCEwCSAF-j_Vr3EYpb_nZXRg,Ten'z live,2026-06-24T19:23:01Z,"🔥 TenZ is back on Valorant, this time with the iconic Arcane Sheriff in hand. Watch as he tears through ranked with crisp one taps and icy precision.
No fluff, no warmups — just raw mechanics, highlight-worthy plays, and that signature TenZ finesse.
Whether you're a Jett main or just here for the gunplay masterclass, you're in for a treat.

#TenZ #Valorant #ArcaneSheriff #Jett #Sentinels",P0D,862,36,0
Valorant,QGtc2ZSyUw0,TenZ: Get your Arcane Sheriff right now! Streaming with subs in Valorant!,UCEwCSAF-j_Vr3EYpb_nZXRg,Ten'z live,2026-06-24T19:22:38Z,"🔥 TenZ is back on Valorant, this time with the iconic Arcane Sheriff in hand. Watch as he tears through ranked with crisp one taps and icy precision.
No fluff, no warmups — just raw mechanics, highlight-worthy plays, and that signature TenZ finesse.
Whether you're a Jett main or just here for the gunplay masterclass, you're in for a treat.

#TenZ #Valorant #ArcaneSheriff #Jett #Sentinels",P0D,781,1413,0
Valorant,GQrUBWWf3n4,Pride month got unc acting crazy 💀 #subroza #valorant,UCwcAmErkjJ5dulfrrZjrQEw,Subroza,2026-06-24T19:15:22Z,"📢Thanks for watching! LIKE & SUBSCRIBE if you want more. FOLLOW ME @ 🠋🠋

🎥 TWITCH ➔ https://www.Twitch.tv/Subroza
🐤 TWITTER ➔ https://www.Twitter.com/Subroza
📷 INSTAGRAM ➔ https://www.Instagram.com/SubrozaYT
👨 FACEBOOK ➔ https://www.Facebook.com/SubrozaYT
📱 TikTok ➔ https://www.Tiktok.com/@subroza
🎙️ DISCORD ➔ https://discord.gg/Subroza
👕MERCH ➔ COMING SOONNNNNNNNNNNNNNNNNNNN

🔔 Make sure you click on the BELL to turn on ALL NOTIFICATIONS! 

📧 Business Inquiries: teamsubroza@unitedtalent.com

Edited by ibra / polsol
https://x.com/ibra_edits / https://x.com/Polsol__

Thumbnail By Rewind / Splashy 
https://x.com/rrewnd / https://x.com/SPLSHYS

#Subroza #VALORANT",PT13S,29709,719,8
Valorant,ZBWRyXJcNRw,Every VALORANT Fan Needs These – Unboxing 🎮❤️ #valorant #rgx11zpro #kuronami #champion2025 #jett,UCTG85qeeUOlEcKKlvq8sg_Q,LEONEUNBOXING,2026-06-24T18:45:18Z,,PT24S,3395,112,0
Valorant,8iFwwrZS-dY,TenZ: Get your Arcane Sheriff right now! Streaming with subs in Valorant!,UCEwCSAF-j_Vr3EYpb_nZXRg,Ten'z live,2026-06-24T18:44:16Z,"🔥 TenZ is back on Valorant, this time with the iconic Arcane Sheriff in hand. Watch as he tears through ranked with crisp one taps and icy precision.
No fluff, no warmups — just raw mechanics, highlight-worthy plays, and that signature TenZ finesse.
Whether you're a Jett main or just here for the gunplay masterclass, you're in for a treat.

#TenZ #Valorant #ArcaneSheriff #Jett #Sentinels",P0D,743,45,0
Valorant,yaqBkd1eqtM,VALORANT Collectible Unboxing – For the Fans 🔥 #valorant #rgx11zpro #kuronami #champion2025,UCN8seERMhi1PKYO_0vgqSwg,LeonesMarvellousItems,2026-06-24T18:15:29Z,,PT26S,1669,60,1
Valorant,OWFqkmPZ9uo,La pause fraicheur sur VALORANT.. #valorant #valorantfr #twitch #ragevl,UCK8MjJDppR8C-LWhwFjXbkw,RaGe,2026-06-24T16:59:48Z,abonne toi pour me soutenir ❤,PT8S,16284,449,11
Valorant,b4mkPA2Q_CE,Player cams of PRX after their tough loss against LEV. #valorantmasters #valorant #shorts #vct,UCA1d3HFGFUmkKr2JIUA5Vlw,VALORANT Champions Tour,2026-06-24T16:52:50Z,"Download VALORANT now: https://playvalorant.com/download/

Follow the VALORANT Champions Tour on social media for more action: 

Twitter: https://twitter.com/valorantesports 
Instagram: https://www.instagram.com/valorantesports
Facebook: https://www.facebook.com/ValorantEsports 
TikTok: https://www.tiktok.com/@ValorantEsports 
Meta Threads: https://www.threads.net/@valorantesports
WhatsApp: https://whatsapp.com/channel/0029Vak9Izv89ino4VLgPb2X

#VALORANTChampionsTour #VALORANT #VCT",PT1M22S,22148,1451,77
Valorant,suit3ruoBqI,m’enfin bref… #valorant,UCMFmLRffPn3jcibE79ufbYw,katarsis,2026-06-24T16:26:08Z,,PT10S,7195,314,4
Valorant,i5a_bn7H30Y,C’EST QUOI VOS RANKS ?? #reset #valorant,UCMFmLRffPn3jcibE79ufbYw,katarsis,2026-06-24T16:23:09Z,,PT1M4S,15494,810,40
Valorant,Vt1n5PpTd04,ACE 7K  #valorant #keşfet #gaming,UC_089Ak8D-LoIYupVb-XEhw,smyra,2026-06-24T16:11:42Z,"Merhabalar, ben smyra.

12:00'daki canlı yayınlara katılmak istersen: https://kick.com/smyra

Discord: https://discord.gg/6eaSwzq
Instagram: https://www.instagram.com/smyraig

Reklam ve işbirliği için: smyrailetisim@gmail.com

#valorant #keşfet #gaming",PT42S,15581,330,21
Valorant,-QBR0VyhJBU,New Map 1V2 Yoru Clutch 🤩 #valorant,UCJW4l-P0ExPXcwG80VlsYdw,Wenarixx,2026-06-24T16:03:58Z,"Hi everyone, 👋 I'm Wenarixx, if you like the video don't forget to like and subscribe ^^ Enjoy watching.

Don't forget to like the video 👍 | 🔔 Subscribe to the channel and turn on notifications. ❤️
▬▬▬▬▬▬▬▬▬▬▬▬▬▬▬▬▬▬▬▬▬▬▬▬▬▬▬▬▬▬▬▬▬▬▬▬▬

📩 MY SOCIAL MEDIA ACCOUNTS 

🤜 Instagram / https://www.instagram.com/wenarixbenn
🤜 Kick / https://kick.com/wenarixx
🤜 Discord / https://discord.gg/wenarixx
🤜 Tiktok / https://www.tiktok.com/@wenarixxbenn

#valorant #valorantclips #valorantedit #yoru #fyp

🎥Thank you all for visiting my video.
I'd also appreciate it if you could share your thoughts about the video in the comments section.
I have a small request: if you enjoyed watching my video at all, please give me a like and show your appreciation for my hard work.",PT42S,9653,445,13
Valorant,WflazhePpOE,반동이 없는 것 같은 이번 신스킨? #발로란트 #valorant #shorts #신스킨,UCZRH94I89Ps7giJYeK6DlWA,버니버니,2026-06-24T16:00:16Z,"· 광고협찬 / 팀 관련 문의 : biz@onsidecompany.co.kr
· 광고 / 개인 문의 : engur15963@naver.com
· 숲 생방송 : https://bj.afreecatv.com/cownsgur123
· 팬카페(토끼굴) : https://cafe.naver.com/bunnycave
· 인스타그램 : bunnychannel__​
· 틱톡 : bunnybunny____
· 팬 선물: 서울 중구 청계천로 40, 1315호 버니버니 (우: 04521, 주소에 크리에이터 명 포함)
* 우편 도착 확인 여부는 모두 안내드리기 어려운 점 양해 부탁드리며, 확인을 희망하시는 경우 http://pf.kakao.com/_SxlyCn 로 문의 부탁드립니다.
#발로란트 #버니버니  #Valorant

감도 :1600 DPI , 0.187
줌 감도 : 0.7",PT1M22S,15215,466,18
Valorant,z8Sguy1PGxk,New Valorant Map Summit Cypher #valorant #valorantclips #funnygaming #valoranthighlights #cypher,UCkF3OMV601tcm7agVLlurzA,Season 1 Act 1 Gold Cypher,2026-06-24T15:49:41Z,I feel like this map is made for cypher = Defense Map,PT1M9S,1151,27,1
Valorant,lE1eESRfnRw,where was bro looking👀?  #gaming #valorant #valorantclips,UC1eoVGI0W25fqRLMygDwwEA,valx,2026-06-24T15:34:05Z,"#valorant #valorantclips #gamer #gaming 

i make make shorts to make people happy and show my fun or clutch moments with youn guys so if you guys want more make sure to support and  leave a comment! lets grow together.",PT19S,17340,95,4
Valorant,GQ6eC4Quyiw,This VALORANT Meta,UCBU31wAwwkT92O7mXAD4TWQ,Oblivity,2026-06-24T15:02:44Z,"Shotgun, smoke camps, Neons and crouch peeking? let's fix that 

#valorant #valorantclips #esports",PT1M7S,3896,120,3
Valorant,SszrJFiu_m8,bu oça kim hesap sattı | valorant son gün ZOMBİLERİ,UCzTf0a2K01bknx_ySCeJMWw,cptN,2026-06-24T14:53:27Z,"BU LINK'TEN KAYIT OLUP ALIŞVERİŞ YAPARSANIZ BANA DA DESTEK OLURSUNUZZZ:
https://per.digital/cptnvp
EKİPMANLARINIZI BU LINK İLE WRAITH SİTESİNE GİDİP https://wraithesports.com/cptn İNDİRİM KODU KISMINA "" CPTN "" YAZARAK İNDİRİM KAZANABİLİRSİNİZ!!
#işbirliği",PT10M40S,8324,609,64
Valorant,RAXLWD5UJkg,içerik çekmek için erken erişim girmişsindir ama karşıya schewesa gelmiştir #valorant #valorantedit,UCjFP0fx6NfV29exe0bn8NdQ,Schewesa,2026-06-24T14:41:18Z,"👋Selam ya

videonun tam halini youtube kanalımdan izleyebilirsiniz

- https://www.instagram.com/schewesavl/
- https://discord.gg/schewesa
- https://kick.com/schewesa

⚙️ Valorant Ayarlarım:
- Sensitivity: 0.43 / 800 DPI  
- Çözünürlük: 1920x1080",PT43S,31688,979,54
Valorant,Qx9M9_NLs_g,발로란트 로그 밴달 리뷰,UCLPZfd-CtP6lEO3T8A1xjvQ,제로핑,2026-06-24T14:15:35Z,"#발로란트 #valorant #shorts 
더빙: @냥냥꽁냥쫑냥",PT16S,9904,240,21
Valorant,BtR_5Rer0Nk,VALORANT Challengers Japan 2026 Split 2 Main Stage Day 10,UCzVgCrOcBAWYEHTtVOMPAtw,VALORANT // JAPAN,2026-06-24T14:05:14Z,"[JP] VALORANT Challengers Japan 2026 Split 2 Main Stage Day 10

00:00 OPENING
000:16:16 RIDDLE vs AGELITE MAP1:Ascent
01:52:31 RIDDLE vs AGELITE MAP2:Haven
02:58:13 RIDDLE vs AGELITE MAP3:Pearl
04:28:15 IGZIST vs FENNEL MAP1:Split
05:45:56 IGZIST vs FENNEL MAP2:Haven

＜VALORANT Challengers Japanについて＞
「VALORANT Challengers Japan 2026」は2つのSplitで1年間のシーズンを戦います。
Split 1は2月上旬に開幕し、前シーズンの出場チームに加え、Premier V25A4〜V25A6で上位成績を収めたチームが参加します。
Main Stageでは、Phaseごとにダブルエリミネーショントーナメントを実施し、各Phaseの上位2チームとなった計4チームがPlayoffsへ進出。
Split 2は5月頃から行われ、Split 2 Main Stageの上位6チームが「VCT Pacific Stage2 Play-ins」を目指すSeason Finalsに挑みます。

＜公式サイト＞
https://valorantesports.com/

＜スケジュール＞
https://valorantesports.com/schedule

＜VALORANT Challengers Japan公式X＞
https://x.com/valesportscl_jp

＜VALORANT Challengers Japan 概要＞
https://valorantesports.com/ja-JP/news/valorant-challengers-japan-2026-format

＜GALLERIA＞
高いパフォーマンスが要求されるPCゲームや配信活動、
クリエイティブワークを、より多くの人が楽しめるよう、
GALLERIAは最新パーツを採用した豊富なモデルをご用意。

▼ブランドサイト
https://galleria.net
▼『GALLERIA VALORANT Challengers Japan 2026 大会協賛モデル』詳細ページ
https://www.dospara.co.jp/gamepc/valorant-challengers-japan.html

＜ふもっふのおみせ＞
世界中の高性能ゲーミングデバイスを取り扱う輸入品専門のオンラインショップです。

▼公式X
https://x.com/fumoshop

＜nosh＞
🎮nosh×VALORANT Challengers Japan 2026 の特別コラボクーポンはこちら🎮
https://nosh.jp/landing/VALORANT2026_2?utm_source=Youtuber&utm_medium=PR&utm_campaign=VALORANT2026_2&utm_content=20260523&utm_term=coupon418
この動画をご視聴頂いた方は特別に、初回購入時に2,000円割引、以降2~4回目購入毎に1,000円割引、総額5,000円割引でご購入いただけます。
※本クーポンはナッシュを初めてご注文の方にのみ適用されます。
※動画内でご案内しているサービス内容や取り組みは本動画撮影時（2026年5月時点）の情報になります。
※一部商品については終売の可能性がございますので予めご了承ください。

🎁期間限定プレゼントキャンペーン実施！🎁
本配信経由でnoshを新規ご購入いただいたお客様を対象に、
抽選で1名様に Split ２優勝チームの直筆サイン入り　ふもっふのおみせ取り扱いキーボード「Ducky OK-M 65 65% Hotswap Wireless RGB Keyboard」をプレゼントします。
商品詳細：https://www.fumoshop.com/products/ducky-okm65-wireless-obk

◼️︎ 抽選対象期間
2026年5月22日〜 2026年7月31日まで　
◼️︎ 当選連絡について
抽選終了後、noshより発送を持って当選通知とかえさせていただきます
✅ 参加条件
本動画経由でナッシュを新規ご購入
📦 プレゼント商品詳細
ふもっふのおみせ取り扱いキーボード「Ducky OK-M 65 65% Hotswap Wireless RGB Keyboard」

#PR #nosh

#VALORANT #ChallengersJapan",PT7H4M25S,210381,866,0
Valorant,r9sz5y8m75Q,How to Silent Jump in #valorant,UCdGP2ucahm6Tp2ENGlQ2zZw,Tactical ,2026-06-24T14:00:01Z,"I teach you how to silent jump with a Charles inferno remix playing  

Join the discord in my Bio and Follow me on Twitch",PT15S,23580,219,18
Valorant,cYCM4Rzuf6U,Career Highlights... #valorant #vct #costream #buythefutbundle,UCgIriwgZBo34xOp96Xsp4Yw,Thinking Man's Valorant,2026-06-24T13:37:49Z,"Play Fantasy Valorant here: https://www.valorantfantasyleague.net
My Twitch is here: https://www.twitch.tv/thinkingmansvalo
Join the discord: https://discord.gg/tmvalo
2nd Channel is here: https://www.youtube.com/channel/UCb42Ogf65ddvkCuPFIw57UQ
Buy TMV merch here: https://tmv-shop.fourthwall.com/en-gbp

Any business enquiries email me here: valorantvodreview@gmail.com

Any drawings are done by EpicPen - it's a free download!
You can find the valorant maps and what not in some videos on https://valoplant.gg

#Valorant #Tips&Tricks #Analysis",PT1M37S,18260,2150,36
