channel_id,channel_title,channel_description,channel_published_at,subscriber_count,channel_view_count,channel_video_count
UC6-MknxRm8MfOkg3LFtHApw,Leone Craft Making Store,"Craftsman who makes amazing game crafts in real life.
Have another account on YouTube.
https://www.youtube.com/channel/UCN8seERMhi1PKYO_0vgqSwg?ref=hlq9e7kj
This channel focuses on sharing the craft making content.
",2020-10-10T07:19:49.815554Z,125000,101716550,610
UC5DvsaWSa_Hi4-QjOTv0eTw,じーぷろ【APEX解説】,"見た人全員がAPEXで上達する解説チャンネル。
視聴者コーチングやAPEX最新情報を中心に、再現性の高い解説動画を投稿しています。

⸻

【実績】
・パスファインダー 38,000キル
・APEXプレデター
・アリーナ世界1位到達

⸻

デバイス・ゲーム関連サービス・アプリ等の紹介実績あり。
YouTubeに加え、TikTok（フォロワー9万人）でも同時訴求が可能です。

📩 お仕事・案件のご相談はこちら
salesyttv@gmail.com

※ゲーム関連 / デバイス / サービスPR などお気軽にご相談ください。",2016-11-27T06:12:02Z,126000,201731729,1981
UC8_SkVlFFe4sL4HOHosR1pg,OFFSTAGE CS2,"OFFSTAGE — медиа нового поколения о киберспорте. 

Этот канал — о сцене Counter-Strike 2: подкасты с про-игроками, документалки и backstage с турниров. Настоящие эмоции CS2 — без фейков и кликбейта.
",2025-09-29T14:01:33.942837Z,2130,3667601,266
UC8gKWw73m-iACVF6_ncdccA,Sonyx,"Wholesome Apex Legends guides, streams, & content! 🙂‍↕️",2023-12-18T05:22:28.034738Z,45300,43529244,732
UC7ulqQ-vGirhVNwZE57cDxA,NiroX,"🩸 Willkommen im Roten Palast 🏰

Hier regiert Dunkelheit, Glut und Chaos.
Ich bin NiroX - VTuber & Streamer mit einer Welt aus Rot und Schatten. 🔥

⛩️ Auf diesem Kanal erwarten dich:
⚔️ Gaming Content
🔥 Livestreams
🩸 Anime/VTuber Vibes
👑 Community & Chaos

Betritt den Palast…
und werde Teil der roten Elite. 🩸
",2023-02-14T10:10:47.073493Z,171,41392,36
UC6Xqz2pm50gDCORYztqhDpg,League of Legends Brasil,"Perfil oficial de League of Legends no Brasil. 🇧🇷 #leagueoflegendsbrasil 
https://linktr.ee/leagueoflegendsbrasil
",2012-08-14T21:40:19Z,1140000,232763371,1225
UC2rF6UKoEjTnrsAT0a-o2TA,ЛЕГЕНДА апгрейдера,че тут писать,2025-10-16T19:14:42.85503Z,15,54828,25
UC7qml4gzxWCujU9H4dCNzug,Gold Cs Nades,"Counter-Strike Videos every day!

CS2 Pro Tips and Tricks ! NEW One Way Smokes, Boosts, Nades and Utility are Featured in this channel.

-------------------------------------------------------------
🐤 Twitter: https://twitter.com/goldcsnades
🎓 TikTok: https://www.tiktok.com/@goldcsnades
📷 Instagram: http://instagram.com/goldcsnades
💛 Discord: https://discord.gg/mgaS3HU7Bx
-------------------------------------------------------------
Business Inquiries: contact.goldcsnades@gmail.com
",2022-09-19T05:16:51.348429Z,235000,381304428,5833
UC2t5bjwHdUX4vM2g8TRDq5g,League of Legends,"Recently recognized as the most played video game in the world—100 million play every month—League of Legends® is a multiplayer online battle arena game (MOBA).

Players choose a role from an expanding cast of powerful champions and join forces in strategic, fast-paced gameplay to take control of the enemy’s end of the battlefield.

Sign up for a free League of Legends account at http://riot.com/signup",2009-02-09T20:19:08Z,16000000,9654752525,1753
UC9Qu6o04oTf-b2acahQVk1g,Kass & KR,"Olá! somos Kass (Kassiano) e KR (Matheus).
Somos uma dupla de amigos que decidiram criar um canal para a sua diversão! 😋
Ter um canal sempre foi nosso sonho e agora estamos trabalhando duro para conquistar nossos objetivos.
Você é muito bem vindo aqui!
Fazemos vídeos novos todos os dias, então volte sempre!
",2014-12-16T15:08:11Z,2920000,1219691308,2310
UC1swUPFAFKPVHzI7on2XjIA,KamoZizto,"✅Welcome to the KamoZizto channel! 🤖🤖🤖

1000 subs      ✅
5000 subs      ✅
10.000 subs   ✅
20.000 subs   ✅
50.000 subs   ✅
100.000 subs ⁉️
300.000 subs ⁉️


Please note that all videos on this channel are independently created. I personally select and edit characters, add unique audio and video effects, and use free images from Google. All content in my videos complies with the principles of fair use, as set out in Section 107 of the Copyright Act.

To stay up to date with new cute and funny videos Subscribe to the channel, like and HAVE A FAN!
",2023-10-26T06:20:55.382301Z,86700,241667886,292
UC4zDfrGVKK5uaNShOB0pK6w,DylanDubs,"Welcome to the channel! I typically play Hero Shooters and Battle Royales at the highest levels possible. 

Wanna see what’s happening when I’m not here? I stream this content on Twitch daily @DylanDubs

Be sure to subscribe to watch all future content! ",2019-07-02T02:15:59Z,5980,10266980,1769
UC3xf61v4ogvrc0_KiVxXVdA,Platin,"Heyoo! 💚
Hier erzähle ich Geschichten & erschaffe Großes :)

•┈••✦ ❤ ✦••┈•

Geschäftliche Anfragen
≫ platin@lunyone.de

Impressum:

PlatinumDot
LunyOne GmbH
Felix-Wankel-Str. 20
40764 Langenfeld
Keine Briefe, Pakete oder Päckchen - Annahme wird verweigert!
",2021-07-13T22:39:48.302938Z,122000,24324005,161
UC6InI7JtTDI8-npOBcamZ-g,Move.,"Топ 1 наутилус галактики.
https://www.twitch.tv/movenautilus
",2015-07-07T05:25:20Z,11,32884,76
UC8lhlpzdh0t72-LITVjtNog,TouTTo NaRouTTo,"https://www.youtube.com/channel/UC8lhlpzdh0t72-LITVjtNog?sub_confirmation=1
Fun channel trying to do stupid stuff for fun
any recommendation is welcome
",2011-09-03T16:43:58Z,551,469677,1429
UC0BP-IX_TViUEK8jaey3vew,SoaR Dylan,i make gaming videos.,2013-04-09T00:12:54Z,2410000,557359802,1357
UC4N07KDv7RFHsTtMXoqJvvQ,Jhona12,"💚💚💚💚💚💚JHONA12💚💚💚💚💚💚
Hey!! papus como estan todo bien, Bienvenidos a este rinconcito del canal,  yo les ofrezco mucha diversión, risas y mas, videos variados y entretenidos, un chico que le fascina el color VERDE, que le encanta jugar al minecraft y por si te intereza soy de Ecuador :p, Si te gusta lo que te ofrezco acompáñame en esta loca travesía para encontrar nuevas Aventuras.


●Mis metas en YouTube●
▬100✔
▬▬200 suscriptores✔
▬▬▬500 suscriptores ✔
▬▬▬▬1.000 suscriptores✔
▬▬▬▬▬3.000 suscriptores✔
▬▬▬▬▬▬5.000 suscriptores✔
▬▬▬▬▬▬▬10.000 suscriptores
▬▬▬▬▬▬▬▬20.000 suscriptores
▬▬▬▬▬▬▬▬▬50.000 suscriptores
▬▬▬▬▬▬▬▬▬▬100.000 suscriptores",2017-08-01T16:00:17Z,9770,277762,331
UC7GsMoCYPNNt7vp1ZPlHlXg,Código: YAJO,"❤️Suscríbete para no perderte nada de Fortnite y gracias a todos los que me apoyáis con el código YAJO en la tienda! Os quiero❤️ #epicpartner 
📧yajo@digitalboy.gg


",2019-01-29T11:57:27Z,482000,833127665,2409
UC1BVP1id0aP4bOqY32ife0w,d0cc two,"Dutch guy playing cs2 for a living

Business email: business@d0cc.net
",2020-06-26T15:43:21.503425Z,139000,62949218,1404
UC4pfrtrBN0e78Ur5mTU53jg,InfinityShields,"Welcome to the chaos.

I’m InfinityShields — a sweaty ARC Raiders squad player bringing high-intensity fights, clutch moments, and unfiltered comms to every run. Expect big plays, bad decisions, chaotic squad energy… and occasional dad cameos in the lineup.

This channel is all about:
🎮 ARC Raiders gameplay
🔥 Clutches & high-pressure fights
😂 Squad chaos & real reactions
📈 Getting better every stream

I stream ARC Raiders live almost every night on Twitch if you ever want to see the madness happen in real time.

twitch.tv/infinityshields

https://x.com/infinityshield2

Let’s run it.
",2021-05-21T16:04:31.75581Z,37,164491,213
UC-GECHmvQjUn5W1zMqbGvKQ,Somjuu,Just tryna make my family proud💯| business email: somjuubusiness@gmail.com,2014-04-26T00:10:22Z,102000,81375226,1815
UC6QoTqdbRdz2bQpCzoZlhEg,Samyyyy💛,Hiiiii :),2024-08-25T16:07:32.787466Z,573,262769,265
UC0Yj9yI1-bo1nAOxvRol77w,Gurama,"Use Code ""Gurama"" #ad",2018-09-23T18:43:54Z,31400,8425398,711
UC3JxXsjb0geNb-lvzxxo0Tw,Rush B Clips,"Welcome to Rush B Clips - your place for the daily CS videos.
",2025-08-30T13:45:44.881486Z,478,3146150,350
UC89yB-wIAc8kPJEDwDcv9hw,Kobbi TV,"Kobbi Adventure in Minecraft 💙

Business Email : johnembangelio@gmail.com
",2024-12-29T09:50:51.023642Z,124000,26335129,233
UC4xK0Yhlr5dM4fanvtV6fIw,CiccioGameplay89,"Benvenuto sul mio secondo canale.
qui troverete gameplay extra che non potevano trovare spazio sul mio canale primario qui su youtube, spero ti troverai bene anche qui.
",2013-06-07T19:52:38Z,268000,88635399,3297
UC52xVh2VZDtLtCNAfyBAyhQ,InfamousInvictis,"Welcome to Bat Country, I am InfamousInvictis, aka
-Creator of the Casual and Community Chaos Series.
-Resident Fearer and Loather of Valve Incorporated.
-Former owner of a 27 Key Fabricator (sold for shamrock shake)
-Friends with atleast 2 furries (not by choice.)
-Full Time TF2uber, part time SCP:SL Enjoyer
...and much more!

I do not have any social media outside of youtube. Anyone on those sites is impersonating me and did not ask permission to post my videos. Feel free to send them with a fury of 1000 reports and send them to Detroit.


",2017-04-30T19:57:32Z,88300,28494275,687
UC-4kpl1DLewe0IB7TYLqXxg,Black1200,Kreativitás mindenekfelett!,2014-03-12T06:18:36Z,278000,155838978,1106
UC88RTCMWPZIHyp76raxR3Rw,Neblo09,Minecraft HORROR & TRUCJES!,2018-05-27T08:40:59Z,86200,70924560,1441
UC5mUbNulgrJcaFYj9epYKgw,PAUL2M,"Professional Player

",2011-06-21T08:20:24Z,501000,129374120,1777
UC-HoKKHKeKY4YWKnlEHecow,Mande,CLIPSTERGG 063218,2026-06-15T22:33:49.551386Z,4,15517,14
UC9QYtxgdNOO94EiM6DifpMg,AVDtheGoat,"My Names AVD and I’m a variety streamer who plays legit everything!!!I hope you enjoy me and the streams and if you don’t i’ll be very sad!!!I play basically all Battle Royals and i love story games!!!

CONTACT: avdthegoat@gmail.com",2015-08-17T01:25:04Z,9080,4344489,4467
UC3mi6XiDzccRwQqMoF5Cf2A,Mr Peeky Gaming,"Mr Peeky (Champion Gamer)
Send Things if you'd like to:
Mr Peeky,
Craven Arms,
Appletreewick,
Nr Skipton,
North Yorks
BD23 6DA
United Kingdom

www.mrpeeky.co.uk",2025-07-24T22:52:58.735906Z,59800,22989601,711
UC9UeduMNtsFEKa2lXlVbV-w,KaySkay,"I be gamin.

For Business Inquiries: KaySkayYT@gmail.com

Facebook: KaySkay 
Instagram: kaiden.skates",2025-03-04T02:15:27.668037Z,22300,204966114,1224
UC28ZUwhhbEdKDRDTz-K01mQ,prodimmacs2,"Dima_ wallhacks clips 
fan page 


",2026-01-21T08:09:52.640822Z,17,212100,47
UC00c_HMwews3UArujN-Lf6Q,NartOutHere,"Pro CS2 tips, nades, updates, and tactical breakdowns to stay ahead of the meta.
I analyze pro matches to show what actually works in high-level play and turn it into clear, practical insights you can apply in real games.

▶️ NadesOutHere (utility only channel): https://www.youtube.com/c/NadesOutHere
📩 Business: nartouthere@gmail.com

",2019-06-27T17:13:22Z,145000,88234993,2076
UC7wfSA8Q-qC6ef3WLjVM-nw,GandaCu,"Lets show some love to unknown games

SUBSCRIBE",2023-03-16T10:21:10.350234Z,1500,2354082,4545
UC6Mf30bTZj2cXH9wmlcOCkw,きょうき,,2022-12-04T10:29:32.970594Z,6370,5880658,320
UC1eoVGI0W25fqRLMygDwwEA,valx,,2020-11-09T03:37:02.875254Z,144,238311,69
UC4HtKAmW8X9NnSLknq9x1yw,Jiggy,#1 Rocket League Player,2023-12-30T01:15:18.616086Z,4390,3917026,580
UC7Gb7Uawe20QyFibhLl1lzA,Luca Kaneshiro【NIJISANJI EN】,"NIJISANJI EN's first male wave #Luxiem
Make sure to check out my channels and streams. OR ELSE.

■ For more information, visit:
 ・ NIJISANJI Official YouTube (EN): https://www.youtube.com/channel/UC-JSeFfovhNsEhftt1WHMvg 
 ・ NIJISANJI Official Twitch: https://www.twitch.tv/nijisanji_en
 ・ NIJISANJI Official Twitter (English account): https://twitter.com/NIJISANJI_World
 ・ ANYCOLOR Official Website: https://www.anycolor.co.jp/
 ・ NIJISANJI Official Reddit: https://www.reddit.com/r/Nijisanji/
 ・ NIJISANJI Official Instagram: https://instagram.com/nijisanji_en
 ・ NIJISANJI Official Tiktok: https://www.tiktok.com/@nijisanji_en?lang=en
 ・ NIJISANJI Official Facebook (English account): https://www.facebook.com/nijisanji.official/
 ・ NIJISANJI Official YouTube (JP): https://www.youtube.com/channel/UCX7YkU9nEeaoZbkVLVajcMg
 ・ For Business and PR Inquiries: https://www.anycolor.co.jp/en/contact
",2021-11-30T23:14:41.881427Z,1040000,134699864,923
UC6HpZ3Rs-H8VNJOXyxT7SZA,RUBIX,"Abonniert mich ... bitte 💚
Creator Code: Rubix #ad 

Twitch: RUBIX
TikTok: Rubixfnr
Instagram: Rubixfnr
Twitter: Rubixfnr

Geschäftliche Anfragen gerne über meine Business E-Mail: rubix@futurelegends.gg

Impressum:
MYI AG
Lieferadresse:
MYI AG
Einschlagweg 37b
3400 Burgdorf

Rechnungsadresse:
MYI AG
Elfenaustrasse 29
3074 Muri b. Bern

Gegründet : 10.06.2016 ""17:22 Uhr""",2016-06-10T15:03:51Z,551000,212820932,1090
UC3yHtryql8S7y2jukpFsZSg,Tomato - Fortnite,"Fortnite funny clips, skits, gameplay, Fortnite vs. Real Life, Fortnite commentaries, and much more!

Hope you enjoy your stay at the channel! Subscribe for more :)
-Tomato

CREATOR CODE: TOMATO #EpicPartner
My Twitter: https://twitter.com/TomatoFortnite_



",2018-05-08T22:41:47Z,3140000,1412818610,1772
UC11oTbX26gLAK2lAxfwj2OA,Hoàng ACC,"Anh Đen Xì Xì Là Bất Diệt 💀 Tôi Yêu Việt Nam ❤
Công Việc : hoanganhys6868@gmail.com
",2023-06-03T00:20:43.790302Z,2680000,3759404780,4315
UC72dRCB2ecWc-L6CaHXmNJw,detroHD,"creador de contenido sin estabilidad mental
",2024-08-10T06:09:03.791852Z,368000,122261961,276
UC77AGuQeA8xVHYvotsfLbbQ,Dantes LIVE,"Welcome to my OFFICIAL 2nd channel where I'll be posting tons of variety content as well as stream highlights. Enjoy!
",2026-04-14T18:35:12.921344Z,12400,7837485,154
UC6zy2t6yhNyy879DjjWp3ug,MrAchsas,Just making league shorts for fun so no hate pls :),2011-08-28T11:17:27Z,361,1622846,892
UC1Na3TMtGmicDJyrFl1uncw,Zory,"¡Que onda!, soy ZoryMax un Youtuber Gatuno que se le pasa haciendo las mayores estupideces, en mi canal encontraras videos a lo chistoson osea ¡full risas! 😹

Aquí podrás ver animaciones de Minecraft ambientado en personajes propios donde se la pasan haciendo cosas divertidas, aunque siempre me caigo de la nada.. 😿

Te recomiendo SUSCRIBIRTE y ACTIVAR la campanita, así no te pierdes los videos y las galletas. 😸
",2025-06-11T21:02:07.351349Z,278000,121249623,80
UC1Dbf7nAlqeZKKSEsidcq7g,LumoMC,🟪Codzienna dawka minecraftowego contentu ,2020-02-02T16:04:50.971463Z,2750,2309279,62
UC5lu9RBEnMf-8GRBFfQJWVw,dima_fanpage,Twitch: dima_wallhacks,2024-03-16T07:12:06.700361Z,1180,16238847,121
UCBFFs28vsi5vnEAs_85N4RA,Diael,"Design, lore e opinião sobre personagens de games, séries e animações. Também sou parceiro oficial da Riot Games e dublador, só não tenho DRT (ainda!).
",2023-05-09T14:31:54.078355Z,88000,55021273,679
UCHewDdgC_tNsRc7ymqoFVeg,Deckht,"brochacho y arnt u subbed yet

69  - 4/20/26
100 - 4/20/26
200- 6/7/26
300- 6/13/26

https://streamelements.com/deckht/tip
",2024-09-27T01:31:22.049236Z,381,189156,53
UCA1d3HFGFUmkKr2JIUA5Vlw,VALORANT Champions Tour,"THE source for all things VALORANT Champions Tour, all the time. #valorantchampions #vct 

Watch VALORANT Esports at http://www.valorantesports.com
",2020-02-22T01:03:53.572404Z,1290000,396444551,3888
UCIfsJcLaMpjdGBNcBXYK9rQ,Amur,"My name is Amur and I love opening cases in CS2

My goal: Open a knife from any container

I have both leather parents and unlimited food, so I'm always fed, they always play with me and in general I have a very happy life.

If you want, you can support me with a case. The link to my steam is below after the description 
",2023-11-14T05:18:23.766365Z,4140,3896032,1500
UC9mpbcyY7E4jQIBNNPUYO2Q,ClassicMan D,"Welcome to the ClassicCrew

 I create content surrounding all things geek culture,cartoons, tv shows, movies, comics, marvel. DC and anime. I base my content off bringing content that can inform and entertain while you watch. I hope you come to my channel and end up laughing while walking away with a new perspective.",2014-11-27T03:22:47Z,1260000,3151122042,4142
UCDTPr41rTygOH5coR9eM_Ig,CSTrend,"⏬ВСЕ ССЫЛКИ ТУТ⏬


@cstrendoff - по рекламе сюда


@mitsub1si
",2020-12-25T19:07:47.865236Z,389000,577183554,2558
UCCGr2T_MAiCUeDAfpbtwQkA,El Jostiv,Stream y creador de contenido.,2019-12-10T03:19:08.449653Z,10700,12585460,297
UCIBcR0GsS3lEC1ythGB06QA,Crackly,"That One Bro. 🎯

Use creator code ""Crackly"" in the item shop #EpicPartner  💛 

Contact Me - crackly@xenggs.com 

Creator For Xen
",2013-10-20T00:50:00Z,300000,302144053,1295
UCDvm7YoLE5r3ZZ6MWyD2vGQ,NICKMERCS,"Nick ‘Nickmercs’ Kolcheff is a gaming streamer & content creator with tens of millions of followers across all his platforms.

Known as one of the world’s biggest controller gamers, Nick has competed professionally in numerous gaming titles, becoming an MLG National Champion at an early age. He’s gone on to win thousands of online tournaments, hold multiple world records, & earn close to a million in prize winnings.

Throughout his career, Nick has partnered up with NFL, UFC & major organizations to build unprecedented bridges between gaming & other mainstream entertainment.

Nick’s MFAM community is one of the most well-known in the gaming scene. He’s regularly hosted tens of thousands of his fans at numerous annual events across the country.

Nick streams live on Twitch & YouTube, along with daily uploads to both YT channels! Follow @Nickmercs on all platforms to stay connected & never miss content!

Take care of yourself
Take care of each other
Get better together
Peace & Love!
",2011-12-05T02:42:02Z,4100000,941518825,2993
UCDq_zu9EUNuF5Rn8Zye8RNQ,Krutobok,"League of Legends Enthusiast & Content Creator.

Exploring the best of the Rift through high-skill matchups, Arena brawls, and ARAM highlights. Delivering daily LoL Shorts for the global gaming community.
",2013-03-09T23:29:08Z,2510,11951821,2425
UCHugk6U_Ty9nOx2DjD_P3WQ,Clementdav,"#1 Speedrunner Minecraft Indonesia.

Hello guys! Aku Clementdav (dibaca: Klè-mên-dav), bukan clement dev, bukan clement day, bukan clemendav.

Instagram: https://instagram.com/clementdavv
TikTok: https://www.tiktok.com/@clementdavtok
Discord: https://discord.gg/UHFEDAW
Wiki Clementdav: https://minecraftid.fandom.com/id/wiki/Clementdav
Donate: https://sociabuzz.com/clementdav/donate
Business Email: clementdavbiz@gmail.com
",2014-11-03T14:05:31Z,6660000,2234447327,1357
UCIGdEoFOsZsjoqpMl0vhvHA,Adilswrld,"I stream on Twitch DAILY at 5PM EST

Business Inquiries: adilswlrdd@gmail.com
",2022-11-28T00:28:45.749184Z,24500,37979219,887
UCFe5JHJqZ02_cbN3VtWbppQ,Rafa Plus,Współpraca: biznes.rafa@gmail.com,2017-07-06T13:32:52Z,418000,24423991,651
UCGTPNs0ZEt9HHXlBW9FZAgg,Jabuti,"Olá bem-vindo ao canal!

Email de contato: jabuti@stormmedia.gg

0jguRDyb
",2009-12-18T11:43:50Z,1370000,158784013,4509
UCIXKVF_6oj8cth7c8sJRxXg,GameCrashed,,2018-03-20T16:26:21Z,56,139879,228
UCBLnF36YuCXtDOBaBvtfFgg,COLT CS2,"Herkese selamlar ben Colt CS2 bu benim ikinci kanalım bu kanalda kasa açılımları,trade uplar,envanter dizme gibi içerikler olacak.
📧 İşbirliği : colluthusyt@gmail.com
",2026-04-27T14:24:34.251026Z,447,22481,17
UCAIK8boWlL8evswDj3GOq3g,Davryu / だぶりゅーch,"主にApex Legendsの動画を投稿しています。
たまにマイクラなど、別ゲーの動画も投稿します。
よければチャンネル登録お願いします！

X→https://x.com/Reo26589997?
t=PSteFADtLsKHo3IPIlFOwg&s=09",2018-10-20T05:01:46Z,672,5876790,680
UCAHQGIKolfBfoeXXMY79SBA,白那しずく,"Neo-Porte所属 5期生 白那しずくです。
みんないつもありがとう！！


URL

▼X
　https://twitter.com/shizuku_shirona

タグ

▼総合タグ #白那しずく

▼配信タグ #生しずく

▼FAタグ #しずくれよん

▼ファンマーク　💪🍎

▼5期生タグ　#しのずくも

-----------------------------------
▼Neo-Porte公式Twitter
　https://twitter.com/NeoPorte_info

▼Neo-Porte公式HP
　https://neo-porte.jp/

▼お問い合わせ
　info@neo-porte.jp
-----------------------------------
",2023-11-02T12:17:49.959206Z,144000,26930733,690
UCHnGh6ClNwEy4aK-bnufo1w,Addi LIVE,"✨Addi, vergiss den Namen nie!✨
Willkommen auf meinem Kanal, neben den neuesten Fortnite Infos und Leaks, gibt es regelmäßige Update- und Community-Streams zu den wichtigsten Themen. Auch Kurzvideos (Shorts) sorgen dafür, dass du nichts verpasst!

Es sind Fortnite Battle Royale familienfreundliche Inhalte für Kinder! Fortnite Kapitel 6 Videos mit Live-Events, Gameplay, Leaks, Neuigkeiten, Infos, Trailer, lustige Momente, Battle Pass, Countdown, Map, Veröffentlichungsdatum, V-Bucks – einfach alles rund um Fortnite!

▬▬▬▬▬▬▬▬▬▬▬▬▬▬▬
Dir gefällt mein Kanal? 
↪ Abonniere & aktiviere die Glocke🔔, um ein Teil der Community zu sein!❤️
↪ Trage meinen Support-a-Creator Code ""Addi"" in den Fortnite Shop ein, um mich bei deinem Kauf kostenfrei zu unterstützen!🔮 #EpicPartner
↪ Folge mir auf all meinen anderen Socials: https://addi.yt/ ‼️

▬▬▬▬▬▬▬▬▬▬▬▬▬▬▬
📧 Impressum:
Adrian Mohnhaupt (Addi LIVE)
c/o a-Quadrat
Meterstraße 2
70839 Gerlingen

E-Mail: info@adrianmohnhaupt.de
Website: https://addi.yt/
",2016-03-09T19:37:03Z,698000,409940085,2360
UCBYaYq0II3qo8-9N8a-Bdfg,りーえふぴーえす。,"たまに叫ぶ、歌とゲームが好きな人。
",2022-08-15T08:37:54.300862Z,101000,259705389,1765
UCCWyZ61lxV_n13mYP-iA4Cg,TONN616,"Marvel, DC, Yu-Gi-Oh!, Pokémon e vários outros assuntos nerds são os temas do canal TONN616. O canal focado em vídeos curtos com a maior quantidade de views falando sobre Quadrinhos com mais de 400 Milhões de views.",2014-10-05T12:59:21Z,838000,826311264,6432
UCBWBB27oP6M5MroKUJQPDgw,Suetam,"Canal de Games voltado ao Fortnite! Usem o Código SUETAM na loja de itens!
#EpicPartner 

LOJA DO CANAL - https://www.shopsuetam.com
MINHAS REDES SOCIAIS SIGAM LÁ - https://bio.site/suetam

MEU MAPA DE X1: 2437-9857-3062
MAPA LATE GAME: 6071-0800-4490

SEJA MEMBRO! - https://www.youtube.com/suetam/join
INSCREVA-SE NO CANAL DE CORTES SUETAM - https://www.youtube.com/@cortesdosuet...

Contato: contato.suetam@gmail.com
",2015-05-28T22:32:36Z,688000,94573755,656
UCDhxNmcXycyzgurPmu-UwCg,이남이,"비즈니스 : ad@lolq.co.kr
개인문의/제보 : e5444578@gmail.com

fps좋아합니다
",2025-03-23T10:15:55.347714Z,30600,85044094,861
UCED8i3yN0uxVk0GxOxR4bTA,DoNotDisturb24,"Welcome to my channel DoNotDisturb24! I am an avid gamer with almost a decade experience of gaming. I am here showcasing new and popular games. Whether you are a seasoned player or new to the gaming world, you'll find exciting content and the latest releases here. Hit that subscribe button , grab your controller and let's jump into the action and adventure together!",2023-03-29T16:23:59.318925Z,3240,2374603,1814
UCBVw8AnAy8ifXpysv2fiVYQ,ヘイデンGame,"FPS大好きゆっくり実況チャンネルです。
割と何でもやります。
",2021-04-25T02:37:48.875947Z,10600,5892587,512
UCGpDy0env5GGdxBINPXkIdA,qamb,I make videos about minecraft,2025-04-01T11:05:50.7765Z,427,471406,20
UCEwCSAF-j_Vr3EYpb_nZXRg,Ten'z live,"Welcome to my channel Mr.Singh!
",2012-06-27T01:21:56Z,10500,2589701,187
UCDo6K6q-444XkhIIxP3RW-g,UBetter Apex,"Hi there, If you like this channel, the best reward for me is to share your opinion by leaving a comment. I will attach popular comments in the description area for other commenters to read.
",2022-10-28T11:11:48.764598Z,8060,4226392,1267
UCHazKLThRbMyMFu2bVAKhng,ウォーターチャレンジ,"ウォーターチャレンジは色々な企画をチャレンジしまくります
【ツイッター】https://x.com/yuguro1
【連絡先】water@hifumi-ent.com



",2014-03-13T06:55:17Z,3210000,3417223565,2283
UCDH4iOwF3Fl6ll88UnCnBHg,MrPerfectRob,,2021-10-14T03:50:11.348312Z,116,232754,161
UCGsiYLUcAaLt59KF4-QXiVQ,Also Vanexx,"vanexxshop.com

business ventures - ofcvanexxbusiness@gmail.com

",2023-11-12T04:53:36.043268Z,23400,32836244,805
UCGF5H53_h3Y6IGpANbDEh6w,JumperWho,"just here to make someone smile
",2022-07-25T16:07:10.085669Z,576000,28734638,42
UCBaYSqnXbF0AxYOzCuunnZA,Kare Kafa,"Selam Kare Kafa kanalında herkes için hazırlanmış, Minecraft oyun videoları ve Türkçe Minecraft videoları izleyeceksiniz. Kare Kafa ile birlikte Eğlenceli Minecraft Videoları ile beraber olacağız. Minecraft zengin ve fakir, zengin vs fakir, Minecraft vs, Kerem komiser, Tepegöz, Bebek tepegöz göreceksiniz.

Abone ol ve ailemize katıl.

İş görüşmeleri için : tugrulkaan299@gmail.com
#zenginfakir #Minecraft #oyun
",2018-05-16T10:24:50Z,1550000,487670198,1165
UCEuOLYqiHuOPB6IYCykj2VQ,NesKy,"SE INSCREVE AI, NÃO CUSTA NADA POW

Eae guys, aqui quem fala é o NesKy, sejam bem-vindo ao meu canal de Valorant!💜
As vezes jogo algumas coisas diferentes mas quase sempre será valorant!!

Aqui no canal você vai encontrar vídeos com os melhores momentos das streams que eu faço na https://www.twitch.tv/neskyzz

Sempre quero ter uma história boa pra contar, chega mais que tem conteúdo de sobra aí, espero que gostem.💜

Vivendo um sonho💜
Fico feliz que tenha vindo aqui

Todas as minhas redes sociais
👇🏼",2021-12-16T16:28:41.40313Z,2200,3909939,1218
UCAXUExVh4rPM4UAO7_4tSMg,HEROKAYAR,"🎮أقدم محتوى بسيط وخفيف عن الألعاب بتجربتي الخاصة
 وأحاول قدر الإمكان أكون بعيد عن التصنّع او التعصب .
⭐حياكم الله جميعاً
",2023-05-31T18:44:50.930409Z,3550,1044943,319
UCHqUb_awGVW1_nE_d0w0Ucw,xLaurenLandx,"✨Mostly FPS With A Hint Of Variety✨ | 🎭 Theatre Nerd | Sniper Queen 👑
",2007-02-13T20:43:47Z,182,221351,140
UCCu3tv9XDC11VaIgTdlwwxw,nL Clowzen,"La difference entre eux et moi, c’est que je n’ai pas le choix. #Numero1UnJourOuL’Autre 🏆

S.F.M

Fondateur de la NoLimits ⭐️

Mes Infos 🦋 https://taplink.cc/clowzen
",2022-03-01T23:10:06.086982Z,68900,26998476,763
UCIK63JNuvtRqQHjARrm0QiQ,GettClutch,"Your Daily CS2 Lineups

•Socials:
Discord: https://discord.gg/d8xQQW9wkN
Instagram: https://www.instagram.com/gett.clutch
Twitch: https://www.twitch.tv/gettclutch
TikTok: https://www.tiktok.com/@gettclutch
All Links: https://linktr.ee/gettclutch

My Config: https://github.com/GettClutch/CS2-Config

•Business Inquiries: GettClutch@gmail.com
",2023-08-10T09:26:35.297978Z,3860,11541282,293
UCE-Gc_WVNEnMpfKY_ejwabQ,Samantha Wilson,,2026-06-23T08:44:13.664247Z,0,0,6
UCGY1zhMS-dW1BHnfNfQe5gA,Alvi,"Content Creator im Bereich Gaming.
_

Impressum

MYI AG
Lieferadresse:
MYI AG
Einschlagweg 37b
3400 Burgdorf

Rechnungsadresse:
MYI AG
Elfenaustrasse 29
3074 Muri b. Bern

VAT-ID No: CHE-446.396.561
Commercial Register Number: CH-036.4.067.226-8
daniel.homann@myi.de
",2014-10-19T15:19:00Z,721000,462754042,1868
UCDGLL2uk-oZCG6G5gRVAi6g,Liux,"DISCORD : https://discord.gg/4vT59tGztd
Suscribete :3

",2022-12-26T07:19:31.336685Z,374000,389001675,1033
UCD0CYiRS9ARP9PY1ANgPdhw,LeapingCobra,"gaming out with friends playing different games like rocket league, axton td, marvel rivals, etc. ",2021-07-10T03:25:52.445284Z,254,83706,198
UCAjoGUDYfAwj6eTzfZ19Iqg,CAMSSY,Nothing more than Average League player,2023-11-06T12:51:50.696325Z,150,2364520,953
UCGSO3Nhy1Av92o3Sp0tHDlA,AlanVerse Clips,"CANAL DE CORTES NAO OFICAL DO NOSSO TOP ONE!!

Bem-vindo(a) l! Aqui você encontra os melhores cortes das lives do Alanzoka, reunindo momentos engraçados, sustos, reações e gameplays. Novos Shorts todos os dias!!

Se inscreva se você  gosta de  assistir o alinho todo o tempo!!
",2018-08-01T23:04:55Z,24,59431,12
UCCUxGe-BJ4W8xCRwSFVzUog,Archous,"Use Code Archous
Second Channel - @archousplays

Archousfn@gmail.com",2016-07-04T20:25:49Z,304000,299341874,932
UCDnVo_35vewJG47ZMIMi_kw,Nenn,"Marvel Rivals analysis, discussions, critiques and more in order to push the community and game forward for the better! stay tuned : )",2024-01-16T16:47:05.392947Z,7300,2144718,173
UCCZPnTT5zxqQViT8jEgYh6w,Protegod,Bienvenidos al mejor canal para SOPORTES de habla HISPANA :),2018-03-23T05:31:06Z,28500,27004571,759
UCBKnI4lCzZvBSmar8ldMf8Q,あゆむ【あゆむの秘密基地】,"あゆむの秘密基地

はい、どうもあゆむです。
ゲーム動画メインで投稿しています！！
チャンネル登録、高評価、コメント、
ツイッター、インスタグラム、TikTokのフォロー
ぜひお願いします！！
",2014-08-10T04:43:19Z,6470,19187652,4395
UCBU31wAwwkT92O7mXAD4TWQ,Oblivity,"Oblivity is a peak performance tool for FPS players that determines the perfect, intuitive mouse sensitivity based on your mouse movement data and your preferences.

",2018-11-27T14:06:43Z,43100,26952812,217
UCISWk92AMJLF59sb8bbR67g,ヴァヴァヴァ【VALORANT CLIP】,,2020-07-25T11:57:50.690995Z,21100,261059799,1715
UCLdxtIeLwCTdafdIVzV21IQ,Strelau,"Se você quer aprender mais sobre o jogo ou seu objetivo é subir de rank no rocket league! Seu lugar é aqui.🎁
📝 Dicas, tutoriais e treinos, são alguns dos estilos de vídeo que eu compartilho nesse canal.

🎓Você também pode estar adquirindo um coach comigo entrando no nosso discord: https://discord.gg/j2QY58H  🎓

🎈E se você se sentir confortável, será abraçado ao entrar no nosso clube de membros, que contém diversos benefícios:  https://www.youtube.com/channel/UCLdxtIeLwCTdafdIVzV21IQ/join
",2014-12-25T01:27:24Z,85400,61478200,913
UCKSWT_9SQYIEbGnyD0zR9nA,Bevan Babineaux,Ummm Idk,2016-10-19T20:16:40Z,5,11,19
UCPvGR2Xx5AWST7er53TU6PQ,WujuDragon,"yo

twitch.tv/wujudragon
tiktok.com/@wujudragon
",2016-07-27T17:37:22Z,210,269106,302
UCPQn0ClwALA8JYWF9daA4_Q,PREDATOR ИГРАЕТ,"⏬ВСЕ ССЫЛКИ ТУТ⏬
",2023-03-08T05:52:43.052061Z,3800,2363699,651
UCNLlPjwBhR6pwQfRfl07kUA,RoTrex,"Hey Que Onda 🤙🏻
Contacto: rotrex@digitalboy.gg",2015-10-26T02:20:54Z,1210000,258835304,824
UCLPZfd-CtP6lEO3T8A1xjvQ,제로핑,"한국인이 좋아하는 속도, 제로핑입니다.
모든 문의: zeroping1230@gmail.com
",2025-08-19T06:08:31.521755Z,27400,23470032,394
UCOEZS-44dq2a4TMk3UWVeng,VLR Tiếng Việt,"🎮 Valorant Tiếng Việt là kênh Esports tiếng Việt chuyên phát sóng và cập nhật các giải đấu Valorant quốc tế hàng đầu như VCT EMEA, VCT China, VCT Americas cùng nhiều giải đấu Tier S và Challengers hấp dẫn trên toàn thế giới.

🔥 Tại đây, bạn có thể theo dõi livestream trực tiếp, watchparty, highlights, VODs, recap và các tin tức Valorant Esports mới nhất được tổng hợp và bình luận hoàn toàn bằng tiếng Việt.

🌍 Kênh tập trung mang đến trải nghiệm theo dõi Valorant Esports chuyên nghiệp, sôi động và dễ tiếp cận dành cho cộng đồng người xem Việt Nam yêu thích các khu vực lớn như EMEA, China, Americas cùng những giải đấu quốc tế đỉnh cao.

🔔 Đăng ký kênh Valorant Tiếng Việt và bật chuông thông báo để không bỏ lỡ bất kỳ trận đấu đỉnh cao nào của Valorant Champions Tour.

#valorant #valorantlive #vct #vctemea #vctchina #vctamericas #valorantchampions #mastersvalorant #championstour #watchparty #valorantvn #valorantvietnam #esportsvn #vct2026 #valoranthighlights #valoranttiengviet  #riotgames
",2026-04-17T15:42:36.583348Z,6490,56315,28
UCQfYAuIIXiZLexn4WGioxFA,c0by,"Das ist ein Dino, kein Krokodil.
",2020-09-16T13:38:27.07204Z,38300,26608190,143
UCLrwY-46wPor7pjCaDz2NgA,Coach Kirei,"Only person in World 13x Challenger in a row. 5x Rank 1 and Rank 1&2 at same time.
11 Years of Pro Playing & Coaching experience 
Sharing my educational content to help people climb faster and achieve your goals.

Can find me on twitch 
https://www.twitch.tv/kireilol

Courses on climbing faster on kirei.gg/courses
1 on 1 coaching on kirei.gg/coaching
",2018-11-14T08:57:08Z,65000,20589095,613
UCONED4iouag22Iw0LL-SWAQ,yel,"Meu nome é Gustavo Knittel, mais conhecido como yel.
Sou jogador profissional de Counter-Strike desde 2014 e já passei por equipes como g3x, Luminosity, INTZ, BOOM e MIBR.

Atualmente faço lives na Twitch e produzo vídeos aqui no YouTube, trazendo análises de jogadores, dicas pra você evoluir no CS2 e também minhas opiniões sobre o cenário.

Se inscreve no canal e vem acompanhar essa nova fase comigo!
",2014-07-29T07:39:43Z,15600,2072583,276
UCQOsS5I8mof9H33QH4j49nA,tttcheekyttt,"チーキーです！ 
チャンネル登録、高評価お願いします
【所属】@SBI_eSports

プレゼントや手紙の送り先はこちらになります
〒106-6015 東京都港区六本木1-6-1 泉ガーデンタワー15F 
SBIネオメディアホールディングス株式会社 cheeky（チーキー）宛

(実績)
Apex Legends
Ranked Predator 最終順位
日本1位 7回
PC世界最速プレデター5回
プレデター１桁15回
9連続PCプレデター世界1桁維持
タイマン日本最強決定戦　優勝

Destiny2 Esports 4k、2k公式世界大会優勝


[使用デバイス]
コントローラー: gamesir g7 pro 8k
Gaming PC : AMD Ryzen 9 9950X3D,  GeForce RTX 5090  64GB 4TB SSD
Streaming PC :  Ryzen 9950 X3D, NVIDIA GeForce RTX 5060ti 16GB, 64GB / 2TB SSD / 4TB HDD
モニター : BenQ ZOWIE XL2586K (540Hz) BenQ ZOWIE XL2566K (360Hz)
マイク : SHURE SM7DB
イヤホン : Sennheiser CX300-2
マウス : Lamzu Maya X
マウスパッド : Artisan Zero soft
キーボード :  wooting 60he v2

[Apex設定]
感度: 4  エイム感度3 詳細スコープ設定オフ 
反応曲線 リニア
デッドゾーンなし
ボタン配置 : デフォルト
視野角 : 108

MnK DPI 800 感度1.4 ads 1.0

「無断切り抜き・転載禁止」
🐼配信のルール🐼
質問は概要欄に書いてある内容を読んでからお願いします
誹謗中傷、宣伝、荒らし、連投、リスナー同士の会話、伝書鳩、他の配信者の名前をあげる行為、プライベートの質問NG

※僕の発言は全て冗談です。


",2019-03-18T04:52:56Z,500000,294043190,2985
UCIn54hsb_0nUaSmR-xPbcJQ,Chip Champ ,"Join a Chip Champ guy ( Noob :/ ) and Subscribe the channel for ...

Welcome to the CHIPER'Z FAMILY :)

Here, you will find videos, shorts and livestreams with:

- A chip champ guy ( Noob :/ )
- Designs for cars
- Nice and Bad Goals 
- Inventory Videos
- A lot of Bumps and Demolitions 
- Item Shop Videos
- Heatseeker/Snowday/Dropshot/Hoops
- Training clips

&

-RL PORTUGUESE content creator 
-SCHEDULE:
Short : 2/day (maybe less or more depends on time)
Video :  1/day (item shop) 

MILESTONES subs: 

1k🔥 December 30 / 2024
2k🔥🔥 June 25 / 2025
3k 🔥🔥🔥December 16 / 2025
5k ?
10k ?
20k ? 
50k ?
100k ?
500k ?
1M ? 💀 


I WISH YOU LIKE IT :)
HAVE A GREAT DAY :)

GG
",2022-06-13T13:56:00.801713Z,4550,2910360,3375
UCR4Y097khf-Pe0FDo51ClyQ,Furydamu,No le entendí a evangelion y subo videos.,2023-07-28T00:33:42.862201Z,628,952188,173
UCMXp8-441h5pJbinnqRSf0w,Dre,"Gaming at its Core.
Darkness rises & the Light to meet it!",2022-04-15T01:20:52.239414Z,66600,1523778,1569
UCR6m35Pw1Of4UeVOY9FoOiQ,Patriota,"Um jovem meigo e humilde jogando os games.

Gameplays Gameplays Gameplays...",2011-08-11T08:38:38Z,1620000,579327638,6102
UCNiaRBTrr6WkIuXxxEQWWVA,UnemployedGaming,"We’re trying to get to 250 subs so please subscribe. If we get 250 subs I will stream  for 7 hours straight 
 playing apex legends, siege💀. welcome to unemployed gaming. I post games like apex, siege, I’m also trying to be the number one play station octain player. I also stream every Saturday so stay tuned. ",2021-05-09T17:08:23.911394Z,103,54256,121
UCOri0zqQh1uPwSOE2Pih9KQ,urnotjustin,"ALL BUSINESS INQUIRIES TO  justinblackwellbusiness@yahoo.com

Only the very best with just the right amount of dirty.

I upload weekly videos about my favorite game Valorant! My goal is to make videos about the things I learn about in the game so we can learn together! I also just like to have fun :D

Dedicated to Autumn 1990-2019

678128
",2014-10-19T17:19:40Z,378000,319701850,993
UCN8seERMhi1PKYO_0vgqSwg,LeonesMarvellousItems,"A craftsman who loves games.
I am Making game-related handicrafts in real life.
Apex heirlooms, Valorant knives, CSGO weapons, eg.
Find them on my site.
",2020-01-15T07:24:57.69619Z,856000,477617251,2497
UCPFBljFe7PwyohfF5H1ubNg,Raziel JR,"Un canal dedicado para Leyendas y Pilotos de la salvaje frontera, información y lore... Noticias, actualizaciones y novedades sobre Titanfall y Apex legends en un solo canal",2013-02-12T05:38:16Z,143000,61070660,4092
UCK8MjJDppR8C-LWhwFjXbkw,RaGe,"Belgium Player that loves to play video games.
Contact Pro: contact.ragevl@gmail.com
---------------
Social Media:
https://www.twitch.tv/ragevl_
https://www.instagram.com/ragevl_official/
https://x.com/RaGe1030
https://www.tiktok.com/@ragevlr
https://www.youtube.com/@ragevod
---------------
Merci à vous de réaliser mon rêve ❤
",2015-07-05T21:40:15Z,102000,33638745,2382
UCJ8CreU7_GclSngjDcN5rfA,Adriantors,"Soy el del ""Te lo cuento!"" 😎

Aquí encontrarás análisis y datos de todo lo que influye en Rocket League dentro y fuera del juego. 👀

Todas mis redes: https://beacons.ai/adriantors
",2014-02-07T18:57:21Z,314000,248332159,412
UCKpKC3M5fkcEvtOr06dmYlA,Yu Q. Wilson 【NIJISANJI EN】,"NIJISANJI EN's ambitious hitman, Yu Q. Wilson from Krisis! Pleased to meet you!!
にじさんじEN所属のユウ Q ウィルソンです！

Twitter:
https://twitter.com/YuQWilson

■ For more information, visit:
 ・ NIJISANJI Official YouTube (EN): https://www.youtube.com/channel/UC-JSeFfovhNsEhftt1WHMvg ・ NIJISANJI Official Twitch:
 https://www.twitch.tv/nijisanji_en
 ・ NIJISANJI Official Twitter (English account): https://twitter.com/NIJISANJI_World
 ・ANYCOLOR Official Website: https://www.anycolor.co.jp/
 ・ NIJISANJI Official Reddit:
 https://www.reddit.com/r/Nijisanji/
 ・ NIJISANJI Official Instagram:
 https://instagram.com/nijisanji_en
 ・ NIJISANJI Official Tiktok: https://www.tiktok.com/@nijisanji_en?lang=en
 ・ NIJISANJI Official Facebook (English account): https://www.facebook.com/nijisanji.official/
 ・ NIJISANJI Official YouTube (JP): https://www.youtube.com/channel/UCX7YkU9nEeaoZbkVLVajcMg
 ・ For Business and PR Inquiries: https://www.anycolor.co.jp/en/contact
",2023-06-08T03:37:33.353827Z,237000,19815846,633
UCPt4FISO_oZ7ALfDUjEmOwg,Shotsoma,🍼🍼💦,2023-01-31T14:03:21.093189Z,122000,80022544,1538
UCKB1_j8RLTcwreCqAOqX8Ug,RossTheeSquirrel,"I play Apex Legends on PS5. I create straight-to-the-point videos. Hope you enjoy the content!

1K Subscribers - 10/12/2021
5K Subscribers - 3/3/2022
10K Subscribers - 5/12/2022
25K Subscribers - 1/5/2023
50K Subscribers - 6/25/2023
75K Subscribers - 9/28/2023
100K Subscribers - 2/8/2024

🎥 | TikTok - https://www.tiktok.com/@rosstheesquirrel
🐤 | Twitter - https://twitter.com/squirrel_ross
💬 | Discord - https://discord.gg/rosstheesquirrel
📧 | E-mail - rosstheesquirrel@vrootsmanagement.com
",2021-02-28T15:56:17.551628Z,154000,198814381,1576
UCQlrcMSYXUATZA0xKwKWRwA,NugnugTV,"I talk about games and stream them too
videos almost daily
streams semi daily 
Lattice TOP UP In Marvel RIvals: https://www.topuplive.com/marvel-rivals?channId=yt_nugnug
12% Discount code：nug
",2025-01-30T06:10:04.168883Z,23100,3613599,758
UCK9l6rTwU3hiSZijIMq51Gw,Vezalius Bandage 【NIJISANJI EN】,"Medic hero from Krisis, Vezalius Bandage! 🧻
A hero fighting against the ""Secret Society"" to protect the peaceful days of civilians and heal the world.

✦✧✦

【Socials】
✦ https://twitter.com/VezaliusBandage

【Hashtags】
✦ General: #VezaliusBandage
✧ Live: #ZALisLIVE
✦ SFW Art: #zalillust - NSFW: #VezalustBondage
✧ Assets: #Vezsets - Thumbnails: #Vezuals
✦ Clips: #MedClips

【Official にじさんじ NIJISANJI EN】
✦ NIJISANJI Official Twitter (English account): https://twitter.com/NIJISANJI_World 
✧ NIJISANJI Official website: https://www.nijisanji.jp/en 
✦ NIJISANJI Official Reddit: https://www.reddit.com/r/Nijisanji/ 
✧ NIJISANJI Official store: https://nijisanji-store.com
",2023-06-08T03:19:53.658669Z,231000,23005068,849
UCJ08K-QD5Ks5dLMGZMV6T-Q,SgtFrost,"Voice Actor, Streamer, I look like Miles Morales IRL. Streaming Every Weekday at 8pm CST",2013-08-24T18:35:58Z,12900,11362913,272
UCREUjJW7hdqQRpEmCBwk8NQ,P1TWON1,"Привет! Меня зовут Андрей, 24 года. Никнейм как ты понял P1TWON1 - ПИТВОНИ, не питон и не питвон! Подписывайся я тебя не раз удивлю.
Ачивки канала:
100 подписчиков - 22 февраля 2025г
500 подписчиков - 18 апреля 2025г
1000 подписчиков - 12 сентября 2025г
",2015-08-26T01:20:10Z,1750,559257,341
UCQ8UAlMVn1TNMgIeUdp9XqQ,TimingCyberClub,"Timing Cyber Club - премиальный компьютерный клуб и киберспортивная арена в Астане. 
Мощные игровые ПК, турниры по CS2, Valorant и Dota 2, стриминг комнаты и VIP игровые зоны.

Если ты любишь гейминг, киберспорт и атмосферу топовых игровых клубов - подписывайся.

📍 Астана ул. Сатпаева 10 

По вопросам сотрудничества: timofeykzzz@gmail.com
",2026-03-11T16:48:19.194514Z,36700,40182188,33
UCNqc3cNxVwdYxAbk_fI86nA,ResplendenceFPS,"Hey guys, Got a PC at the end of February 2019, FPS mostly, but a lot of community projects

https://www.reddit.com/u/Resplendent_Azrael?utm_medium=android_app&utm_source=share

www.twitch.tv/resplendenceow

",2016-07-25T13:39:54Z,55,23608,198
UCRJBLIR5E1bfDmq3kAzRpeg,Mogswamp,"King of Minecraft Superflat
",2012-02-07T00:39:59Z,3090000,1097017883,697
UCMZGkzKRiAbCWKZ8pSKE7Dg,N3MONA10,🔥WE WILL MAKE IT🔥,2020-08-25T21:00:15.82692Z,14300,5354233,1056
UCLDozS2TJo_qr8XXkZCscWg,FortniteDad ,"Welcome to FortniteDad – where Fortnite meets fun! 🎮 I’m a full-time streamer and proud dad who loves keeping the vibes positive, making people laugh, and creating unforgettable moments in every match. Whether it’s crazy challenges, funny gameplay, or brainrot energy, this channel is all about good times and good vibes. Come hang out, laugh along, and let’s build a community together! 💯🔥",2021-01-02T21:31:11.843883Z,136000,26451756,1490
UCKPcfoKBK8ue8_2HHsqgiuA,gl1tcheddd,"Controller Player on Apex
Check out my other platforms for more content! 👍
",2019-11-07T00:45:08.244904Z,3,3716,7
UCQcy4sBF61vcPXLiFnRTf_g,Maggus,"Willkommen auf meinem YouTube Kanal!  Hier findest du Minecraft Shorts/Videos und Clips aus den Streams.
Schau gerne mal rein und lass ein Abo da wenn es dir gefällt :) 

Content Creator auf Youtube und TikTok!
E-Mail für geschäftliche Anfragen/for business inquiries: maggus@lunyone.de

Impressum:

Angaben gemäß § 5 TMG:

Maggus
c/o
LunyOne GmbH
Felix-Wankel-Str. 20
40764 Langenfeld
Deutschland

Kontakt (nicht für geschäftliche Anfragen/not for business inquiries): E-Mail: info@lunyone.de
Tel.: +49 221 71593450
Geschäftsführer: Lukas Ortner, Niclas Seebode

Umsatzsteuer-Identifikationsnummer gemäß § 27 a Umsatzsteuergesetz: DE344273796
Handelsregister: Amtsgericht Düsseldorf
Firmensitz: Langenfeld
Registergericht: Amtsgericht Düsseldorf
Registernummer: HRB 99741


",2015-04-14T12:19:48Z,275000,157221335,966
UCJW4l-P0ExPXcwG80VlsYdw,Wenarixx,"Just with Yoru.
📩 Business: wenarixxcontact@gmail.com


",2022-02-21T14:58:51.988503Z,4780,26614686,662
UCO1RaID33uvGW1EtoMSHygA,Khyomaru,"PLAY MARVEL RIVALS FOR FREE - https://ytiny.net/Jig1MNb7 

For Business: KhyoVT@gmail.com
For Chinese Business: khyo@youdaoads.com
",2022-01-02T14:30:51.927248Z,115000,822437750,2923
UCP2R0c_kNQSDn2WNgqIOqHw,Bartolo_mio23,"hola a todos,soy creador de contenido de roket league y espero que les fuste mi contenido.",2021-09-09T18:07:38.097463Z,214,22553,20
UCRPONVCyW-jVNWEeuJmXJwA,GB_SHADOW,,2021-05-24T19:55:32.546961Z,9,388,5
UCN6gtboJx9dd8m4HlQnmq4Q,Kevin Carter,,2026-06-23T09:13:36.349755Z,0,0,4
UCR5GHolne1MBqPrURBzahvw,DirtLabel,Rock N' Roll all nights. Whiskey for the rock n' roll guys.,2007-09-17T09:24:34Z,76,45804,12
UCK7ZWyuogltgk__tsxb5Bcw,すぬん,"不定期でエペのなんかしら投稿してます。

",2025-09-09T12:42:24.124322Z,2,51389,18
UCPhpkWVUZMRJQFOec_eCeHA,poseidonskiy,,2016-10-30T13:20:13Z,335000,62153015,480
UCK2uwtFPSEHBnWxV4vCrA5w,iReaz - League of Legends,Comment il va celui là ? ,2019-07-18T14:19:39Z,61000,32760317,2479
UCK4y2zJZ1qJvqsOjwOTPlVA,Faith,Freestyler for Pulse & Nytro,2015-07-11T01:05:56Z,76400,35055710,507
UCNMJiOohMtdGClWdc4LScBg,ZetFar,"Le joueur Fortnite avec la manette Scuf et le skin Rubis 🎮

Mon objectif : partager ma bonne humeur en jouant et créant du contenu sur Fortnite 😊

J’ai fait top 1 :
- Au sommet de la Tour Eiffel 
- Au sommet du Burj Khalifa 
- Au Kenya
- À Londres

Je publie 3 vidéos par semaine : 
- Lundi - 17h30
- Mercredi - 13h
- Samedi - 13h

Mais aussi des shorts :
- Mardi - 17h30
- Jeudi - 17h30
- Vendredi - 17h30
- Dimanche - 15h

Et enfin je live 3 fois par semaines ! Bien généralement tous les samedi et dimanche matin de 9h à midi 😊

- 1 abonné ✅ / Juillet 2018
- 10 abonnés ✅ / Août 2018
- 100 abonnés ✅ / Septembre 2018
- 1 000 abonnés ✅/ Novembre 2018 
- 10 000 abonnés ✅ / Mai 2019 
- 100 000 abonnés ✅ / Octobre 2019
- 1 000 000 abonnés ✅ / Mai 2023
- 10 000 000 abonnés ❌

📨 contact@zetfar.fr
",2013-11-24T11:54:11Z,2030000,619145082,2272
UCK3kkfXQVvBPjk2VNcz4wng,Rezears,"Hi mein Name ist Rezears und ich bin Rocket League Pro-Player. Ich spiel viel ranked und halte mich des Öfteren in dem oberen Bereich der Top 100 auf. Ich versuche so viel wie möglich Content für euch hochzuladen, um euch einen kleinen Einblick in meinen Alltag zu ermöglichen. Lasst gern ein Abo da und aktiviert die Glocke um nichts mehr zu verpassen. 

Schaut auch gern mal auf Twitch oder Twitter rein :)


Impressum:
David Wünsch
C/o RAHFT Management GmbH
E-Mail: Rezears@rahft.com
Schwalbenweg 15
15806 Zossen
Deutschland
Geschäftsführung: Susanne Wölk
Amtsgericht Potsdam - HRB 37870 P
USt.-IdNr: DE360693074

",2021-11-26T19:50:24.977636Z,46900,16717303,411
UCOysemLmg1jUvYc7-yGlNuA,Agurin,"My Official ENGLISH ONLY Channel!
ENG | Agurin | Jungle 

► TwitchTV: https://www.twitch.tv/agurin
► Twitter: https://twitter.com/Agurinlol
► Instagram: https://www.instagram.com/agurinlol
► Course:  https://agurin.gg/

Accounts:
Main: https://www.op.gg/summoners/euw/Agurin-EUW
Smurf: https://www.op.gg/summoners/euw/Bgurin-EUW
Smurf 2: https://www.op.gg/summoners/euw/Wufo-xdd

► Business inquiries: agurin@flane.gg
",2022-10-14T15:59:41.990876Z,74900,80334979,1936
UCMFmLRffPn3jcibE79ufbYw,katarsis,"J'ai 24 ans et je suis une streameuse Partenaire Valorant à temps plein, avec humour et passion pour ma communauté ❤️ 
En live tous les jour à 9h 🙆🏻‍♀️

",2017-09-26T12:36:32Z,3370,3980656,477
UCN3MIUlSFkJSkLJnTJHcgaA,Marcus O Ceifeiro,,2021-11-01T17:22:36.647339Z,123000,30260878,798
UCUOONkCdvqJyXU_9cYrANcA,Haze Frosty zHDz,"Welcome to the channel! I'm just a 24 year old man streaming my life☺️On the grind to meet my biggest goals and dreams 💯🙏 I do video game streams, shorts, and videos, casino streams, and more to come💯 All money raised goes back into improving the channel 😁Good Vibes Here 😁💯 Make sure to subscribe to catch us live 💯❤️😁 Detailed Streaming Schedule coming soon 💯",2015-12-27T00:15:16Z,4480,1968534,1747
UCUuDY1vqHMDN6lp_vbaGcHQ,More Lachlan,"Welcome to More Lachlan, my 2nd channel where I post more gaming videos!",2021-03-11T14:21:23.715621Z,1740000,942419137,945
UCSF2vv7HFeQHrv1DinGLBLw,ハセシン / HASESHIN,"チャンネル登録をして最新情報をチェックしてね！

そして私は、Rush GamingとRush CLANのリーダーも務めています！

日本での「eSports」発展に向けて、少しでも力になりたいと思い、2016年7月にRush CLAN e-Sports部門を設立。
現在はRush Gamingとして日々活動しています！ぜひ応援よろしくお願いします！

Rush Gaming / Collab Asia Game Streamers 所属

【お問い合わせは下記のメールアドレスからお願いいたします。】",2011-03-31T03:14:33Z,951000,299594669,2791
UCW3Ms3ZxVaZUniP-HifWCDg,Karry Kraft,"Only Minecraft No Bakwaas!

",2022-07-16T13:30:17.49511Z,1440000,595448239,331
UCYdNzGpnk6hAtU0eV9QOVSA,CKX,"Sempre criando conteudo sobre jogos 🎮

#marvelrivalspartner 
#criadorbandai  


",2020-06-13T13:57:58.78331Z,88200,19904443,2481
UCWMhCH63je_69mfCVfQTrTw,Skycoach League of Legends Community,"League of Legends daily content: tips and tricks, memes, lore deep-dives, news and more",2024-10-10T08:14:21.57921Z,1520,10820132,394
UCVeowp6qXr_4g_JTsAsWvcQ,hv apex,Instagram: hv_apex,2020-06-10T04:13:19.371194Z,130000,32015840,1521
UCV1vSXHoeiHHdvwnZQjo4hA,FrenzyRL,"I am Frenzy 👋

I come up and highly edit my shorts to add comedic effect for you to laugh and enjoy.
I mix them alongside my Rocket League clips (Rank: GC3)

I find an idea and then make the clips in rocket league. I edit using premiere pro and after effects and it takes 1 hour for each video ",2023-09-21T20:15:16.729789Z,58400,72035368,279
UCXBE_QQSZueB8082ml5fslg,TimTheTatman,"SUP. I'm Tim, a full-time streamer on Youtube and welcome to one of the most bizarre communities out there; the #tatmanarmy 

Video games have been a huge part of my life and I hope to share laughs, scares, and awesome experiences with you here on YouTube. I hope you enjoy what you see! Be sure to get connected and say hey!

Twitter | https://twitter.com/timthetatman
Instagram | https://www.instagram.com/timthetatman
Support-A-Creator | ""timthetatman"" #epicpartner 

",2013-01-24T00:11:09Z,5610000,1600745551,3526
UCUSjrIIWx4HnYR0j2BQ4qtg,INSIDE 1337,t.me/underground127,2017-03-30T20:46:49Z,213000,22635864,223
UCW2oq8wEN7sDTd1OoP2HE7g,Tyler Ham,"USE CODE ""TYLERHAM"" IN THE ROCKET LEAGUE AND FORTNITE ITEM SHOP 👀 

SUB FOR THE BEST RL VIDS & SHORTS:
- Drop openings
- Item showcases
- informative videos 

Business email TylerHamplays@gmail.com

YOUTUBE PLAY BUTTON IN 2026?
#100k 2026
",2014-08-09T20:09:12Z,103000,16434114,3237
UCYULU7M17rCJ6PfhEvN_WcQ,Jackson RoyC,"https://www.twitch.tv/jacksonroyc
Daily league shorts!
Sometimes I post long form content :)
https://discord.gg/DvTPtsV9ZY
",2013-06-04T09:05:28Z,452,526473,521
UCY9v2SKcMxBl9BacY_-c7lQ,WildWR,"Стрим каждый день ) 
 
",2021-10-18T09:22:15.541035Z,214,289777,335
UCTl9nbH2a_dymdzl9KFXsUQ,315 Gamer,"Welcome to My Channel We play  abuncha games various titles also do fishing streams and buncha other  make sure to smash the like share and subscribe 
Second  Channel for anything not related to gaming : https://www.youtube.com/@315OUTDOORFISHINGADVENTURES
Memberships r only 99 cents 

MERCH STORES R ALSO LIVE:            https://315s-shop.fourthwall.com/
                                                                  https://315gamer.myspreadshop.com/


",2021-02-06T21:47:45.254173Z,2120,352544,1481
UCSi-jMP9XaKiq19FySHfFwQ,CYRET RIVAL,,2023-06-17T18:08:04.8566Z,3050,933415,304
UCX7oqiA131Mn6EsNStUi1ZA,Tiger Tooth Stiletto,"CS2 Clips & Funny Moments

Daily posts
Subscribe for more 🔥
",2026-04-22T19:09:39.584998Z,32,381193,67
UCTxlf0-0gN2vLCpiyr_NTSw,Beeevids,"Welcome to my channel Beeevids. Subscribe because i make high quality short video in game Minecraft with cool mods and other stuff! My name is Beevids :)

",2024-02-21T20:23:57.540466Z,5460000,5093627992,2440
UCRm3UqpwcxDmoPT9PKn4qPw,TcK10,Contato:  TcK10@prodigy-agency.gg. Live todos os dias tarde e noite. Radiante todos os atos. Maior bíceps do Valorant.,2021-03-16T00:48:38.339383Z,417000,146652482,1753
UCXUqS2qdSNCoH1fZrTSDVSw,jerbear_rl,"2x Top 17 RLCS / 2200+ SSL / Rank A
Business Contact: thejerberry2000@gmail.com
",2026-02-04T21:37:56.043293Z,15400,4785033,60
UCWZ9jzUPcs2FIJ-F8W1Dg6Q,RTX Kuldeep Gamer,"Just Minecraft Player






Quotes 
Does the past matter... right? Or is it just a shadow in our memories?
",2021-10-20T12:26:37.989319Z,2790,531159,144
UCS3CXA4Um4Mh7Qa_KeLyuHw,Bartholemuel,hello :),2016-06-27T11:12:17Z,13,7682,7
UCSKFGxG13q7dWpzpXcOniQg,KyoPlank,"Canal de juegos!
Directo todos los dias! : https://www.facebook.com/Kyoplank/

",2013-09-08T19:13:54Z,102000,42295775,2165
UCUEgvWJ8u5P9XDFuCBNEMfA,TheTarians,"The goofiest goober that occasionally has good takes on video games!

Discord: https://discord.gg/hd6XjzNtSD

Business email: thetarians2@gmail.com
Channel Artist: instagram.com/tii_vee.draws/
",2014-08-22T19:32:50Z,8840,2769703,163
UCWGqXeJaB5s1vNmAmyRJTTA,CAZE GAMING,"COUNTER STRIKE CONTENT 

for business inquiries contact theminelordyt@gmail.com
",2013-11-11T02:08:30Z,272000,474767807,931
UCWXRodnD9g8zE6-i3024nLw,OmarRL,I’m just a platinum nintendo switch rocket league player.,2016-09-05T17:03:37Z,411,94329,53
UCThorxUDBOK0VmZ3tstqSPA,Roli,SUBSCRIBE  ❤️,2018-10-02T13:01:15Z,40700,8793090,721
UCVlhSj1nXYiy4vCQlQWjybw,Extesyy,Just some dude.,2020-11-08T23:28:06.62011Z,391000,78518313,904
UCTqgXuCobq5i_PzreyjlN4w,LoL Rápido,"🎮 Dicas rápidas de League of Legends
📈 Aprenda a subir de elo
⚔️ Guias, combos e macetes do Rift",2026-06-10T13:40:37.718045Z,5,4648,2
UCVu5hCqwpd5TYNHHN6--m6w,三川大魔王(cs go),,2024-03-10T10:40:24.306488Z,14000,47813548,509
UCU-l1ajszDLFd6lWyCs1_GA,League of Legends - France,,2013-07-15T18:05:13Z,235000,105932842,1305
UCY_qQE1SSMciTm6qG4pgkfg,TIE Ru,"主にBattleFieldシリーズやApex Legendsの動画を投稿しております。
Battlefield 4のスナイパーキルランキングにおいて日本一位を達成しました。
Battlefield 5のスナイパーキルランキングにおいて世界一位を達成しました。
Battlefield 6のスナイパーキルランキングにおいて世界一位を達成しました。

SR Montageクラン TIE cinemaを運営しています - http://goo.gl/yNgnR3


配信サイトMildomでゲームのライブ配信をしてます - https://www.mildom.com/10084097

お仕事/タイアップ案件のご連絡はこちらまで (商品紹介/ゲーム・アプリ紹介等)
ru@stear.co.jp

スポンサー企業様のご紹介
・GALLERIA　https://galleria.net/
・ドスパラ　https://www.dospara.co.jp/
・Gamee　https://gamee.games/links/jqq6h4


[Twitter]
https://twitter.com/Poulmt",2011-05-25T17:50:13Z,850000,872962765,3668
UCVAT4WD7EE3zJF5elTa_GuQ,NoeHD,"Si te gusta el Fortnite este es el canal perfecto:)

Recuerda de usar el código noehd en la tienda de Fortnite

Mi Contenido: 

- Video cada semana
- Short cada día
- Directo cada día
",2018-07-25T16:41:25Z,46700,11471442,944
UCUSgh2wkF0ukWrmxkgFzP8w,Blaze CS2,"Subscribe For Funny CS2 Content ❤️
",2026-01-27T07:09:37.74703Z,721,1821313,57
UCTG85qeeUOlEcKKlvq8sg_Q,LEONEUNBOXING,"We are craftsmen focused on handmade game crafts.
Follow to step into a world of cool fan-made crafts.
Order them on our site.
",2020-12-26T06:20:56.878268Z,106000,91522424,1333
UCS0VlyoILyu_mnhfBbSzjKw,Madevil4205,"☠️ Welcome to MADEVIL4205 ☠️

MADEVIL4205☠️ Survival Chaos Gaming DayZ • SplitGate • PvP • Raids • Squad Gameplay • Community • Chaos☠️ DAYZ NIGHTS Tuesday — 8PM EST Thursday — 8PM EST Saturday — 8PM EST🔥 SPLITGATE CHAOS Monday — 8PM EST Wednesday — 8PM EST Sunday

🔥 Content Includes:
• DayZ PvP
• Base Building
• Raids
• Loot Runs
• Community Servers
• Funny & Intense Moments

📲 Follow everywhere:
Twitch, TikTok, Instagram, YouTube, FaceBook, Threads & Discord

@madevil420",2026-05-07T01:44:35.429428Z,11,10869,72
UCXrTJSAHmOvqO1EJVtdd26Q,Gaming Hell,,2022-01-07T16:16:30.751761Z,13,25161,29
UCS8AEoN56HGGpAU_A6CqAww,Huracán Gaming,,2020-12-14T06:02:13.48842Z,2820,732352,138
UCSyLXEoYYbvIXYe_SABPTHQ,Bopomo GZ CS2,"-Canal dedicado al gaming enfocado en ayudaros a mejorar principalmente en la SAGA Counter-Strike y ESCAPE FROM TARKOV. AUNQUE JUEGO Y DISFRUTO MUCHOS TIPOS DE JUEGOS DIFERENTES

-Recordar pasaros por mi canal de Twitch en el que también hago muchos directos

-ACTIVAR LA CAMPANITA PARA NO PERDERTE NINGUN VIDEO!",2014-01-05T20:32:02Z,18600,5396832,2268
UCVCLKSKtbFGW1G4cmIYWRhQ,MartinRGB,"Hago videos y streams de CS :D


",2011-06-11T23:20:44Z,31700,9111758,978
UCTDL2esdT8td1RUtuC07mWQ,MarcyGames,"In elenco AGCOM
Ciao Burloni benvenuti nel mio secondo canale! qui troverete contenuti di ogni tipo! da Minecraft a Roblox e chissà magari qualche partita a qualche altro gioco! 🌹",2019-09-10T12:32:46Z,240000,74212610,2225
UCVSro2lJ_LPnB_t2FWIIVJw,ByBy,"Salut la compagnie c est byby 

découvrez les chaînes liées à la team ci-dessous 
",2010-07-18T06:37:08Z,1870,1117628,1981
UCRWwsnxpZT29Gbwyg39vX-Q,Brooke Dixon,,2026-06-23T06:54:10.082865Z,0,0,6
UCW9kHEzkD_kXmD2IXRkiV4A,AMG_BUTTER,"Butter VODS of GTA, VAL,COD, Story mode/ scary games AND MORE! ",2017-05-05T20:05:08Z,12400,4888966,160
UCWiOVTpGCl3fgvP_UYCG7Vg,ヤカ,,2021-06-21T10:52:24.765417Z,2,3750,10
UCYAbapVNDJljksZxpHkXUag,Leandra,"Welcome To My Playground!

Support more on https://saweria.co/dioonando | https://sociabuzz.com/dioonando/give

DON'T FORGET TO LIKE, SHARE, COMMENT AND SUBSCRIBE! ✨

📧 inq: gededio25@gmail.com",2017-09-26T07:59:29Z,456,144067,492
UCRcNgSsFmzHgNw5IHHFy1mQ,MiniPool14," twitch.tv/minipool14

",2016-02-27T16:08:07Z,44600,32475416,888
UCVMZTjlhaJELt4dXfR3q5uw,Sakhiboiha,"You, yes You, subscribe.

",2025-09-07T09:57:49.915924Z,4980,1959622,94
UCWuKx41wAvbz_NNu1oD6bsQ,Jacob,"Na kanale Jacob znajdziesz odcinki i live z gry fortnite battle royale! Gry z widzami na streamie i trudne wyzwania z YouTuberami w fortnite, a także nowe testy aktualizacji od epic games! Dodatkowo Jacob testuje nowe gry Roblox, Minecraft i CS2
Współprace biznesowe: jacob@creative-minds.pl


",2013-07-31T09:57:02Z,2100000,1041316842,1697
UCY3wjdTak_B-xLoK0RdhtjQ,DraconisX,"Heya, I'm Draco! Hope I can make your day with my silly little attitude :D",2025-06-30T19:13:30.900113Z,589,222650,285
UCVKTENLFbXAEfVGw3XCcnBA,Abelatty Juggler,"Welkome to my channel
Here I will post juggling  video’s and more cool skill stuff.
Also Follow me on Instagram:

https://www.instagram.com/abel_dijkstra/",2013-10-11T05:50:03Z,35,5226,79
UCalf06FUynicGxGwrPmevsA,ふみふぁむ,"基本22時から配信

【公認切り抜きチャンネル】
https://youtube.com/@23fam_Highlights

【Twitter】
@_23fam

【APEX実績】
CS S3最速プレ
      S7.8ソロプレ踏み
      S9ソロプレ維持

PC S7.8ソロプレ踏み

【ボタン設定】
適当

コーチング依頼はこちら@23coaching


#Apex #ApexLegends #エーペックスレジェンズ",2014-06-07T09:48:44Z,47300,19943988,886
UCcvtUamkikliErN0pNIt7Qg,RedTheWolf,"What's up fellow gamers the name is Red! I'm here to both teach with simple bite sized guides as well as give you the news on dumb things that happen in the gaming scene! (While also giving my 2 cents on what's going on with games) Hope you all enjoy the content, and if you're reading this far into my bio...why not follow...we can talk about anime tiddies.",2018-12-31T06:38:49Z,93900,21862392,544
UCeC4La9l-fWUD_FY9nZ8X0Q,AUesportsleague,"Australian Esports League (AEL) founded in 2016 with the vision of providing access to esports at all levels across Australia and elevating competition to the next level! We focus on players and community with our programs & events supporting grass root activities across Australia and the Oceanic region.

AEL is known for having televised professional leagues, building communities at High Schools, Universities and across Australia, and for being the home of Australia's esports communities.

Website & Social Network
https://ael.org.au/
https://www.facebook.com/AUesportsleague/
https://twitter.com/auesportsleague
https://www.instagram.com/auesportsleague/

Discord Servers 
AEL Discord - https://discord.gg/JMRFXRF
AEL University League - https://discord.gg/jHQKRBY",2017-12-05T22:20:02Z,1480,302722,1598
UC_w9GMAUM9S-lH2thEF-ezQ,Official Rocket League Gaming clips,Here is the place for all the rocket league clips,2021-03-10T21:25:55.408834Z,15700,113973,33
UCZY0WUSzhWAvMSF7aKmypkA,Luna Webcore,"Hi! I‘m Luna! I main Luna Snow and make silly content with her :P 

Peaked Top 500 multiple times on Marvel Rivals / Overwatch 

I play both PC and Console! 
",2022-07-26T12:34:46.580384Z,46800,5446426,345
UCd9E7NKwtE3gxzhZOEWsudw,jhallballer,"I post boozles! | LIVE on Twitch, YouTube, TikTok, and Facebook | 150K on TikTok | Code BALLER @EA | Code JHALL @Rogue Energy | Business: jhallballer.inq@gmail.com",2015-09-14T15:02:02Z,20400,10168939,905
UC_089Ak8D-LoIYupVb-XEhw,smyra,"Selam ben Süm, 24 Yaşındayım ve eğlenceli videolar yapmaya çalışıyorum.

Reklam ve iletişim için; smyrailetisim@gmail.com
",2014-02-07T13:00:26Z,4440,1035783,203
UCcziMNOsJ2RoegHivsG71Qg,AirKirby,"mining away I don't know what what to say

For business inquiries, please contact the email provided below.
",2016-11-25T07:50:05Z,107000,13272596,654
UCd3pdXO7k8yUm1K0CZ6-jDQ,Хаарт,"Гайды, новости, стримы по Marvel Rivals.
По вопросам сотрудничества - https://vk.com/lordhaaart
Почта - razdoraa@mail.ru

",2016-03-18T16:51:28Z,36400,7726444,1189
UCd1vcEfEiXpduPVKNzKnpgg,APEX FINIX,"Hello Everyone! This is Amit Here! Welcome To My Channel.

Chasing My Dreams. I Created This Channel For PC Games.
The Posted Videos Are Highlights From My Stream! 
I'm Posted on YouTube & Instagram and I Mainly Play FPS Games.
I Also Played Variety Of Other Games! 
I'll be Uploading a Variety of Ranked Gameplay, Funniest Clips, Tournament Gameplay And Lots More. 
Be Sure To Subscribe So That You Don't Miss Any Of The Videos & Follow My Social Media To Check Out More of My Content!
I Will Post Every Weekly Long And Short Videos.
",2024-10-19T21:07:16.7131Z,8,78397,90
UC_SQQQEt7XYRo9nKhktLhRQ,Ashish Gaming,"Hi, I am  Ashish Gaming Here you are me playing PC games and Mobile Games having some fun. 

I Playing Free Fire, Car Racing Game Mobile,  And Car For Sale Simulator, Gta 5 With You On Ashish Gaming Channel. 

 Indian Gamer With Hindi Commentary.

Please Like Subscribe and Share My Video 
",2023-08-13T04:48:28.933837Z,18500,3796664,997
UCZRH94I89Ps7giJYeK6DlWA,버니버니,"- 비즈니스 문의: biz@onsidecompany.co.kr
- 크리에이터 관련 문의: manager@onsidecompany.co.kr
- 팬 선물: 서울 중구 청계천로 40, 1315호 버니버니 (우: 04521, 주소에 크리에이터 명 포함)
* 우편 도착 확인 여부는 모두 안내드리기 어려운 점 양해 부탁드리며, 확인을 희망하시는 경우 http://pf.kakao.com/_SxlyCn 로 문의 부탁드립니다.
",2017-02-08T12:51:33Z,442000,416741546,2015
UCd8NFPdgSZcQth4fcQZulEQ,Symfuhny,,2014-04-23T02:13:52Z,1010000,93721460,1119
UCdVnOfmhI0sNGdaH5yldztg,LiaqN【りあん】,,2018-10-07T06:07:10Z,1280000,1565579226,3772
UCaeE4Ci4qayB1i5NrlQMyEQ,Paraduze,"Welkom op Rick's Gaming kanaal! Hier vind je elke maandag, woensdag en zaterdag een gaming video.

Paraduze staat onder toezicht van Commissariaat voor de Media.
",2014-07-28T11:37:14Z,551000,278636357,2649
UCej1dLs9weGrEOycysVw6Cw,Ferro Fortnite,"Benvenuti, questo è il mio canale interamente dedicato a Fortnite: gameplay, win, clutch, consigli e tanto altro!
Se ami Fortnite quanto me, iscriviti e unisciti alla community 🔥
",2024-04-11T22:26:28.180737Z,35200,8638898,318
UC_2f_XYSFVda64R3DmiYGeQ,SlydiZz,"Pense à rentrer le code Slyd tous les 14 jours 🤩 ! - Publicité 
Abonnez vous pour ne rien manquer de mes prochaines vidéos ^^
",2016-06-28T20:35:35Z,138000,15659011,565
UCbcEeeL-URJrwgHFKZmQ9HQ,Samuelux3757,Mejorando para ser EL MEJOR 🏆,2014-11-09T13:14:21Z,8990,21845588,2755
UCa71_AZZLin-0kSmboWT-mQ,ちゃんしゅう,,2018-03-29T14:41:52Z,3,1470,12
UCcRYBqsKwBH_2yMKc5QoE0w,The Invasion Show,"Jon here showing some of the best, funniest and sometimes bizarre moments in Marvel Rivals 

I treat the shorts tab as a repost section 

Daily Marvel Rivals content 

Daily polls 

#marvelrivals #marvel #rivals #marvelrivalsgameplay ",2016-07-07T00:28:57Z,37100,360745616,2267
UCZ0lCfM7tWA9AgRTzX5A0RQ,Tenz live,Story Telling,2019-02-25T08:00:48Z,15400,13019772,100
UCe9UtGdf74jWxjejowR4DKQ,JEFZERA XP,"Criador de conteúdo focado em FPS competitivo, principalmente CS2 e Valorant. Produzo lives, highlights e shorts para um público apaixonado por games competitivos e tecnologia

@jefzeraxp",2016-10-04T20:13:36Z,2640,296466,195
UC_B9M5zBIlzj41xX2L4qAsg,MrDapperSam,Follower of Jesus | Turning every game into a must-watch broadcast 🎙️ | Where to watch 👉 http://beacons.ai/mrdappersam | Business inquiries: mrdappersam@dulcedo.com,2020-07-21T20:02:28.444724Z,72300,19051353,1439
UCb8A85srkG5a0QUhB6ikVLg,Teeqzy,"FORTNITE CONTENT CREATOR 

Suivez-moi sur les réseaux sociaux : 
► Twitter : https://twitter.com/TeeqzyK​
► Instagram : http://instagram.com/Teeqzyk​
► Twitch : http://twitch.tv/teeqzy_​
► Contact Pro : contact.teeqzy1@gmail.com
",2018-04-18T19:56:41Z,2010000,397680045,1445
UCcoH3OqxaSB9esiPENamo4A,Vlaalv,"قناة خاصة بنشر محتوى جيمنج ترفيهي و مضحك , مقاطع كوميدية و ممتعة لالعاب كتير و متنوعة خصوصا لعبة league of legends و العاب الرعب زي العاب الbackrooms و lethal company و repo و هتلاقو العاب مميزة تانية زي baldurs gate 3 و sea of thieves و gta v",2025-03-30T13:19:12.529858Z,1500,1020510,673
UCZ3diqZ9QHXODBpdz0O5KkQ,JJ & MIKEY ANIMATION,"Hi everyone. For my biggest fans, here’s my Patreon—you’ll find plenty of exclusive content there for all ages and tastes on Patreon


",2006-10-27T18:04:54Z,2460000,2318888373,743
UCcbHH4hQhWADsI7gxLqLqfw,Bushszn,"Content Creator For Xen

I Don't Miss.

Use creator code ""Bushszn"" in the item shop #EpicPartner  💛 

Contact Me - Bushszn@xenggs.com 
",2023-08-28T23:42:34.267825Z,771000,1384518860,711
UCYqD8LOMHLwZvqaOZ7j_51Q,Charyy,"Fortnite Pro Player | 250.000$+ / 3x Globals

Use Code ''Charyy'' in the Item Shop #ad
",2023-10-22T16:37:37.485484Z,13000,1047807,87
UCfQf04u6dJBWCu8BscE9hNw,Simply Sythe,,2016-01-06T14:00:44Z,22,39,6
UCZBa-Uown80835iILKgAIXw,SpuudaMon,"Ерөнхийдөө бол тоглоомд дуртай хүүхэд дуртай тоглоомоороо edit, stream хийх зорилгоор ажиллуулна.
Facebook: https://www.facebook.com/Spuudamon
Discord: https://discord.gg/URymTMKz 
Ерөнхий тоглох зүйлс: Dota2, Csgo, Iconic RP and some interesting latest games.
[7TV VERIFY]:""27f514b25b5fded4042b400479baf12f32ae586e252f1b51""

",2017-04-21T12:26:31Z,15900,6525401,685
UCckFoY6eQVwnXzGkpR0OLEQ,Loopbreaker,just some league gameplay and banger musics,2026-06-20T18:11:39.383118Z,10,68363,14
UCe_LWdqSEayaa8QIxbg4fXg,LeonidasGames,"¡Bienvenido a la Legión espartana!

¿Cuál es tu profesión?! Au! Au!! Au!!!
",2015-12-27T20:04:07Z,4970,1384495,1487
UCaU3PnI8R0HhIgjk5JI9_qg,CS2 FM,"@Quilpt
twitch.tv/strogo",2024-08-12T16:04:47.381222Z,15000,233942523,2721
UCaqenKRHzsm_o1s0ZBitw0w,DaveNite,"Heyyy! Auf meinem Kanal DaveNite findet ihr lustige Gaming, Lifestyle & Comedy Videos! 
Viel Spaß auf meinem Kanal  🎮 

E-Mail für geschäftliche Anfragen/for business inquiries: davenite@lunyone.de

Impressum (Angaben gemäß § 5 TMG)

LunyOne GmbH
c/o DaveNite
Felix-Wankel-Str. 20
40764 Langenfeld
Deutschland

Kontakt (nicht für geschäftliche Anfragen/not for business inquiries): E-Mail: info@lunyone.de
Tel.: +49 221 71593450
Geschäftsführer: Lukas Ortner, Niclas Seebode

Umsatzsteuer-Identifikationsnummer gemäß § 27 a Umsatzsteuergesetz: DE344273796

Handelsregister: Amtsgericht Düsseldorf
Firmensitz: Langenfeld
Registergericht: Amtsgericht Düsseldorf
Registernummer: HRB 99741
",2018-04-22T16:18:35Z,481000,192109647,2643
UCdjcJimS7qufHEiJr1Bg4Iw,Miaa2,"ola webamigos soy miados y juego al minecra

mis redes:
- tiktok: https://www.tiktok.com/@mia2alv
- instagram: https://www.instagram.com/mia2alv/
- twitter: https://x.com/Mia_A_2
- all links: https://beacons.ai/miaa2

Contacto: Miaa2contacto@gmail.com
",2026-02-05T04:02:48.352453Z,282000,98915553,49
UCdgvVmcqTVSuxI0z0RJ6FmA,WildSantiago,"Hey que tal? Mi nombre es Santiago Zapater y me encanta hacer videos! Si les gusta mi contenido, suscríbanse y denle al like, eso me ayuda muchísimo ❤️

Un ecuatoriano que intenta salir adelante :D
",2010-09-19T01:36:16Z,673000,307137907,6383
UCbJHnUdOaIxiTOB68RB7Nqw,Vadeal,"Fortnite Pro Player for Wave Esports

1v1 Vadeal Map Code: 6342-9923-2508
Twitch: https://www.twitch.tv/vadeal
Twitter: https://twitter.com/VadealFN
TikTok: https://www.tiktok.com/@vadeal_
Instagram: https://www.instagram.com/vadealfn

Impressum: https://wavestudios.gg/policies/legal-notice

Business Inquiries: vadeal@wave-esports.gg
",2020-04-03T12:15:24.47644Z,326000,46096407,753
UCZlXOOS3RIUV7Eg5StSpUig,Nagi Ch. 八雨ナギ,"你好呀 我是 FPS Vtuber 八雨ナギ
叫我八雨 雨姐 也可以叫我Nagi
バ美肉(女皮男魂)
很常在Twitch直播
歡迎來跟我聊天
直播比較少在YT開!

鬼族 無性別 聲線不固定
平常是身高185cm的女性形象
鬼村王族的後裔
目標成為高端遊戲玩家
時常精神不足
喜歡跟別人分享玩遊戲的過程
如果喜歡我的風格
還請不要吝嗇於給我一個寶貴的追隨與訂閱喔!

聯絡信箱(推薦) : tw0909159097@gmail.com
聯絡信箱2 (非常不常用) : hachiamenagi@gmail.com
",2015-03-23T13:05:18Z,5940,137094,188
UC_q5WZtFp36adwqhKpZzxwQ,SypherPK,"Hey everyone! I’m Sypher and I make gaming videos :)

Socials:

- Watch me live at: http://www.twitch.tv/sypherpk 

- Twitter: http://www.twitter.com/sypherpk 

- Instagram: https://www.instagram.com/sypherpk

- Facebook: https://facebook.com/SypherPK

- Discord: https://discord.gg/SypherPK
-----------------------------------------------------------

Want to be part of my YouTube editing team? Apply at www.onistudios.gg/careers. We check every email and application!

",2011-01-23T01:32:56Z,10600000,7166947477,3545
UCbqpZInu-pjnBIy5sbh7Eag,3 Minute League of Legends,This channel is all about quick 3 minute guides about champions and many other aspects of League of Legends!,2022-01-19T13:51:24.179637Z,129000,57148315,819
UCZu_fvy3YJj0_TaSgFHRRqg,StRoGo Everyday,"@everydaymgmt

❗Сайт из ролика: UPGRADER

Канал не принадлежит StRoGo.

Автор канала просто нарезчик.

Все моменты из видео взяты с twitch.tv/strogo
",2024-02-24T09:27:06.603336Z,2020,27826185,645
UCbyNOb7pC5WD1hkRLNzUKjQ,Luminum,"Hello, my name is Luna and I’m a transgender streamer who plays a lot of competitive games and also variety games. I also have a love for beauty, makeup, and fashion.

Business email: luminum2906@gmail.com",2015-12-26T11:49:14Z,106000,38329807,1800
UCcCiTm_WSSDriYHFFzTS8hQ,Sunnzy,"💎 Dashskins é o maior mercado de skins - Cupom SNZ
🎁 CSGOBig é o melhor site para abrir caixas - Cupom SNZ
⚡ Otimize seu PC com o Husso!",2021-03-22T04:09:31.427946Z,7680,6102585,1247
UCcQ8kOXTNnd8JEJ0yXeJn9w,Kenwaltzon,"🎮 Welcome to my Channel Gamer, Streamer, content creator! 
💀 Expect:
• Funny YouTube Shorts & memes
• Clutch plays, rage moments, and fails
• Chill streams & community highlights
🔔 Subscribe for Daily shorts, gaming chaos, and epic reactions.
Catch me Live Daily on Youtube and Also other Platforms Like
Twitch- https://www.twitch.tv/kenwaltzon
Kick- https://kick.com/kenwaltzon
",2017-07-28T06:16:36Z,597,289985,370
UC_l3b2l822SSWaoA7DLXTiQ,VALORANT Challengers Americas,"In 2026, ACE VALORANT Challengers NA has exciting changes including the increase to 16 teams competing and introduction of 3 stages throughout the competitive year. Each stage will include a Group Stage and conclude with Playoffs, where teams can earn points toward a spot in Play-In VCT and LCQ.",2020-10-14T20:23:26.763293Z,55800,6560447,1398
UC_ga0khaftj9BVmHxpghSew,Fortnite Glitches HQ,I post daily videos!,2016-06-25T20:08:51Z,209000,183946418,1341
UCdGP2ucahm6Tp2ENGlQ2zZw,Tactical ,"Just another fella on YouTube  

Uploading Gaming content and streaming on my twitch in my bio, expect Tactical things 

",2023-08-04T21:28:15.107214Z,182,0,2
UCdJUNuYKbmDdwdhDJBkJBNQ,YodaRL,"Pikachu's gone but never forgotten🐇🌠
Car preset/settings/tuto HORSE DASHE👇😎(in discord server)
 
Just a champ with GC competitive mechs guys🔥
Touching balls in Rocket League and editing my clips with Capcut💪


Contact : procontact1709@gmail.com

31k subs on instagram😭85k subs on TikTok🔥1k+ members in Discord server😈
MILESTONES subs: 
-10k🔥January 25 / 2025
-15k🦍 February 8 / 2025
-20k🗿 February 19 / 2025
-25k🥶 February 28 / 2025
-30k👽 March 4 / 2025
-35k😈 March 8 / 2025
-40k💖 March 11 / 2025
-45k💞 March 15 / 2025
-50k🥵 March 18 / 2025
-55k😇 March 24 / 2025
-60k👑 March 29 / 2025
-65k🤑 April 1 / 2025
-70k😎April 5 / 2025
-75k🤝 April 10 / 2025
-80k😱 April 16 / 2025
-90k😇 April 22 / 2025
-100k😇 May 4 / 2025
",2017-09-17T08:10:25Z,195000,372672502,2510
UCYn6CZe5UGIyPe9WJb0pTrg,Top5Gaming,"subscribe 

Top5Gaming or T5G - We post Fortnite Battle Royale videos every Wednesday, Friday, Saturday & Sunday!

SUPPORT US ON FORTNITE: CODE T5G :) #epicpartner 

Email: T5G@Loaded.gg
",2017-05-29T04:38:04Z,6490000,3393645421,2290
UCehvGITccKvRql2mbu7OUQQ,katoo +,"Fortnite Content Creator

Für geschäfliche Anfragen:

katoo@ciberdime.com


Impressum: 
Ciberdime GmbH
vertreten durch den Geschäftsführer Markus Schoof
Tieskamp 4
25693 St. Michaelisdonn
E-Mail: info@ciberdime.com
Tel. +49 4853 9953008
Amtsgericht Pinneberg
HRB 17595 PI
USt.-IdNr. DE311046515
",2021-10-20T13:39:52.678998Z,49500,19333995,488
UClRbP7MH9IBhHe4-rFgKb9g,BradoX,"HIGHLIGTHS DE GAMEPLAY no LEAGUE OF LEGENDS 

Você é a estrela por aqui!


🧐 ↓ REDES SOCIAIS ↓ 🧐

📸 Insta: /bradoxlol
🐤 KWAI: /4PhoeniX
👍  TikTok: /bradoxlol

Amazonアソシエイト・プログラムの参加者として、私は対象となる購入に対して報酬を受け取ります。

",2016-11-18T18:19:13Z,1160,108688,278
UCjCb-0rN6mtzG87rjBQhOIQ,Gamin4Hope,"I want to prove you can do ANYTHING you set your mind to, by showing my journey of playing FPS games at a high level despite my age being the typical ""retirement"" age. 🤷🏻‍♂️

My community comes from many different backgrounds and walks of life, but we align ourselves on one key principle: life is difficult, don't do it alone. 🤝🏻

If this sounds like your cup of tea, make sure to subscribe with notifications on so you don't miss anything. 👊🏻",2018-01-20T20:30:09Z,20200,9951490,2073
UCnC9-6o_LA_NPtvyaeVCHhA,ZEN,"Je suis un créateur de contenu sur Valorant, Riot Partner et Twitch Partner , suivi par 200.000 personnes sur TikTok. Je suis en live tous les jours à 20h sur Twitch ! 


📩 Contact : Zen92icontactpro@gmail.com",2014-10-17T16:04:35Z,10800,4177758,385
UCmL9_a8_8w_Ivmt097c_pqw,ShadysGaming,"Jeg hedder Simon, men går mere under navnene Shady/Shadys. På denne kanal vil der komme roblox, fortnite og en masse andre sjove spil, så hvis det kunne være noget for dig - så subscribe! :D",2022-01-19T23:22:49.513618Z,45600,22234596,814
UCjKipsntez9MlPmCvgyngxg,Cypher Swann,"Cypher Swann

CEO by day, gamer by night. Building a game studio, raising capital, and occasionally losing LP. Streaming competitive games, dev insights, and chaotic fun. Expect real talk, smart plays, and good vibes. 

Join live: https://www.twitch.tv/cypherswann
",2022-02-08T01:19:32.646065Z,3,4202,6
UCjSl1EARQiWZGHEfYzdQMrA,DevilEyesBr,"🔥 Bem-vindo ao covil do DevilEyesBR! 👁️‍🗨️
Aqui, a coragem não é uma opção — é o caminho.
Sou um guerreiro dos games, explorando mundos sombrios, enfrentando inimigos lendários e desafiando os limites com foco total e intensidade.

🎮 Lives com muita ação, estratégia e um toque de caos.
💬 Chat sempre aberto pra quem chega com respeito e atitude.
🕹️ Jogos de FPS, survival, soulslike, RPGs e tudo que coloca a coragem à prova.

“A coragem constrói impérios.” Vem fazer parte dessa legião.
",2024-11-08T17:56:25.457225Z,9,15744,72
UCmgN-AvuEliNzGjUEOaCxjg,ФЭЛК,"❤️‍🔥Привет друг! Ты находишься на канале ФЭЛКА, на котором выходят короткие видео про игру кс2! Внизу есть телеграм канал с розыгрышами и новостями)))

По поводу сотрудничества - @falkmanager (тг)
",2021-01-05T13:31:28.680791Z,3460,31278275,316
UCnhzkAZnYO3tAV37C7no4ow,Alkanhraje,"Nazdar, vítám tě na svém hlavním účtu, kde se věnuji převážně Fortnitu. Nezapomeň nahodit odběr a můžeš se klidně i podívat na můj druhý účet AlkanShorts, kde jsou kratší zábavný momenty nebo sestřihy ze streamu. :) ",2018-04-21T14:05:22Z,507000,407240429,3896
UCkqWSqRGdLL5bpGbQbhgoDg,Damit2k,"-Mình là Quyết, sinh ra và lớn lên ở Hà Nội. Mình là video creator và cũng là 1 streamer mới bắt đầu. 

- Mong các bạn hãy ủng hộ và đóng góp, để mình có thể tạo ra được những video chất lượng và hoàn hảo hơn, cảm ơn các bạn rất nhiều. Hãy like, share và subcribe cho kênh mình nhé !

Contact for works: damitnguyen@gmail.com
Fanpage:  https://www.facebook.com/damitvalorant
Steam: https://steamcommunity.com/id/damitnguyen/
Tiktok: https://www.tiktok.com/@damit2k
Instagram: https://www.instagram.com/damit2k/?hl=vi
",2012-07-28T12:38:30Z,156000,114652167,2093
UCnsF1UXazaKhe-DoMmgkNQg,Jomacs,"Juego Mucho Apex y subo muchos videos

",2014-12-22T19:22:16Z,12200,7395052,1298
UCn2yH7MlPrhA5cZ0y7lOK4A,oojade,"🎮 Welcome to my channel!

I’m on a journey to become a better League of Legends support player — one game, one play, and one clutch save at a time.

Expect:
🔥 League of Legends gameplay
🛡️ Support main moments
😂 Funny fails & crazy plays
📈 Improvement journey
🏆 Ranked adventures

Not a pro. Just grinding, learning, and getting better every game.

Subscribe and join the journey 💙
",2026-06-08T06:28:51.361875Z,4,32578,33
UCjOtzpfj5lF9erwTEQYkxtQ,t3xture 텍스쳐 ,"Kim-Nara / GEN.G  Esports Valorant professional player
발로란트 프로게이머 t3xture 김나라입니다. 잘 부탁드립니당 
",2019-09-26T05:02:44Z,228000,111680724,1920
UCggdHIILKfXpdB_0KI0Nmeg,SirYakari,"hraju minecraft


",2013-09-25T15:14:20Z,1030000,763782177,699
UCiZ2z8F8ilr6SC7lOaxAQ4g,camman18,"SUBSCRIBE! New Video Every Day @ 11am EST

name pronounced: ""cam-man-eighteen""

follow me everywhere but mainly on twitter
twitter - https://twitter.com/camman18_
twitch - https://www.twitch.tv/camman18
discord - https://discord.gg/camman18
past livestream channel - https://www.youtube.com/c/camman18VODS

(mostly) all community page fanart is from the discord (.gg/camman18)
",2021-04-04T01:06:27.774608Z,10900000,18382708091,1888
UCiiqpKCs-yf4T1pKebuHv0A,はしもっち,"にゅ〜ん！(((((((((っ･w･)っ
ゲームやってるだけやけど良ければチャンネル登録よろしくお願いします！
※ここ大事
スペック
Intel(R) Core(TM) i7-2600 CPU @ 3.40GHz→Ryzen 7 5700x
メモリDDR3 32GB→DDR4 16GB
NVIDIA GeForce GTX 1060 3GB→NVIDIA Geforce RTX 5060
",2021-09-20T02:18:34.167946Z,3710,3536791,724
UCjBCYLdTuqbOmBG8dcS96yA,AverageDayJoes,"Welcome to the AverageDayJoes channel, where Chris and Jeff dive into the heart of everyday life! Join us as we explore a wide range of topics, from new and intriguing conspiracy theories, to the complexities of relationships, and immerse yourself into inspiration with us as we reach into the far depths of the spiritual realm and beyond. Our mission is to uplift your soul, spread positivity, and just make you feel good by spreading that good vibration to the world. Whether you’re looking for insightful discussions, heartfelt advice, or a dose of inspiration, Chris and Jeff are here to share real-life stories and thoughtful perspectives. Subscribe now and become part of our journey towards a more positive and enlightened life! Catch us live Monday thru Friday 8:30pm Pacific Time for the AverageDayJoes show. TikTok available upon request!!!",2024-06-08T00:55:51.694438Z,759,2233806,5683
UCkY1fRZb9L-kBGAt2BSYTQA,Albereli,"Contenido sobre Rocket League. ¡Aquí encontrarás consejos, tutoriales y mucho más! SUSCRÍBETE. Contacto: alberelibusiness@gmail.com ",2011-11-02T17:34:24Z,23900,18719891,1712
UCoGmSW-vClZ-SjavVxsv9zg,amid_wallgacks,"*DimaClipsHQ*
Daily Dose of DIMA
Sit back and enjoy the most exciting and funniest clips from Dima!


I am not Dima!
This is just an Fan account!
",2025-07-23T14:32:55.234633Z,3510,36767924,377
UCoXK491GucYxmG-avIo8pnQ,Omega,"Soy Omega! Creador y Partner de Marvel rivals!
Contacto: omegansiobusiness@gmail.com
",2024-11-18T18:19:05.263059Z,5400,6473542,347
UCg8tEQQ7G2f6PjYZ4aJZAdA,나병현,롤 챌린저 정글 스트리머 병현 공식 유튜브,2026-01-28T05:57:13.391795Z,5050,1438744,71
UCoKKe0XN5Zc1lSTi1_utNOw,Jay3,"Jay3 Twitch streamer @ https://www.twitch.tv/jay3

Second YouTube - https://www.youtube.com/c/Jay3Two
More Jay3 YouTube - https://www.youtube.com/@MoreJay3
VLOG/IRL channel - https://www.youtube.com/@ChrisPavloff

IG - https://www.instagram.com/jay3twitch/
Twitter - https://twitter.com/Jay3OW
TikTok - https://www.tiktok.com/@jay3twitch

Discord - https://discord.gg/jay3
",2016-10-06T17:37:40Z,679000,478492099,4097
UCfxktmxp_yhLvImtm3INq6A,AliJohnCB,"Ben ALİCAN bu kanalda yayın kesitlerimi ve oyun videoları paylasıyorum.
Elimden geldiğince sizleri eğlendirmeye çalışıyorum.
 Her  gün 8 de  kick ve YouTube da yayındayım yayınlara bekleniyosun.

sadece oynamayanlar hata yapmaz....
DC-AliJohnCB


",2026-01-14T21:23:04.278224Z,457,1312452,129
UClG8odDC8TS6Zpqk9CGVQiQ,Fortnite,"A free multiplayer game where you compete in Battle Royale, collaborate to create your private island in Creative, or quest in Save the World.",2014-01-17T12:44:00Z,13600000,3406249968,2348
UCnIR-Cipbu7P7uGCm-Sk0hw,Yug Playz,"Hey Guys Yug Here !! So, I opened this channel for all Gaming related content like - gaming, live streaming, gameplay 
How to, Tips And Tricks .......So if you are interested in all this kinds of stuff so may check my Channel and Subs it Too.....
~~~COME AND JOIN OUR GAMING ARMY~~~
Name - Yug Thakkar 
Birthplace - Ahmedabad, Gujarat 


For business enquiries contact by mail - 
collaboratewithyug@gmail.com

thanks🧿",2019-01-05T09:00:43Z,2540000,484182390,488
UCgIriwgZBo34xOp96Xsp4Yw,Thinking Man's Valorant,"A Tips & Tricks Channel for Valorant, an FPS Shooter by Riot Games. We will use the pro's tactics to help us become better players!",2021-12-13T14:15:46.413499Z,129000,73338597,1962
UCmvoPMHe9l0ytr9ONu5-1vw,League of Legends Latinoamerica,,2013-04-01T17:46:03Z,1270000,247823558,1251
UCkNYoWK1LqjFhxYI6BM_kOA,Lethamyr,"Daily professional & custom Rocket League content! 

My uploads usually consist of:
1. High level play with other pro players
2. Analytical videos of Rocket League
3. Funny ideas/pranks
4. Custom maps & game modes

Partnered with Blackshore!
Feel free to email lethamyr@blackshore.com and mention my name for any business inquiries. Thanks!",2009-07-20T20:40:50Z,1490000,624952322,2992
UCga4mBRdCmWC2LJr0Pqe5MA,Hes,Welcome to my channel!!,2015-06-06T09:44:49Z,628,49837,42
UCf_ENZSDQ6xoGOKp0pIcHmw,Vomero,"PENI PARKER ENTHUSIAST - RANK #1 PENI PARKER ON CONSOLE!
--------------------------------------------------------------------------------------------------------------
- ROAD TO 5,000 SUBS!
- FEEL FREE TO ADD ME ON RIVALS ( 02Vomero )
- COMPETITIVE PLAYER + RANKED MAINLY!
--------------------------------------------------------------------------------------------------------------
EST. 01/12/2025!
",2025-01-12T22:24:59.214436Z,4790,19022983,500
UCiK16OtSksO7Mt6iTCGYqWw,Pastaz ID,"selamat datang di channel saya ini,semoga kalian suka dengan isi konten saya yah :) . kebetulan aku suka upload video tentang minecraft tapi aku juga suka main game yang lain loh di live.
",2013-11-26T06:25:02Z,2040000,1059955610,825
UCfS7v_Y1EJQJiMkP1WUjMMg,nefty,buenas tardes,2021-12-04T18:53:41.285189Z,6040,11490335,1480
UChn_9ATQXkQ7BoWCiPkNGuQ,wichtig,"~ wichtig

IMPRESSUM (gemäß § 5 DDG):
newbase GmbH
Lena Nießen
Gürzenichstr. 6–16
50667 Köln

Lieferadresse (Pakete):
Wichtiger
c/o newbase GmbH
Große Sandkaul 2
50667 Köln

E-Mail: kontakt@new-base.de
Fax: (0221) 29289303
Aufsichtsbehörde: Landesanstalt für Medien NRW
",2025-04-26T19:44:36.650663Z,67900,14971067,95
UCkQxEhQUhUMwPfLBHeuKVaQ,Talon,"One Black Variety Dude

PFP by Mossystars23 on Insta",2017-02-17T23:08:23Z,503,514906,536
UCfiGhTqjcjvIwyMdTVFeEVQ,Rxii,,2021-11-26T22:11:14.302057Z,93700,17010168,703
UCh2dK0CUfkXAESJE2KCXSWQ,Challenger Replays LOL,"Welcome to my channel!

I create League of Legends shorts mostly from Master, Grandmaster and Challenger players. Each video is the result of careful selection, original editing, and meaningful transformation and not simple clip reposting. Every short is edited from scratch with custom cuts, zooms, on-screen text, sound effects, and music. I spend significant time shaping each video to add context, clarity, and structure to the original gameplay moment. The purpose of this channel is to present high level mechanics and decision making in a format that is educational, entertaining and clearly transformative.

For contact
challengerreplayslol22@gmail.com
",2025-02-13T10:20:28.117297Z,4780,42981616,711
UCkkfwrYLRmLjSVUeGEhZ7iQ,MiracBt,"Herkese Merhabalar, Ben Miraç Sizlere Minecraft İle İlgili İçerikler Sunmaya Çalışıyorum Umarım Beğenirsiniz ;)

İLETİŞİM & REKLAM-İŞ GÖRÜŞMELERİ İÇİN:
miracbtsp@gmail.com
",2016-06-15T21:22:04Z,671000,404707486,735
UChqkRt5OTFGwbv8bBKqaF8w,Maizen Shorts,"Hi everyone, I make fun animations about our favorite characters, JJ and Mikey from Maizen! 💖

This channel is unofficial and is in no way affiliated with Maizen 
All MAIZEN related videos are produced in accordance with the ""Maizen Sisters Fan Content Guidelines"" below.

→ https://maizen.com/usage-guidelines/

bonjourrmmadame@icloud.com
Mikalai Dubina
",2024-09-27T16:56:50.465316Z,270000,64690022,399
UCnl3vw_GduEID6sq-VuMUKw,Peanut._RL,17 🇦🇺 SSL,2020-08-03T05:48:18.969484Z,76400,78231548,1112
UCgTyDpc6dCD0I33D4diwirw,Rale11,"A disfrutar jugandoo!!💥💥🖲🖲
- Creador de contenidos de Mystic Esports 🎮",2018-01-08T22:56:15Z,95300,105984000,4110
UCnUuppv1aZEgiXgtkxl2xEw,Jon SandMan Vods,"This channel is vods from Jonsandman's Twitch channel. The whole point of this is to archive Jon's vods for years to come. The channel isn't monetized, nor will it ever be. 

Vods will be Live 24hr after the original stream has ended. They will not include chat Unless Jon him self wants to add chat to his stream.
",2012-05-27T13:33:32Z,227,34739,471
UCh7EqOZt7EvO2osuKbIlpGg,Lachlan,"The name's Lachlan, and welcome to my Youtube Channel!

Here I play a bunch of video games including Fortnite (Just kidding its pretty much Fortnite)

❱ Minecraft Account Username: Lachlan
❱ Pokemon Go Username: Lachlan485
❱ Fortnite Account name (PC): PWR Lachy
❱ Reddit Account: Lachlan_
====
My Social Links (Be sure to Follow!):
❱ Twitter |  https://twitter.com/LachlanYT
❱ Instagram | http://instagram.com/Lachlan
❱ TikTok | https://www.tiktok.com/@Lachlan
====",2013-03-19T14:29:20Z,15300000,6064993679,4207
UCk3eCTFmRAlzHc-SYBBe59g,iHots,"🔴My Discord: https://discord.io/iHots 

⚪️My Twitch: https://www.twitch.tv/ihotslive

🔵My Instagram: https://www.instagram.com/jhotnes/

🔴My Twitter: https://twitter.com/j_hotness

⚪️I upload regularly on Valorant. I also Make some military and workout videos! I am a US Air Force Veteran! I served 
nearly 6 years active duty!

🔵Reach out to me on any of socials in my description of all videos for enquires!!! 
",2012-07-24T15:30:35Z,11200,1848771,2214
UCjNzpEd7zlpSlf0cp3bGVlg,Dumb Germany,"👇 Spiele Zoomys NEUES SPIEL 👇

🦆 Folge der coolsten Ente auf YouTube! 💛
Epische Minecraft-Abenteuer, Chaos und endloser Spaß.

🎬 Jeden Tag NEUE Videos!

📩 Business: media@protagames.com


🐔❌ Sei kein Angsthase, tritt der Duck Squad bei! 👇
",2025-03-25T20:35:42.243923Z,86600,63579956,909
UCndmoluIWqDpPLV70xMdoZg,Gigi II,"Codice creatore: GIGIYT 
#epicpartner 
In elenco AGCOM
",2012-07-11T12:57:12Z,645000,259778886,3112
UCjFP0fx6NfV29exe0bn8NdQ,Schewesa,"Selam ben Alp. Bu kanalda Valorant üzerine çekmiş olduğum içerikleri sizlere paylaşacağım. Radiant seviyesinde oynayan bir arkadaşınız olarak sizlere valorant öğretici, valorant en iyi anlar videoları çekmeyi planlıyorum, Bunlardan bazıları Valorant aim geliştirme, Valorant rank atlama taktikleri gibi şeyler olucak. Kanala abone olup beni destekleyebilirsiniz.

İletişim ve Sponsorluk için:
schewesa@outlook.com
",2023-05-19T17:34:34.891522Z,217000,36402378,235
UCgofVRdpV8y7LRthzAFepPg,Pluxury,"👇🏻 ССЫЛКИ 👇🏻
",2020-11-22T09:20:37.952064Z,8920,25887155,351
UCkF3OMV601tcm7agVLlurzA,Season 1 Act 1 Gold Cypher,,2026-04-09T16:06:12.953587Z,25,27405,29
UCmQalkLOuzNSXQ7l7SX3iCQ,MakeRr,"Cześć!
Kontakt: kontakt.makerr@gmail.com
",2016-09-23T18:32:52Z,96500,124011690,610
UClyPU11nm2YBr2-ylTrEplQ,JINUCRAFT,,2025-08-14T10:26:50.954382Z,723000,119668599,16
UCgSPTEKkw5LT-PvdFO6FOuQ,League of Legends RU,Добро пожаловать на официальный русскоязычный канал компьютерной игры League of Legends!,2013-03-29T09:24:17Z,330000,228504432,1761
UCwUM695Trp3dhL5z27c7qAQ,xFatherDarkx,"Father and Husband first. Gaming content creator second. 
Top up live link- 
https://www.topuplive.com/marvel-rivals?channId=yt_xfatherdarkx
12% Discount code：darkx
",2017-10-20T21:03:01Z,10500,5834672,819
UCrg1HwU8wAT82C5PBi4j-wg,에임 스튜디오,"발로란트 꿀팁, 요원과 맵을 알짜배기로 알려주는 채널입니다",2024-08-28T05:17:37.913959Z,9010,3879425,456
UCoshLrMqXNr9ML94UK50Z3A,けいきちゃんねる,"毎日フォートナイトの配信したり動画投稿をしてます！！

※動画や配信の切り抜きについては
ショート動画（60秒未満）のみOKとしてるのでよろしくお願いします！！
ーーーーーーーーーーーーーーーーーーーーーーーーーーーーーーー

けいき始動 2018 10/03

初配信 2020 10/10

チャンネル登録者1000人達成 2021 5/5

収益化達成 2021 7/2

チャンネル登録者1万人達成 2021 11/6

チャンネル登録者2万人達成  2021 2/26

チャンネル登録者3万人達成 2022 10/23

チャンネル登録者4万人達成 2023 2/9

チャンネル登録者5万人達成 2023 2/13

チャンネル登録者6万人達成  2023 4/5

チャンネル登録者7万人達成   2023 9/23

チャンネル登録者8万人達成   2023 12/4
 
チャンネル登録者9万人達成   2024  2/22

チャンネル登録者10万人達成  2024  4/4

チャンネル登録者20万人達成  2025  7/23

ーーーーーーーーーーーーーーーーーーーーーーーーーーーーーーー


Twitter↓↓
https://twitter.com/keikiww


TikTok↓↓
www.tiktok.com/@keiki_ch

陰スタグラム↓↓
https://www.instagram.com/keiki_ch/

#フォートナイト #fortnite 
",2018-09-29T14:14:12Z,248000,233907207,3112
UCwxrrK3jwoRRlSq6IXZt-RQ,Twisty,"Ik ben Thomas, leuk dat je op mijn kanaal kijkt! Ik ben de hoogste rank in Rocket League en ik maak video’s die jou zullen helpen om beter te worden in Rocket League. Abonneer als je niets wil missen ⬇️.",2021-04-19T12:04:40.038481Z,181000,98328701,811
UCqa9qZ3dUGzohy4BPGil36g,TenZ's Lives,"
",2022-05-05T00:37:50.825504Z,1220,732126,191
UCvZ3jeaJPpsBRrwQyRMMXjw,MultiNecroMan,"Sup


",2014-09-12T06:10:55Z,245000,22180624,340
UCvBvVSYlQGddCY8UG21U_9g,TenZ's Live,Kur'an-ı Kerim insanlık için bir rehberdir,2025-07-17T03:32:49.502732Z,17300,3008984,284
UCpfBDeCBYnCjA8k3bY2JDCw,BigMoGames,"25
🇵🇰
Bigmolifts@gmail.com",2023-09-25T18:53:32.655815Z,2260,13173854,629
UCwerIBamXRSFHP7oLtJamnA,leaksoflegends,https://www.patreon.com/c/leaksoflegends,2019-04-09T20:13:58Z,5,68825,21
UCrKw3itf6oZ8RUX8Dw57w1g,Emrecraft,"Merhaba Emrecraft kanalında herkes için hazırlanmış, Minecraft oyun videoları ve Türkçe Minecraft videoları izleyeceksiniz. Emrecraft ile birlikte Eğlenceli Minecraft Videoları ile beraber olacağız. Minecraft zengin ve fakir, zengin vs fakir, Minecraft vs, Kerem komiser, Tepegöz, Bebek tepegöz göreceksiniz.

Abone ol ve ailemize katıl.

İş görüşmeleri için : emrecraft0@gmail.com
#zenginfakir #Minecraft #oyun
",2022-11-06T13:21:12.288796Z,614000,115897445,1167
UCw6OjS4Ym-K5AcVPeHMGmAQ,Grotech Gaming,"I get better every video if you don't like an old one, watch a new one I promise you'll like it. I'll accept when I'm wrong and improve. After a year of scam emails I have removed my business email sponsorships will go through Youtube Officially
",2018-07-31T18:06:53Z,28400,7725289,200
UCq8mwriWSfkHO2LG8ZLP1yA,RVA Esports Moxxi33,,2024-08-02T23:17:58.850329Z,820,437294,464
UCpbzVnr6rDTsLEie91lRmnw,Grrt,"Apex History / News / Random Content, Pronounced ""Garret""

Use Code ""GRRT"" on the EA APP or https://store.ea.com/ when buying Apex coins to support the channel!

GRRT.NET
",2021-04-24T14:53:52.106417Z,252000,249083929,2464
UCsAGXEmQgStUB-6Up0K2rHA,义父快上号,"新游推荐，游戏资讯，Steam、主机、手游、网游我全都要！
",2023-07-25T03:32:35.95622Z,132000,203404375,1852
UCqQ7G13ePHxSlmesNgse_bA,gamingguidesde,"Schleimtastisches Hallo! 💚

Auf meinem Kanal werdet ihr hauptsächlich IMMER die neusten News zu Minecraft Updates bekommen. Das bedeutet wir schauen uns an, welche Updates in Anmarsch sind. Zudem werden diese News durch Tutorials, Seeds, Minecraft Projekte und allgemein durch Videos zur Java & Bedrock Edition von Minecraft ergänzt.

Geschäftliche Anfragen gerne an:
➥ gamingguides@lunyone.de

Impressum:

Angaben gemäß § 5 TMG:

Miká Car, gamingguidesde
c/o
LunyOne GmbH
Felix-Wankel-Str. 20
40764 Langenfeld
Deutschland

Kontakt (nicht für geschäftliche Anfragen/not for business inquiries): E-Mail: info@lunyone.de
Tel.: +49 221 71593450

Geschäftsführer: Lukas Ortner, Niclas Seebode

Umsatzsteuer-Identifikationsnummer gemäß § 27 a Umsatzsteuergesetz: DE344273796

Handelsregister: Amtsgericht Düsseldorf
Firmensitz: Langenfeld
Registergericht: Amtsgericht Düsseldorf
Registernummer: HRB 99741

Registergericht: Amtsgericht Düsseldorf
Registernummer: HRB 99741


",2014-01-18T14:52:18Z,473000,182907972,2368
UCtpIsUHYKjcMYwreZYLXhUw,Majski227,,2018-09-01T18:07:17Z,110000,39691071,794
UCpO6Jl1JPo1Mhqgv3z3NMuQ,Thordan Smash,Hello Friends! My name is Thordan Smash and on this channel I'll be covering the latest Apex Legends news videos along live streams of Apex Legends.,2020-06-09T22:36:11.980411Z,221000,79133572,2094
UCsMDJgIExN_-MFn6upIHt0A,Yorick,"Moi c’est Yorick, et ici je me lance des challenges et des défis sur Terraria, Minecraft et d’autres jeux d’aventure/survie.

Mon but : créer des vidéos fun, galérer sur des objectifs compliqués, tenter des défis absurdes, mais aussi ramener et mettre en avant la communauté Terraria française. Je veux montrer qu’il y a une vraie commu autour de ce jeu, avec du potentiel, des idées et des aventures incroyables à partager.

Mon rêve, c’est de vivre de YouTube un jour, en partageant des jeux que j’aime vraiment.

Si tu aimes Minecraft, Terraria, les challenges et les aventures imprévisibles, t’es au bon endroit.
",2023-01-05T18:04:22.723413Z,277,134507,12
UCrGWWj1kWCKncMEYKAqu2cA,Diza,"Use o code DIZA na loja do Fortnite 💜

Bem Vindos ao Canal do Diza!

Aqui você encontra Novidades, Teorias, Concepts e dicas de Fortnite!

⚠️ Gostaríamos de informar que as miniaturas, imagens de teorias e conceitos utilizadas no nosso canal são meramente ilustrativas.
",2022-08-31T05:29:27.022963Z,542000,23381330,598
UCryj5stGf6fqoawRCM8ho1g,Straka,,2010-08-26T21:46:36Z,135000,35596912,1603
UCqP1LfxlBxdXqypQjhxgs2A,Lui,"Use código ""OLUI"" na loja da Epic Games pra me apoiar ♥ #ad
Site Oficial ➡ https://olui.com.br

Twitch: https://twitch.tv/olui
Twitter: https://twitter.com/oluittv
Instagram: https://instagram.com/oluittv

",2011-09-05T13:15:30Z,471000,181985823,1786
UCrh24N5HpJ_MXpIfcI7znlQ,League of Legends Türkiye,"Dünyanın en çok oynanan çevrimiçi PC oyunu League of Legends, tamamen Türkçe içeriği ve desteği ile seni bekliyor. Tasarım ve oynanışıyla tamamen kendine özgü 130'un üzerinde şampiyon arasından istediğini seç, takımını kur ve rekabete katıl!

League of Legends hakkında daha ayrıntılı bilgi için:

http://tr.leagueoflegends.com/",2012-06-11T10:35:05Z,441000,245268992,1870
UCp1We4MWV9_WLg_R6d47-2w,Bogur Uncut,"Good UNCUT Games/Rants from Bogur!
",2022-03-16T20:29:56.237587Z,37100,5674662,300
UCpEXWiOBUZ3GtqOq-2FCmig,Neko and Tora,"Coaching players for Marvel Rivals. Watch me live on Twitch NekoandTora. Submit your game for a review on my Discord.

",2016-09-18T00:19:29Z,8450,7169212,1579
UCtWnv62Bg8jx5p2weqWMxhQ,김버블,"세상에서 제일 게임 재미있게 하는사람

이 되고싶은 사람


메일: kimbubble0616@gmail.com
",2025-01-31T07:56:57.620097Z,6720,8051160,454
UCsstdJdPWuExpxP-Dz_VSfA,Danycopetin Cortos,"Hola soy Dany y quiero hacerte reír :D 


",2021-08-19T20:14:36.188145Z,4760000,1099504250,1060
UCvvG-GtfMgbrf0CdwPNSGnw,なげっと,APEXのショート動画を毎日投稿,2026-01-11T05:19:51.560131Z,1180,17386580,215
UCpYf6C9QsP_BRf97vLuXlIA,Vantacrow Bringer 【NIJISANJI EN】,"The Tyrant and Ace of NIJISANJI EN's 8th wave Krisis!

I love to stream Voice Acting Related Content, Gacha Games, Souls-likes, RPG's, Visual Novels, Singing, and More! 

I typically stream at 8pm PST/PDT on any given day but you might also catch me outside of those hours as well

My ultimate goal is to be a professional voice actor so thank you for supporting me!",2023-06-08T03:43:49.635489Z,303000,33745393,1115
UCraHcMPITqeIugCEgSWHgbw,Dima Cutz,"twitch ➡ @dima_wallhacks
",2025-10-02T16:08:21.443737Z,2070,20587297,382
UCua2g5rWSzaFRahbS_BoVqw,ZENOX_NODA,ombre__alexYTB aller vous abonner c un bon !!!!!,2024-05-23T21:31:20.7047Z,69,134,20
UCpaVNr8lkGvdWMvjzfjD37Q,WannaBe,"Schön das Du es auf meinen Kanal geschafft hast. 
Auf diesem Kanal findest Du wöchentlich Videos zu Fortnite Battle Royale.
Falls Du Anregungen oder Verbesserungen hast, lass es mich gerne in den Kommentaren wissen.

Lasst gerne ein Abo da!


Impressum:
WannaBe
c/o Werneburg Internet Marketing und
Publikations-Service
Philipp-Kühner-Straße 2
99817 Eisenach

Nur für geschäftliche Anfragen:
Kontaktadresse/Business Inquiries: teamwannabeyt@gmail.com


VERIFICATION-CODE: FNNHNY
",2018-08-10T10:48:16Z,1460000,694483759,2005
UCoiEl1WdRxJtFyMTiXdrZ8g,KeyStar,"Ciao, io sono Keystar, o forse mi conoscerete come “Il King Dei V-Bucks” 👑

Nel mio canale troverete un sacco di video divertenti tra cui challenge, tornei e giveaway! 🎁

Se non vuoi perderti niente di tutto questo iscriviti e attiva la campanella 🔔 

codice creatore: KEYSTARTV

#fortnite #epicgames
",2016-06-01T22:23:25Z,52100,4300195,311
UCqVCSWnuOSPm26orvNDTuWQ,TG Plays,"SUBSCRIBE FOR DAILY FORTNITE VIDEOS!
",2020-03-02T21:57:14.972922Z,9010000,3553175553,2025
UCvFyUZLdhX3glMa9BzWiiew,Kodlaq,Listen to me yap about random topics while playing games. ,2013-09-12T02:59:11Z,802,203930,96
UCwcAmErkjJ5dulfrrZjrQEw,Subroza,"LIVE ON TWITCH EVERYDAY ✉️ Business Inquires : subroza@iso-ent.com
All my other Socials: https://linktr.ee/subrozayt
",2016-02-23T07:10:02Z,255000,196647412,1683
UCtdbt7sSw5AYsT1Kf22gQRQ,Ingot MC,"Subscribe For Ingots😇
",2020-03-09T04:23:28.182876Z,1750000,35041624,64
UCuVKrQtrKu9mtpx_Tlkdfeg,XCubaLibreX,"I play a bunch of different games and try to have fun with them. I try to bring the vibes of the old school youtubers while incorporating some of the newer humor. I do this for fun and I'm all for the community so come check me out ;)

",2014-12-25T23:01:46Z,505,112912,141
UCpUS8oR-IJSP3gFYrGAWEuQ,TC Zwag,,2019-01-26T20:16:03Z,850000,517255624,2641
UCtxqM7cnJFs4gbGMGPn57CQ,durka,"КРИЕТОР, кс2, стримы, конкрусы(без свадьб)
18+
",2024-10-20T07:24:56.294739Z,14300,51084927,923
UCvoVpsuvDoQUADwMlddVUqQ,Alexander Mahan,"Welcome! I'm a famous YouTuber From California. Thanks for the 6.8 Million Views and 26,400 Subscribers.🇺🇸",2022-09-28T04:00:15.276989Z,26500,6638008,1198
UCwFw3xqn0iTLETB0CfNaLjQ,Backstreet_gamers,content creator. I do multiplayer games.I Live stream multiplayer Player Streamer↕️ at 3:00 more on twitch.,2025-10-06T17:08:13.284665Z,57,34701,30
UCtZH18enp9h8v_sW2FpNJ3A,KrazyClipz99,,2019-07-02T21:50:03Z,303,562089,685
UCrfyyS0SKv_HAeP7v9qkFYA,Kanga,"Business Enquiries - kanga@clickmgmt.com.au

Also feel free to join my discord: https://discord.gg/xwTtd5Zaf8
Member of the VALORANT Partner Program
",2015-11-29T06:59:17Z,143000,166349783,1272
UCqMmBucGLRXpOW8l4h8gSFg,VildroX,"Je fais des animations sur Minecraft.

■Mod utilisé pour les Animations :
•BlockBuster (Creator: McHorse | https://twitter.com/McHorsy )
•Optifine
•Aperture (Creator: McHorse | https://twitter.com/McHorsy )
•Decocraft2
•CustomNPC
•Metamorph (Creator: McHorse | https://twitter.com/McHorsy )

■Version Minecraft pour les mods : JAVA - 1.12.2",2014-08-19T17:16:42Z,47200,16333872,195
UCtWqyqOF392ezyubD_Bf2bw,Onffline,Superhot fan,2020-07-16T02:24:46.79313Z,236,389381,499
UCwxqkSEgpk547_Yw_p-4fHA,Atreus1609,"Хэй народ ! Я Atreus , тут я буду пытаться поднять людям настроение своими нарезками багов и угарных моментов , надеюсь тебе понравится и ты подпишешься:DDD
По личным вопросам newwas1337@gmail.com
100 Cабов - 17.08.2019.
500 Cабов - 17.06.2021.
1000 Cабов - 23.08.2021
2000 Cабов - ???
5000 Cабов -???
10000 Cабов - ???
",2014-12-23T22:56:25Z,993,171898,268
UCw__LzfZQ_aU6vRQI2MaD-g,Lootych,"twitch: https://twitch.tv/Lootych
telegram: https://t.me/Lootych
",2024-11-30T22:51:15.749043Z,13400,51883412,643
UCvj_qf2H6bbJkXJc9uHA77g,Magican 2,"Österreichischer Content Creator im Gaming Bereich.
_

Für Geschäftliche Anfragen:

magican@futurelegends.gg


Impressum:

MYI AG
Lieferadresse: MYI AG
Einschlagweg 37b
3400 Burgdorf
daniel.homann@myi.de
",2024-11-30T14:08:36.141342Z,24000,2084552,98
UCtF5kkKZCRgi2tFrQgtnhbA,Nahu,"hola soy nahu, espero te guste mi contenido c:

01/08/2025 - 500 subs
03/11/2025 - 1,000 subs
24/06/2026 - 2,000 subs❤️‍🩹",2019-11-25T22:37:05.435892Z,2030,703409,190
UCwAJ_mVWTWU0jFLHRlfLAhA,Makina,"Soy Mákina o Maki, y ayudo a gamers estancados en la vida a convertirla en el mejor videojuego, construyendo el mejor físico de su vida y una mentalidad imparable. Full W!",2011-04-06T17:13:47Z,877000,325340194,3250
UCy3GQa_goYuDvPmVxV4YcnA,AsalRushi,"My Aim is just to Entertain you with my Gaming Content



",2025-11-19T11:51:41.960311Z,115,3363,10
UCxKsh3bqvutfnG0e1PJOCTw,ImShmoopie,"YO. I'm a 26-year-old variety gamer! This channel will include anything and everything about video games!

Currently looking for game recommendations, so let me know in the comment section or community tab! I want to build a COMMUNITY with you all, and my hope is that you leave this channel wanting to come back the next day!

Please SUBSCRIBE to the channel and consider becoming a MEMBER of the channel to help my dream of being a full-time content creator come true!

All my links are listed in the channel. Follow me on my socials and make sure to join the Shmoopie's Discord!
",2013-01-15T14:01:35Z,9670,61041545,1412
UCzTf0a2K01bknx_ySCeJMWw,cptN,"Kick : cptN
-ldüğüm zaman benden güzel anılar kalsın diye açılan bir kanal.
Salaam kanal sahıbısı geldi kardeşim adım Özkan mekanın sahibiyim her ne kadar youtube aleminde olsak da tabldot tadı verdi kusura bakmayın ama bende mundar yiyemiyorum artık bu aleme güzel videolar lazım ögdçnmdghmn . Neyse bu kanalda her bok var yani şaşırmayın.

for sponsorship : cavusozkan0@gmail.com
yoook mu düzenli videooo

Bilgisayarımın Özellikleri :
Ekran Kartı: RTX Phoenix 3070 
İşlemci : AMD Ryzen 7 5800X3D 8-Core Processor    3.40 GHz
Yüklü Bellek(RAM): 16GB   
 Depolama : 240 GB m2 SSD",2018-07-28T22:02:40Z,109000,40244699,812
UCz2L5j6RAa47s22OPQoBRIw,仁希 ななぎ【uber】顔出しVtuber,"どーも、皆さんこんにちはななぎでございます🌟
『みんなで自由に遊んで楽しめる場所』の提供をお約束します🐝

自由を好む完全快楽主義者🌟仁希ななぎ

楽しさ重視の脳筋エンジョイ勢(*´꒳`*)
楽しんでやりますので頑張って見てくださいっ。

*Twitter → @nikinanagi_VT
*LIVE → #仁希生
*MOVIE → #仁希抜
*FA → #仁希ゑ日記
*FN → niki∞Crew
*FM →🍯❄️

- * - * - * - * - * - * - * - * - * - * - * - * -

-ambassador-
XENOVA -家具•PCメーカー
https://xenova.shop/discount/niki8
クーポン適用URL ¥1,000 offでお買い求めいただけます。

EVOTOP -Nintendo Switch対応の高機能コントローラー
https://evotop.com

ALLONEオリジナルブランド【ALG】-ゲームアクセサリーメーカー
https://140-041.co.jp/alg

- * - * - * - * - * - * - * - * - * - * - * - * -

- Team -
Gaming team 『onliest』owner / streamer
X→ @onliest_info

- Clan -
cs R6S 『uber』clan master

- * - * - * - * - * - * - * - * - * - * - * - * -

メンバーシップとおねだりリストもあるので、よかったら見てみてね🌟
Member ship【crew】→ https://is.gd/KLGq9p
Amazon 仁希への補給物資 → http://is.gd/2MWTAA

ご気軽にチャンネル登録&Xフォローお待ちしております❤️

インディーズゲームを紹介するXも運営しています
niki.ｲﾝﾃﾞｨｰｹﾞｰﾑ紹介 @indiegame_niki
案件やご相談はこちらまで✉
nikinanagi@gmail.com

- * - * - * - * - * - * - * - * - * - * - * - * - 


""18 7.16
",2018-03-12T01:02:12Z,3910,1946710,5548
UCzCHnsHrdWGcBdmIJhhPSDw,Victoria Ramirez,,2026-06-23T09:13:25.062226Z,1,0,4
UCyONhUpYpRaiEcDDnmjA5Yw,SirBridges,"“To obtain, something of equal value must be lost”
Business Inquiries - sirbridgescomm@gmail.com
",2023-11-29T16:04:44.268189Z,6400,491522,70
UCx5bPrl5M8kEhArg1P6q3aQ,AdrigamesG,"Streamer con pasión por los videojuegos y muchas ganas de construir una comunidad sana, divertida y unida. Aquí no solo se juega, se comparte. Si te gustan las buenas vibras y pasarlo bien en equipo, ¡este es tu lugar! ¿Te unes al team?",2022-07-27T22:18:04.481287Z,2160,1459634,721
UCymj-0q6248l7-js9EDxiiA,Puchakii,"I’m a casual high school student who loves playing video games and editing videos just for fun. On this channel, you’ll find all sorts of gameplay, tips, tricks, and edits of my favorite games. Whether it’s intense moments or hilarious fails, there’s always something exciting to watch!

🔔 Hit that subscribe button and join for regular content, from epic plays to fun edits. Don’t forget to like, comment, and share if you enjoy the videos!

👉 Lets climb up the ranks!


500 SUBS ✅
1000 SUBS ??",2024-06-04T19:04:26.313764Z,546,3141565,414
UCyiVR4Ou-VmNQ3JNvGKrseQ,dejuna | Marvel Rivals,"Channel Focused on Marvel Rivals Skins, News, and Anything Marvel Rivals Related
subscribe https://www.youtube.com/@dejuna1?sub_confirmation=1
",2019-12-09T08:47:58.522235Z,27100,29572610,1269
UCzoxldw2m51a7Na8yS-bUiA,Dirty Baker,"Live streaming EVERY DAY @ 5:30pm EST!
",2011-08-09T21:50:24Z,2150,772353,932
UCzVgCrOcBAWYEHTtVOMPAtw,VALORANT // JAPAN,"VALORANT（ヴァロラント）公式YouTubeチャンネル。

『VALORANT』は、5対5で対戦する競技性の高いタクティカルシューターです。
基本プレイ無料、世界中のより多くのプレイヤーが楽しめるよう幅広いスペックのPCに対応しています。

高い精度が要求される銃撃戦と、「エージェント」（キャラクター）固有の特殊能力を組み合わせた、
本格派の銃撃戦が特徴でプレイヤーの戦略的選択や柔軟なアイデア、そして一瞬のひらめきから生まれるチャンスがチームを勝利に導きます。

VALORANTに関する最新情報、エージェント公式設定やダウンロード、インストール等は以下から

ダウンロード、インストール：
https://playvalorant.com/ja-jp/download/

エージェントの公式設定について：
https://playvalorant.com/ja-jp/agents/
​
公式サイト：
https://playvalorant.com/ja-jp/

公式Twitterアカウント：
https://twitter.com/VALORANTjp

",2020-01-31T05:10:40.088016Z,479000,355498167,2402
